asv_id	sample	nreads
bb35c3f378e0b676e40a473e70216f9c	EDNA46	441837
bb35c3f378e0b676e40a473e70216f9c	EDNA1	89134
bb35c3f378e0b676e40a473e70216f9c	EDNA60	157313
bb35c3f378e0b676e40a473e70216f9c	EDNA47	423347
bb35c3f378e0b676e40a473e70216f9c	EDNA2	29707
bb35c3f378e0b676e40a473e70216f9c	EDNA61	60469
bb35c3f378e0b676e40a473e70216f9c	EDNA48	557983
bb35c3f378e0b676e40a473e70216f9c	EDNA3	78169
bb35c3f378e0b676e40a473e70216f9c	EDNA62	38584
bb35c3f378e0b676e40a473e70216f9c	EDNA4	8
bb35c3f378e0b676e40a473e70216f9c	EDNA49	37
bb35c3f378e0b676e40a473e70216f9c	EDNA63	36970
bb35c3f378e0b676e40a473e70216f9c	EDNA5	26
bb35c3f378e0b676e40a473e70216f9c	EDNA6	224
bb35c3f378e0b676e40a473e70216f9c	EDNA64	3
bb35c3f378e0b676e40a473e70216f9c	EDNA7	204109
bb35c3f378e0b676e40a473e70216f9c	EDNA65	5
bb35c3f378e0b676e40a473e70216f9c	EDNA8	297138
bb35c3f378e0b676e40a473e70216f9c	EDNA66	2
bb35c3f378e0b676e40a473e70216f9c	EDNA9	206249
bb35c3f378e0b676e40a473e70216f9c	EDNA80	212745
bb35c3f378e0b676e40a473e70216f9c	EDNA67	9
bb35c3f378e0b676e40a473e70216f9c	EDNA81	260431
bb35c3f378e0b676e40a473e70216f9c	EDNA68	10
bb35c3f378e0b676e40a473e70216f9c	EDNA82	61066
bb35c3f378e0b676e40a473e70216f9c	EDNA69	3
bb35c3f378e0b676e40a473e70216f9c	EDNA83	36234
bb35c3f378e0b676e40a473e70216f9c	EDNA84	60890
bb35c3f378e0b676e40a473e70216f9c	EDNA85	380570
bb35c3f378e0b676e40a473e70216f9c	EDNA86	514103
bb35c3f378e0b676e40a473e70216f9c	EDNA87	422801
bb35c3f378e0b676e40a473e70216f9c	EDNA88	349
bb35c3f378e0b676e40a473e70216f9c	MB10	385841
bb35c3f378e0b676e40a473e70216f9c	EDNA89	112
bb35c3f378e0b676e40a473e70216f9c	MB11	596491
bb35c3f378e0b676e40a473e70216f9c	MB12	454273
bb35c3f378e0b676e40a473e70216f9c	MB13	612314
bb35c3f378e0b676e40a473e70216f9c	MB14	382911
bb35c3f378e0b676e40a473e70216f9c	MB15	646608
bb35c3f378e0b676e40a473e70216f9c	MB1	327011
bb35c3f378e0b676e40a473e70216f9c	MB16	681533
bb35c3f378e0b676e40a473e70216f9c	MB2	380366
bb35c3f378e0b676e40a473e70216f9c	MB17	91
bb35c3f378e0b676e40a473e70216f9c	MB3	243751
bb35c3f378e0b676e40a473e70216f9c	MB18	2254
bb35c3f378e0b676e40a473e70216f9c	MB4	585976
bb35c3f378e0b676e40a473e70216f9c	MB19	586481
bb35c3f378e0b676e40a473e70216f9c	MB5	243831
bb35c3f378e0b676e40a473e70216f9c	MB6	502170
bb35c3f378e0b676e40a473e70216f9c	MB7	394752
bb35c3f378e0b676e40a473e70216f9c	MB8	436980
bb35c3f378e0b676e40a473e70216f9c	EDNA100	15
bb35c3f378e0b676e40a473e70216f9c	MB9	582055
bb35c3f378e0b676e40a473e70216f9c	EDNA101	37
bb35c3f378e0b676e40a473e70216f9c	EDNA102	24
bb35c3f378e0b676e40a473e70216f9c	CTRL1	62
bb35c3f378e0b676e40a473e70216f9c	CTRL2	132
bb35c3f378e0b676e40a473e70216f9c	EDNA10	163660
bb35c3f378e0b676e40a473e70216f9c	CTRL3	5
bb35c3f378e0b676e40a473e70216f9c	EDNA11	198457
bb35c3f378e0b676e40a473e70216f9c	EDNA12	320544
bb35c3f378e0b676e40a473e70216f9c	EDNA13	236828
bb35c3f378e0b676e40a473e70216f9c	EDNA14	159386
bb35c3f378e0b676e40a473e70216f9c	EDNA15	209994
bb35c3f378e0b676e40a473e70216f9c	EDNA16	141265
bb35c3f378e0b676e40a473e70216f9c	EDNA17	77501
bb35c3f378e0b676e40a473e70216f9c	EDNA30	36
bb35c3f378e0b676e40a473e70216f9c	EDNA18	184015
bb35c3f378e0b676e40a473e70216f9c	EDNA31	363297
bb35c3f378e0b676e40a473e70216f9c	EDNA19	23
bb35c3f378e0b676e40a473e70216f9c	EDNA32	62788
bb35c3f378e0b676e40a473e70216f9c	EDNA33	250980
bb35c3f378e0b676e40a473e70216f9c	EDNA34	185524
bb35c3f378e0b676e40a473e70216f9c	EDNA35	233026
bb35c3f378e0b676e40a473e70216f9c	EDNA36	165159
bb35c3f378e0b676e40a473e70216f9c	EDNA50	29
bb35c3f378e0b676e40a473e70216f9c	EDNA37	73
bb35c3f378e0b676e40a473e70216f9c	EDNA51	45
bb35c3f378e0b676e40a473e70216f9c	EDNA38	35
bb35c3f378e0b676e40a473e70216f9c	EDNA52	215511
bb35c3f378e0b676e40a473e70216f9c	EDNA39	55
bb35c3f378e0b676e40a473e70216f9c	EDNA53	147525
bb35c3f378e0b676e40a473e70216f9c	EDNA54	104070
bb35c3f378e0b676e40a473e70216f9c	EDNA55	86329
bb35c3f378e0b676e40a473e70216f9c	EDNA56	66896
bb35c3f378e0b676e40a473e70216f9c	EDNA70	99
bb35c3f378e0b676e40a473e70216f9c	EDNA57	105718
bb35c3f378e0b676e40a473e70216f9c	EDNA71	9784
bb35c3f378e0b676e40a473e70216f9c	EDNA58	265857
bb35c3f378e0b676e40a473e70216f9c	EDNA72	17
bb35c3f378e0b676e40a473e70216f9c	EDNA59	114716
bb35c3f378e0b676e40a473e70216f9c	EDNA73	6514
bb35c3f378e0b676e40a473e70216f9c	EDNA74	106035
bb35c3f378e0b676e40a473e70216f9c	EDNA75	6195
bb35c3f378e0b676e40a473e70216f9c	EDNA76	5
bb35c3f378e0b676e40a473e70216f9c	EDNA90	928
bb35c3f378e0b676e40a473e70216f9c	EDNA77	17
bb35c3f378e0b676e40a473e70216f9c	EDNA91	289042
bb35c3f378e0b676e40a473e70216f9c	EDNA78	9
bb35c3f378e0b676e40a473e70216f9c	EDNA92	204077
bb35c3f378e0b676e40a473e70216f9c	EDNA79	112690
bb35c3f378e0b676e40a473e70216f9c	EDNA93	180677
bb35c3f378e0b676e40a473e70216f9c	EDNA94	253738
bb35c3f378e0b676e40a473e70216f9c	EDNA95	215021
bb35c3f378e0b676e40a473e70216f9c	EDNA96	141671
bb35c3f378e0b676e40a473e70216f9c	EDNA97	74738
bb35c3f378e0b676e40a473e70216f9c	EDNA98	103595
bb35c3f378e0b676e40a473e70216f9c	MB20	540084
bb35c3f378e0b676e40a473e70216f9c	EDNA99	188522
bb35c3f378e0b676e40a473e70216f9c	MB21	505793
bb35c3f378e0b676e40a473e70216f9c	MB22	355681
bb35c3f378e0b676e40a473e70216f9c	MB23	477119
bb35c3f378e0b676e40a473e70216f9c	MB24	418662
bb35c3f378e0b676e40a473e70216f9c	MB25	451072
bb35c3f378e0b676e40a473e70216f9c	EDNA20	19
bb35c3f378e0b676e40a473e70216f9c	EDNA21	53
bb35c3f378e0b676e40a473e70216f9c	EDNA22	284339
bb35c3f378e0b676e40a473e70216f9c	EDNA23	72592
bb35c3f378e0b676e40a473e70216f9c	EDNA24	178536
bb35c3f378e0b676e40a473e70216f9c	EDNA25	199834
bb35c3f378e0b676e40a473e70216f9c	EDNA26	171506
bb35c3f378e0b676e40a473e70216f9c	EDNA40	94625
bb35c3f378e0b676e40a473e70216f9c	EDNA27	334456
bb35c3f378e0b676e40a473e70216f9c	EDNA41	228666
bb35c3f378e0b676e40a473e70216f9c	EDNA28	19
bb35c3f378e0b676e40a473e70216f9c	EDNA42	216890
bb35c3f378e0b676e40a473e70216f9c	EDNA29	7544
bb35c3f378e0b676e40a473e70216f9c	EDNA43	179486
bb35c3f378e0b676e40a473e70216f9c	EDNA44	204657
bb35c3f378e0b676e40a473e70216f9c	EDNA45	327173
0f2ddd2f167b65803b7712e07eb7517a	EDNA46	31577
0f2ddd2f167b65803b7712e07eb7517a	EDNA1	286935
0f2ddd2f167b65803b7712e07eb7517a	EDNA60	39616
0f2ddd2f167b65803b7712e07eb7517a	EDNA47	76957
0f2ddd2f167b65803b7712e07eb7517a	EDNA2	100089
0f2ddd2f167b65803b7712e07eb7517a	EDNA61	71704
0f2ddd2f167b65803b7712e07eb7517a	EDNA48	26998
0f2ddd2f167b65803b7712e07eb7517a	EDNA3	302081
0f2ddd2f167b65803b7712e07eb7517a	EDNA62	53369
0f2ddd2f167b65803b7712e07eb7517a	EDNA49	4
0f2ddd2f167b65803b7712e07eb7517a	EDNA63	70494
0f2ddd2f167b65803b7712e07eb7517a	EDNA7	370068
0f2ddd2f167b65803b7712e07eb7517a	EDNA65	3
0f2ddd2f167b65803b7712e07eb7517a	EDNA8	213238
0f2ddd2f167b65803b7712e07eb7517a	EDNA66	3
0f2ddd2f167b65803b7712e07eb7517a	EDNA9	182348
0f2ddd2f167b65803b7712e07eb7517a	EDNA80	200
0f2ddd2f167b65803b7712e07eb7517a	EDNA67	6
0f2ddd2f167b65803b7712e07eb7517a	EDNA81	351
0f2ddd2f167b65803b7712e07eb7517a	EDNA68	51
0f2ddd2f167b65803b7712e07eb7517a	EDNA82	134
0f2ddd2f167b65803b7712e07eb7517a	EDNA69	3
0f2ddd2f167b65803b7712e07eb7517a	EDNA83	93
0f2ddd2f167b65803b7712e07eb7517a	EDNA84	40
0f2ddd2f167b65803b7712e07eb7517a	EDNA85	1523
0f2ddd2f167b65803b7712e07eb7517a	EDNA86	1069
0f2ddd2f167b65803b7712e07eb7517a	EDNA87	704
0f2ddd2f167b65803b7712e07eb7517a	EDNA88	14
0f2ddd2f167b65803b7712e07eb7517a	MB10	3
0f2ddd2f167b65803b7712e07eb7517a	EDNA89	7
0f2ddd2f167b65803b7712e07eb7517a	MB11	300
0f2ddd2f167b65803b7712e07eb7517a	MB12	6
0f2ddd2f167b65803b7712e07eb7517a	MB13	117
0f2ddd2f167b65803b7712e07eb7517a	MB14	5
0f2ddd2f167b65803b7712e07eb7517a	MB15	40
0f2ddd2f167b65803b7712e07eb7517a	MB1	402
0f2ddd2f167b65803b7712e07eb7517a	MB16	24
0f2ddd2f167b65803b7712e07eb7517a	MB2	7257
0f2ddd2f167b65803b7712e07eb7517a	MB4	667
0f2ddd2f167b65803b7712e07eb7517a	MB5	743
0f2ddd2f167b65803b7712e07eb7517a	MB6	766
0f2ddd2f167b65803b7712e07eb7517a	MB7	81
0f2ddd2f167b65803b7712e07eb7517a	MB8	30
0f2ddd2f167b65803b7712e07eb7517a	EDNA100	7
0f2ddd2f167b65803b7712e07eb7517a	MB9	92
0f2ddd2f167b65803b7712e07eb7517a	EDNA101	13
0f2ddd2f167b65803b7712e07eb7517a	EDNA102	14
0f2ddd2f167b65803b7712e07eb7517a	CTRL1	5
0f2ddd2f167b65803b7712e07eb7517a	CTRL2	472
0f2ddd2f167b65803b7712e07eb7517a	EDNA10	262620
0f2ddd2f167b65803b7712e07eb7517a	EDNA11	377334
0f2ddd2f167b65803b7712e07eb7517a	EDNA12	219689
0f2ddd2f167b65803b7712e07eb7517a	EDNA13	201853
0f2ddd2f167b65803b7712e07eb7517a	EDNA14	230969
0f2ddd2f167b65803b7712e07eb7517a	EDNA15	246426
0f2ddd2f167b65803b7712e07eb7517a	EDNA16	200856
0f2ddd2f167b65803b7712e07eb7517a	EDNA17	398429
0f2ddd2f167b65803b7712e07eb7517a	EDNA30	10
0f2ddd2f167b65803b7712e07eb7517a	EDNA18	293555
0f2ddd2f167b65803b7712e07eb7517a	EDNA31	169924
0f2ddd2f167b65803b7712e07eb7517a	EDNA19	25
0f2ddd2f167b65803b7712e07eb7517a	EDNA32	325294
0f2ddd2f167b65803b7712e07eb7517a	EDNA33	88071
0f2ddd2f167b65803b7712e07eb7517a	EDNA34	93382
0f2ddd2f167b65803b7712e07eb7517a	EDNA35	166847
0f2ddd2f167b65803b7712e07eb7517a	EDNA36	87340
0f2ddd2f167b65803b7712e07eb7517a	EDNA50	2
0f2ddd2f167b65803b7712e07eb7517a	EDNA37	24
0f2ddd2f167b65803b7712e07eb7517a	EDNA51	12
0f2ddd2f167b65803b7712e07eb7517a	EDNA38	22
0f2ddd2f167b65803b7712e07eb7517a	EDNA52	29430
0f2ddd2f167b65803b7712e07eb7517a	EDNA39	5
0f2ddd2f167b65803b7712e07eb7517a	EDNA53	52603
0f2ddd2f167b65803b7712e07eb7517a	EDNA54	55033
0f2ddd2f167b65803b7712e07eb7517a	EDNA55	123413
0f2ddd2f167b65803b7712e07eb7517a	EDNA56	68706
0f2ddd2f167b65803b7712e07eb7517a	EDNA70	6
0f2ddd2f167b65803b7712e07eb7517a	EDNA57	56558
0f2ddd2f167b65803b7712e07eb7517a	EDNA71	6
0f2ddd2f167b65803b7712e07eb7517a	EDNA58	128030
0f2ddd2f167b65803b7712e07eb7517a	EDNA72	6
0f2ddd2f167b65803b7712e07eb7517a	EDNA59	38145
0f2ddd2f167b65803b7712e07eb7517a	EDNA73	599
0f2ddd2f167b65803b7712e07eb7517a	EDNA74	139
0f2ddd2f167b65803b7712e07eb7517a	EDNA75	439
0f2ddd2f167b65803b7712e07eb7517a	EDNA76	1
0f2ddd2f167b65803b7712e07eb7517a	EDNA90	8
0f2ddd2f167b65803b7712e07eb7517a	EDNA77	2
0f2ddd2f167b65803b7712e07eb7517a	EDNA91	27953
0f2ddd2f167b65803b7712e07eb7517a	EDNA92	45508
0f2ddd2f167b65803b7712e07eb7517a	EDNA79	758
0f2ddd2f167b65803b7712e07eb7517a	EDNA93	40565
0f2ddd2f167b65803b7712e07eb7517a	EDNA94	69592
0f2ddd2f167b65803b7712e07eb7517a	EDNA95	48407
0f2ddd2f167b65803b7712e07eb7517a	EDNA96	69911
0f2ddd2f167b65803b7712e07eb7517a	EDNA97	117607
0f2ddd2f167b65803b7712e07eb7517a	EDNA98	90424
0f2ddd2f167b65803b7712e07eb7517a	EDNA99	59452
0f2ddd2f167b65803b7712e07eb7517a	MB23	6
0f2ddd2f167b65803b7712e07eb7517a	MB24	6
0f2ddd2f167b65803b7712e07eb7517a	MB25	269
0f2ddd2f167b65803b7712e07eb7517a	EDNA20	21
0f2ddd2f167b65803b7712e07eb7517a	EDNA21	25
0f2ddd2f167b65803b7712e07eb7517a	EDNA22	88410
0f2ddd2f167b65803b7712e07eb7517a	EDNA23	216319
0f2ddd2f167b65803b7712e07eb7517a	EDNA24	90777
0f2ddd2f167b65803b7712e07eb7517a	EDNA25	130280
0f2ddd2f167b65803b7712e07eb7517a	EDNA26	198009
0f2ddd2f167b65803b7712e07eb7517a	EDNA40	25991
0f2ddd2f167b65803b7712e07eb7517a	EDNA27	77093
0f2ddd2f167b65803b7712e07eb7517a	EDNA41	42309
0f2ddd2f167b65803b7712e07eb7517a	EDNA28	12
0f2ddd2f167b65803b7712e07eb7517a	EDNA42	24217
0f2ddd2f167b65803b7712e07eb7517a	EDNA29	74
0f2ddd2f167b65803b7712e07eb7517a	EDNA43	18061
0f2ddd2f167b65803b7712e07eb7517a	EDNA44	53818
0f2ddd2f167b65803b7712e07eb7517a	EDNA45	10833
8bcb02b4a7c8f77f76efd3e2fee2dd51	EDNA46	24840
8bcb02b4a7c8f77f76efd3e2fee2dd51	EDNA1	7235
8bcb02b4a7c8f77f76efd3e2fee2dd51	EDNA60	118301
8bcb02b4a7c8f77f76efd3e2fee2dd51	EDNA47	20143
8bcb02b4a7c8f77f76efd3e2fee2dd51	EDNA2	5635
8bcb02b4a7c8f77f76efd3e2fee2dd51	EDNA61	168610
8bcb02b4a7c8f77f76efd3e2fee2dd51	EDNA48	18843
8bcb02b4a7c8f77f76efd3e2fee2dd51	EDNA3	6999
8bcb02b4a7c8f77f76efd3e2fee2dd51	EDNA62	128230
8bcb02b4a7c8f77f76efd3e2fee2dd51	EDNA49	7
8bcb02b4a7c8f77f76efd3e2fee2dd51	EDNA63	178679
8bcb02b4a7c8f77f76efd3e2fee2dd51	EDNA64	17
8bcb02b4a7c8f77f76efd3e2fee2dd51	EDNA7	4727
8bcb02b4a7c8f77f76efd3e2fee2dd51	EDNA65	22
8bcb02b4a7c8f77f76efd3e2fee2dd51	EDNA8	5640
8bcb02b4a7c8f77f76efd3e2fee2dd51	EDNA66	7
8bcb02b4a7c8f77f76efd3e2fee2dd51	EDNA9	4575
8bcb02b4a7c8f77f76efd3e2fee2dd51	EDNA80	48099
8bcb02b4a7c8f77f76efd3e2fee2dd51	EDNA67	107233
8bcb02b4a7c8f77f76efd3e2fee2dd51	EDNA81	55687
8bcb02b4a7c8f77f76efd3e2fee2dd51	EDNA68	89440
8bcb02b4a7c8f77f76efd3e2fee2dd51	EDNA82	98545
8bcb02b4a7c8f77f76efd3e2fee2dd51	EDNA69	83863
8bcb02b4a7c8f77f76efd3e2fee2dd51	EDNA83	95926
8bcb02b4a7c8f77f76efd3e2fee2dd51	EDNA84	91948
8bcb02b4a7c8f77f76efd3e2fee2dd51	EDNA85	35201
8bcb02b4a7c8f77f76efd3e2fee2dd51	EDNA86	21454
8bcb02b4a7c8f77f76efd3e2fee2dd51	EDNA87	13166
8bcb02b4a7c8f77f76efd3e2fee2dd51	EDNA88	19
8bcb02b4a7c8f77f76efd3e2fee2dd51	MB10	1
8bcb02b4a7c8f77f76efd3e2fee2dd51	EDNA89	19
8bcb02b4a7c8f77f76efd3e2fee2dd51	MB11	330
8bcb02b4a7c8f77f76efd3e2fee2dd51	MB12	10
8bcb02b4a7c8f77f76efd3e2fee2dd51	MB15	6
8bcb02b4a7c8f77f76efd3e2fee2dd51	MB16	5
8bcb02b4a7c8f77f76efd3e2fee2dd51	MB2	17
8bcb02b4a7c8f77f76efd3e2fee2dd51	MB17	23
8bcb02b4a7c8f77f76efd3e2fee2dd51	MB3	1
8bcb02b4a7c8f77f76efd3e2fee2dd51	MB18	34
8bcb02b4a7c8f77f76efd3e2fee2dd51	MB4	5
8bcb02b4a7c8f77f76efd3e2fee2dd51	MB19	18
8bcb02b4a7c8f77f76efd3e2fee2dd51	MB6	1
8bcb02b4a7c8f77f76efd3e2fee2dd51	EDNA100	22
8bcb02b4a7c8f77f76efd3e2fee2dd51	EDNA101	12
8bcb02b4a7c8f77f76efd3e2fee2dd51	EDNA102	17
8bcb02b4a7c8f77f76efd3e2fee2dd51	CTRL2	10
8bcb02b4a7c8f77f76efd3e2fee2dd51	EDNA10	1981
8bcb02b4a7c8f77f76efd3e2fee2dd51	EDNA11	2993
8bcb02b4a7c8f77f76efd3e2fee2dd51	EDNA12	1651
8bcb02b4a7c8f77f76efd3e2fee2dd51	EDNA13	8321
8bcb02b4a7c8f77f76efd3e2fee2dd51	EDNA14	11189
8bcb02b4a7c8f77f76efd3e2fee2dd51	EDNA15	4471
8bcb02b4a7c8f77f76efd3e2fee2dd51	EDNA16	7730
8bcb02b4a7c8f77f76efd3e2fee2dd51	EDNA17	7073
8bcb02b4a7c8f77f76efd3e2fee2dd51	EDNA30	2
8bcb02b4a7c8f77f76efd3e2fee2dd51	EDNA18	12380
8bcb02b4a7c8f77f76efd3e2fee2dd51	EDNA31	45933
8bcb02b4a7c8f77f76efd3e2fee2dd51	EDNA19	4
8bcb02b4a7c8f77f76efd3e2fee2dd51	EDNA32	19515
8bcb02b4a7c8f77f76efd3e2fee2dd51	EDNA33	22008
8bcb02b4a7c8f77f76efd3e2fee2dd51	EDNA34	19200
8bcb02b4a7c8f77f76efd3e2fee2dd51	EDNA35	15563
8bcb02b4a7c8f77f76efd3e2fee2dd51	EDNA36	23341
8bcb02b4a7c8f77f76efd3e2fee2dd51	EDNA50	6
8bcb02b4a7c8f77f76efd3e2fee2dd51	EDNA37	12
8bcb02b4a7c8f77f76efd3e2fee2dd51	EDNA51	9
8bcb02b4a7c8f77f76efd3e2fee2dd51	EDNA38	8
8bcb02b4a7c8f77f76efd3e2fee2dd51	EDNA52	148440
8bcb02b4a7c8f77f76efd3e2fee2dd51	EDNA39	22
8bcb02b4a7c8f77f76efd3e2fee2dd51	EDNA53	105994
8bcb02b4a7c8f77f76efd3e2fee2dd51	EDNA54	123929
8bcb02b4a7c8f77f76efd3e2fee2dd51	EDNA55	133523
8bcb02b4a7c8f77f76efd3e2fee2dd51	EDNA56	124811
8bcb02b4a7c8f77f76efd3e2fee2dd51	EDNA70	36560
8bcb02b4a7c8f77f76efd3e2fee2dd51	EDNA57	168011
8bcb02b4a7c8f77f76efd3e2fee2dd51	EDNA71	97277
8bcb02b4a7c8f77f76efd3e2fee2dd51	EDNA58	131285
8bcb02b4a7c8f77f76efd3e2fee2dd51	EDNA72	233
8bcb02b4a7c8f77f76efd3e2fee2dd51	EDNA59	133361
8bcb02b4a7c8f77f76efd3e2fee2dd51	EDNA73	138641
8bcb02b4a7c8f77f76efd3e2fee2dd51	EDNA74	139652
8bcb02b4a7c8f77f76efd3e2fee2dd51	EDNA75	165969
8bcb02b4a7c8f77f76efd3e2fee2dd51	EDNA76	12
8bcb02b4a7c8f77f76efd3e2fee2dd51	EDNA90	16
8bcb02b4a7c8f77f76efd3e2fee2dd51	EDNA77	11
8bcb02b4a7c8f77f76efd3e2fee2dd51	EDNA91	137283
8bcb02b4a7c8f77f76efd3e2fee2dd51	EDNA78	15
8bcb02b4a7c8f77f76efd3e2fee2dd51	EDNA92	183866
8bcb02b4a7c8f77f76efd3e2fee2dd51	EDNA79	35074
8bcb02b4a7c8f77f76efd3e2fee2dd51	EDNA93	144348
8bcb02b4a7c8f77f76efd3e2fee2dd51	EDNA94	115410
8bcb02b4a7c8f77f76efd3e2fee2dd51	EDNA95	126210
8bcb02b4a7c8f77f76efd3e2fee2dd51	EDNA96	166337
8bcb02b4a7c8f77f76efd3e2fee2dd51	EDNA97	198104
8bcb02b4a7c8f77f76efd3e2fee2dd51	EDNA98	197103
8bcb02b4a7c8f77f76efd3e2fee2dd51	MB20	5
8bcb02b4a7c8f77f76efd3e2fee2dd51	EDNA99	119276
8bcb02b4a7c8f77f76efd3e2fee2dd51	MB21	10
8bcb02b4a7c8f77f76efd3e2fee2dd51	MB24	2
8bcb02b4a7c8f77f76efd3e2fee2dd51	MB25	38
8bcb02b4a7c8f77f76efd3e2fee2dd51	EDNA20	6
8bcb02b4a7c8f77f76efd3e2fee2dd51	EDNA21	6
8bcb02b4a7c8f77f76efd3e2fee2dd51	EDNA22	336
8bcb02b4a7c8f77f76efd3e2fee2dd51	EDNA23	377
8bcb02b4a7c8f77f76efd3e2fee2dd51	EDNA24	679
8bcb02b4a7c8f77f76efd3e2fee2dd51	EDNA25	374
8bcb02b4a7c8f77f76efd3e2fee2dd51	EDNA26	191
8bcb02b4a7c8f77f76efd3e2fee2dd51	EDNA27	277
8bcb02b4a7c8f77f76efd3e2fee2dd51	EDNA40	167055
8bcb02b4a7c8f77f76efd3e2fee2dd51	EDNA41	145722
8bcb02b4a7c8f77f76efd3e2fee2dd51	EDNA28	3
8bcb02b4a7c8f77f76efd3e2fee2dd51	EDNA42	188532
8bcb02b4a7c8f77f76efd3e2fee2dd51	EDNA29	1
8bcb02b4a7c8f77f76efd3e2fee2dd51	EDNA43	72494
8bcb02b4a7c8f77f76efd3e2fee2dd51	EDNA44	61965
8bcb02b4a7c8f77f76efd3e2fee2dd51	EDNA45	47268
61e819d335cfaa2da03f374621a9b56b	EDNA46	25887
61e819d335cfaa2da03f374621a9b56b	EDNA1	58308
61e819d335cfaa2da03f374621a9b56b	EDNA60	29720
61e819d335cfaa2da03f374621a9b56b	EDNA47	39567
61e819d335cfaa2da03f374621a9b56b	EDNA2	28131
61e819d335cfaa2da03f374621a9b56b	EDNA61	30213
61e819d335cfaa2da03f374621a9b56b	EDNA48	23508
61e819d335cfaa2da03f374621a9b56b	EDNA3	119852
61e819d335cfaa2da03f374621a9b56b	EDNA62	37991
61e819d335cfaa2da03f374621a9b56b	EDNA49	4
61e819d335cfaa2da03f374621a9b56b	EDNA63	58573
61e819d335cfaa2da03f374621a9b56b	EDNA64	2
61e819d335cfaa2da03f374621a9b56b	EDNA7	54383
61e819d335cfaa2da03f374621a9b56b	EDNA8	53532
61e819d335cfaa2da03f374621a9b56b	EDNA9	85253
61e819d335cfaa2da03f374621a9b56b	EDNA80	2086
61e819d335cfaa2da03f374621a9b56b	EDNA67	2
61e819d335cfaa2da03f374621a9b56b	EDNA81	2734
61e819d335cfaa2da03f374621a9b56b	EDNA68	4
61e819d335cfaa2da03f374621a9b56b	EDNA82	377
61e819d335cfaa2da03f374621a9b56b	EDNA83	391
61e819d335cfaa2da03f374621a9b56b	EDNA84	310
61e819d335cfaa2da03f374621a9b56b	EDNA85	1647
61e819d335cfaa2da03f374621a9b56b	EDNA86	1510
61e819d335cfaa2da03f374621a9b56b	EDNA87	1110
61e819d335cfaa2da03f374621a9b56b	EDNA88	5
61e819d335cfaa2da03f374621a9b56b	EDNA89	7
61e819d335cfaa2da03f374621a9b56b	MB11	273
61e819d335cfaa2da03f374621a9b56b	MB12	6
61e819d335cfaa2da03f374621a9b56b	MB13	276
61e819d335cfaa2da03f374621a9b56b	MB14	2
61e819d335cfaa2da03f374621a9b56b	MB15	28
61e819d335cfaa2da03f374621a9b56b	MB1	165
61e819d335cfaa2da03f374621a9b56b	MB16	5
61e819d335cfaa2da03f374621a9b56b	MB2	2411
61e819d335cfaa2da03f374621a9b56b	MB4	169
61e819d335cfaa2da03f374621a9b56b	MB6	164
61e819d335cfaa2da03f374621a9b56b	MB7	94
61e819d335cfaa2da03f374621a9b56b	EDNA100	2
61e819d335cfaa2da03f374621a9b56b	MB9	18
61e819d335cfaa2da03f374621a9b56b	EDNA101	2
61e819d335cfaa2da03f374621a9b56b	EDNA102	1
61e819d335cfaa2da03f374621a9b56b	CTRL1	4
61e819d335cfaa2da03f374621a9b56b	CTRL2	165
61e819d335cfaa2da03f374621a9b56b	EDNA10	44566
61e819d335cfaa2da03f374621a9b56b	EDNA11	69844
61e819d335cfaa2da03f374621a9b56b	EDNA12	27600
61e819d335cfaa2da03f374621a9b56b	EDNA13	34552
61e819d335cfaa2da03f374621a9b56b	EDNA14	44319
61e819d335cfaa2da03f374621a9b56b	EDNA15	34153
61e819d335cfaa2da03f374621a9b56b	EDNA16	48159
61e819d335cfaa2da03f374621a9b56b	EDNA17	51325
61e819d335cfaa2da03f374621a9b56b	EDNA30	14
61e819d335cfaa2da03f374621a9b56b	EDNA18	44356
61e819d335cfaa2da03f374621a9b56b	EDNA31	45795
61e819d335cfaa2da03f374621a9b56b	EDNA19	6
61e819d335cfaa2da03f374621a9b56b	EDNA32	63383
61e819d335cfaa2da03f374621a9b56b	EDNA33	26994
61e819d335cfaa2da03f374621a9b56b	EDNA34	38588
61e819d335cfaa2da03f374621a9b56b	EDNA35	36797
61e819d335cfaa2da03f374621a9b56b	EDNA36	40451
61e819d335cfaa2da03f374621a9b56b	EDNA37	4
61e819d335cfaa2da03f374621a9b56b	EDNA51	5
61e819d335cfaa2da03f374621a9b56b	EDNA38	4
61e819d335cfaa2da03f374621a9b56b	EDNA52	33118
61e819d335cfaa2da03f374621a9b56b	EDNA39	7
61e819d335cfaa2da03f374621a9b56b	EDNA53	51714
61e819d335cfaa2da03f374621a9b56b	EDNA54	42791
61e819d335cfaa2da03f374621a9b56b	EDNA55	61785
61e819d335cfaa2da03f374621a9b56b	EDNA56	56863
61e819d335cfaa2da03f374621a9b56b	EDNA70	13
61e819d335cfaa2da03f374621a9b56b	EDNA57	66751
61e819d335cfaa2da03f374621a9b56b	EDNA71	24
61e819d335cfaa2da03f374621a9b56b	EDNA58	53011
61e819d335cfaa2da03f374621a9b56b	EDNA72	1
61e819d335cfaa2da03f374621a9b56b	EDNA59	28939
61e819d335cfaa2da03f374621a9b56b	EDNA73	545
61e819d335cfaa2da03f374621a9b56b	EDNA74	938
61e819d335cfaa2da03f374621a9b56b	EDNA75	599
61e819d335cfaa2da03f374621a9b56b	EDNA91	22528
61e819d335cfaa2da03f374621a9b56b	EDNA92	32846
61e819d335cfaa2da03f374621a9b56b	EDNA79	2138
61e819d335cfaa2da03f374621a9b56b	EDNA93	39568
61e819d335cfaa2da03f374621a9b56b	EDNA94	26577
61e819d335cfaa2da03f374621a9b56b	EDNA95	25171
61e819d335cfaa2da03f374621a9b56b	EDNA96	30667
61e819d335cfaa2da03f374621a9b56b	EDNA97	17833
61e819d335cfaa2da03f374621a9b56b	EDNA98	28635
61e819d335cfaa2da03f374621a9b56b	EDNA99	15884
61e819d335cfaa2da03f374621a9b56b	MB23	6
61e819d335cfaa2da03f374621a9b56b	MB24	3
61e819d335cfaa2da03f374621a9b56b	MB25	124
61e819d335cfaa2da03f374621a9b56b	EDNA20	3
61e819d335cfaa2da03f374621a9b56b	EDNA21	13
61e819d335cfaa2da03f374621a9b56b	EDNA22	79240
61e819d335cfaa2da03f374621a9b56b	EDNA23	147172
61e819d335cfaa2da03f374621a9b56b	EDNA24	77644
61e819d335cfaa2da03f374621a9b56b	EDNA25	78517
61e819d335cfaa2da03f374621a9b56b	EDNA26	61178
61e819d335cfaa2da03f374621a9b56b	EDNA40	43600
61e819d335cfaa2da03f374621a9b56b	EDNA27	43393
61e819d335cfaa2da03f374621a9b56b	EDNA41	45638
61e819d335cfaa2da03f374621a9b56b	EDNA28	7
61e819d335cfaa2da03f374621a9b56b	EDNA42	31134
61e819d335cfaa2da03f374621a9b56b	EDNA29	295
61e819d335cfaa2da03f374621a9b56b	EDNA43	55974
61e819d335cfaa2da03f374621a9b56b	EDNA44	85900
61e819d335cfaa2da03f374621a9b56b	EDNA45	34357
6d52d522c4b3d68aab6f49271b4b27ce	EDNA46	12466
6d52d522c4b3d68aab6f49271b4b27ce	EDNA1	7631
6d52d522c4b3d68aab6f49271b4b27ce	EDNA60	21473
6d52d522c4b3d68aab6f49271b4b27ce	EDNA47	20899
6d52d522c4b3d68aab6f49271b4b27ce	EDNA2	4361
6d52d522c4b3d68aab6f49271b4b27ce	EDNA61	19148
6d52d522c4b3d68aab6f49271b4b27ce	EDNA48	11349
6d52d522c4b3d68aab6f49271b4b27ce	EDNA3	13805
6d52d522c4b3d68aab6f49271b4b27ce	EDNA62	23158
6d52d522c4b3d68aab6f49271b4b27ce	EDNA49	2
6d52d522c4b3d68aab6f49271b4b27ce	EDNA63	35817
6d52d522c4b3d68aab6f49271b4b27ce	EDNA64	3
6d52d522c4b3d68aab6f49271b4b27ce	EDNA7	5046
6d52d522c4b3d68aab6f49271b4b27ce	EDNA8	5169
6d52d522c4b3d68aab6f49271b4b27ce	EDNA66	3
6d52d522c4b3d68aab6f49271b4b27ce	EDNA9	8188
6d52d522c4b3d68aab6f49271b4b27ce	EDNA80	1414
6d52d522c4b3d68aab6f49271b4b27ce	EDNA67	25
6d52d522c4b3d68aab6f49271b4b27ce	EDNA81	1608
6d52d522c4b3d68aab6f49271b4b27ce	EDNA68	12
6d52d522c4b3d68aab6f49271b4b27ce	EDNA82	239
6d52d522c4b3d68aab6f49271b4b27ce	EDNA69	4
6d52d522c4b3d68aab6f49271b4b27ce	EDNA83	488
6d52d522c4b3d68aab6f49271b4b27ce	EDNA84	309
6d52d522c4b3d68aab6f49271b4b27ce	EDNA85	921
6d52d522c4b3d68aab6f49271b4b27ce	EDNA86	926
6d52d522c4b3d68aab6f49271b4b27ce	EDNA87	557
6d52d522c4b3d68aab6f49271b4b27ce	EDNA88	3
6d52d522c4b3d68aab6f49271b4b27ce	EDNA89	1
6d52d522c4b3d68aab6f49271b4b27ce	MB11	65
6d52d522c4b3d68aab6f49271b4b27ce	MB12	5
6d52d522c4b3d68aab6f49271b4b27ce	MB13	59
6d52d522c4b3d68aab6f49271b4b27ce	MB14	1
6d52d522c4b3d68aab6f49271b4b27ce	MB15	5
6d52d522c4b3d68aab6f49271b4b27ce	MB1	6
6d52d522c4b3d68aab6f49271b4b27ce	MB16	1
6d52d522c4b3d68aab6f49271b4b27ce	MB2	71
6d52d522c4b3d68aab6f49271b4b27ce	MB4	9
6d52d522c4b3d68aab6f49271b4b27ce	MB6	4
6d52d522c4b3d68aab6f49271b4b27ce	MB7	11
6d52d522c4b3d68aab6f49271b4b27ce	MB9	7
6d52d522c4b3d68aab6f49271b4b27ce	EDNA102	1
6d52d522c4b3d68aab6f49271b4b27ce	CTRL1	1
6d52d522c4b3d68aab6f49271b4b27ce	CTRL2	19
6d52d522c4b3d68aab6f49271b4b27ce	EDNA10	5074
6d52d522c4b3d68aab6f49271b4b27ce	EDNA11	7877
6d52d522c4b3d68aab6f49271b4b27ce	EDNA12	3027
6d52d522c4b3d68aab6f49271b4b27ce	EDNA13	3822
6d52d522c4b3d68aab6f49271b4b27ce	EDNA14	4456
6d52d522c4b3d68aab6f49271b4b27ce	EDNA15	3350
6d52d522c4b3d68aab6f49271b4b27ce	EDNA16	6278
6d52d522c4b3d68aab6f49271b4b27ce	EDNA17	7154
6d52d522c4b3d68aab6f49271b4b27ce	EDNA30	4
6d52d522c4b3d68aab6f49271b4b27ce	EDNA18	5722
6d52d522c4b3d68aab6f49271b4b27ce	EDNA31	7562
6d52d522c4b3d68aab6f49271b4b27ce	EDNA19	3
6d52d522c4b3d68aab6f49271b4b27ce	EDNA32	11685
6d52d522c4b3d68aab6f49271b4b27ce	EDNA33	4931
6d52d522c4b3d68aab6f49271b4b27ce	EDNA34	13180
6d52d522c4b3d68aab6f49271b4b27ce	EDNA35	15799
6d52d522c4b3d68aab6f49271b4b27ce	EDNA36	18563
6d52d522c4b3d68aab6f49271b4b27ce	EDNA37	3
6d52d522c4b3d68aab6f49271b4b27ce	EDNA51	1
6d52d522c4b3d68aab6f49271b4b27ce	EDNA38	1
6d52d522c4b3d68aab6f49271b4b27ce	EDNA52	20295
6d52d522c4b3d68aab6f49271b4b27ce	EDNA39	11
6d52d522c4b3d68aab6f49271b4b27ce	EDNA53	33864
6d52d522c4b3d68aab6f49271b4b27ce	EDNA54	29814
6d52d522c4b3d68aab6f49271b4b27ce	EDNA55	37846
6d52d522c4b3d68aab6f49271b4b27ce	EDNA56	36334
6d52d522c4b3d68aab6f49271b4b27ce	EDNA70	6
6d52d522c4b3d68aab6f49271b4b27ce	EDNA57	43777
6d52d522c4b3d68aab6f49271b4b27ce	EDNA71	19
6d52d522c4b3d68aab6f49271b4b27ce	EDNA58	36863
6d52d522c4b3d68aab6f49271b4b27ce	EDNA59	19509
6d52d522c4b3d68aab6f49271b4b27ce	EDNA73	915
6d52d522c4b3d68aab6f49271b4b27ce	EDNA74	491
6d52d522c4b3d68aab6f49271b4b27ce	EDNA75	600
6d52d522c4b3d68aab6f49271b4b27ce	EDNA91	8137
6d52d522c4b3d68aab6f49271b4b27ce	EDNA78	1
6d52d522c4b3d68aab6f49271b4b27ce	EDNA92	12473
6d52d522c4b3d68aab6f49271b4b27ce	EDNA79	1374
6d52d522c4b3d68aab6f49271b4b27ce	EDNA93	14210
6d52d522c4b3d68aab6f49271b4b27ce	EDNA94	9367
6d52d522c4b3d68aab6f49271b4b27ce	EDNA95	7211
6d52d522c4b3d68aab6f49271b4b27ce	EDNA96	9841
6d52d522c4b3d68aab6f49271b4b27ce	EDNA97	5533
6d52d522c4b3d68aab6f49271b4b27ce	EDNA98	8075
6d52d522c4b3d68aab6f49271b4b27ce	EDNA99	4521
6d52d522c4b3d68aab6f49271b4b27ce	MB25	36
6d52d522c4b3d68aab6f49271b4b27ce	EDNA20	3
6d52d522c4b3d68aab6f49271b4b27ce	EDNA21	4
6d52d522c4b3d68aab6f49271b4b27ce	EDNA22	37872
6d52d522c4b3d68aab6f49271b4b27ce	EDNA23	71905
6d52d522c4b3d68aab6f49271b4b27ce	EDNA24	37157
6d52d522c4b3d68aab6f49271b4b27ce	EDNA25	33834
6d52d522c4b3d68aab6f49271b4b27ce	EDNA26	22663
6d52d522c4b3d68aab6f49271b4b27ce	EDNA27	23093
6d52d522c4b3d68aab6f49271b4b27ce	EDNA40	17643
6d52d522c4b3d68aab6f49271b4b27ce	EDNA28	3
6d52d522c4b3d68aab6f49271b4b27ce	EDNA41	17954
6d52d522c4b3d68aab6f49271b4b27ce	EDNA42	13306
6d52d522c4b3d68aab6f49271b4b27ce	EDNA29	7
6d52d522c4b3d68aab6f49271b4b27ce	EDNA43	32665
6d52d522c4b3d68aab6f49271b4b27ce	EDNA44	44419
6d52d522c4b3d68aab6f49271b4b27ce	EDNA45	18736
22fc2dc693da16f9ffc894357cb01d5a	EDNA46	432
22fc2dc693da16f9ffc894357cb01d5a	EDNA1	9
22fc2dc693da16f9ffc894357cb01d5a	EDNA60	92
22fc2dc693da16f9ffc894357cb01d5a	EDNA47	384
22fc2dc693da16f9ffc894357cb01d5a	EDNA2	4
22fc2dc693da16f9ffc894357cb01d5a	EDNA61	2
22fc2dc693da16f9ffc894357cb01d5a	EDNA48	266
22fc2dc693da16f9ffc894357cb01d5a	EDNA3	2
22fc2dc693da16f9ffc894357cb01d5a	EDNA62	3
22fc2dc693da16f9ffc894357cb01d5a	EDNA63	8
22fc2dc693da16f9ffc894357cb01d5a	EDNA64	4
22fc2dc693da16f9ffc894357cb01d5a	EDNA7	3
22fc2dc693da16f9ffc894357cb01d5a	EDNA65	7
22fc2dc693da16f9ffc894357cb01d5a	EDNA8	6
22fc2dc693da16f9ffc894357cb01d5a	EDNA66	1
22fc2dc693da16f9ffc894357cb01d5a	EDNA9	5
22fc2dc693da16f9ffc894357cb01d5a	EDNA80	10143
22fc2dc693da16f9ffc894357cb01d5a	EDNA67	48272
22fc2dc693da16f9ffc894357cb01d5a	EDNA81	14060
22fc2dc693da16f9ffc894357cb01d5a	EDNA68	63570
22fc2dc693da16f9ffc894357cb01d5a	EDNA82	8130
22fc2dc693da16f9ffc894357cb01d5a	EDNA69	54003
22fc2dc693da16f9ffc894357cb01d5a	EDNA83	8765
22fc2dc693da16f9ffc894357cb01d5a	EDNA84	9716
22fc2dc693da16f9ffc894357cb01d5a	EDNA85	3581
22fc2dc693da16f9ffc894357cb01d5a	EDNA86	4546
22fc2dc693da16f9ffc894357cb01d5a	EDNA87	1918
22fc2dc693da16f9ffc894357cb01d5a	MB13	2
22fc2dc693da16f9ffc894357cb01d5a	MB1	1
22fc2dc693da16f9ffc894357cb01d5a	MB18	5
22fc2dc693da16f9ffc894357cb01d5a	MB19	3
22fc2dc693da16f9ffc894357cb01d5a	EDNA10	5
22fc2dc693da16f9ffc894357cb01d5a	EDNA11	13
22fc2dc693da16f9ffc894357cb01d5a	EDNA12	5
22fc2dc693da16f9ffc894357cb01d5a	EDNA13	23
22fc2dc693da16f9ffc894357cb01d5a	EDNA14	48
22fc2dc693da16f9ffc894357cb01d5a	EDNA15	27
22fc2dc693da16f9ffc894357cb01d5a	EDNA16	3
22fc2dc693da16f9ffc894357cb01d5a	EDNA17	1
22fc2dc693da16f9ffc894357cb01d5a	EDNA18	1
22fc2dc693da16f9ffc894357cb01d5a	EDNA31	26
22fc2dc693da16f9ffc894357cb01d5a	EDNA32	7
22fc2dc693da16f9ffc894357cb01d5a	EDNA33	9
22fc2dc693da16f9ffc894357cb01d5a	EDNA34	1319
22fc2dc693da16f9ffc894357cb01d5a	EDNA35	829
22fc2dc693da16f9ffc894357cb01d5a	EDNA36	896
22fc2dc693da16f9ffc894357cb01d5a	EDNA38	1
22fc2dc693da16f9ffc894357cb01d5a	EDNA39	2
22fc2dc693da16f9ffc894357cb01d5a	EDNA52	17
22fc2dc693da16f9ffc894357cb01d5a	EDNA53	27
22fc2dc693da16f9ffc894357cb01d5a	EDNA54	27
22fc2dc693da16f9ffc894357cb01d5a	EDNA55	3
22fc2dc693da16f9ffc894357cb01d5a	EDNA56	9
22fc2dc693da16f9ffc894357cb01d5a	EDNA70	99995
22fc2dc693da16f9ffc894357cb01d5a	EDNA57	7
22fc2dc693da16f9ffc894357cb01d5a	EDNA71	160004
22fc2dc693da16f9ffc894357cb01d5a	EDNA58	94
22fc2dc693da16f9ffc894357cb01d5a	EDNA72	7
22fc2dc693da16f9ffc894357cb01d5a	EDNA59	120
22fc2dc693da16f9ffc894357cb01d5a	EDNA73	73759
22fc2dc693da16f9ffc894357cb01d5a	EDNA74	82997
22fc2dc693da16f9ffc894357cb01d5a	EDNA75	103416
22fc2dc693da16f9ffc894357cb01d5a	EDNA76	5
22fc2dc693da16f9ffc894357cb01d5a	EDNA77	4
22fc2dc693da16f9ffc894357cb01d5a	EDNA91	835
22fc2dc693da16f9ffc894357cb01d5a	EDNA78	12
22fc2dc693da16f9ffc894357cb01d5a	EDNA92	994
22fc2dc693da16f9ffc894357cb01d5a	EDNA79	4119
22fc2dc693da16f9ffc894357cb01d5a	EDNA93	1349
22fc2dc693da16f9ffc894357cb01d5a	EDNA94	120
22fc2dc693da16f9ffc894357cb01d5a	EDNA95	250
22fc2dc693da16f9ffc894357cb01d5a	EDNA96	187
22fc2dc693da16f9ffc894357cb01d5a	EDNA97	25
22fc2dc693da16f9ffc894357cb01d5a	EDNA98	36
22fc2dc693da16f9ffc894357cb01d5a	MB20	1
22fc2dc693da16f9ffc894357cb01d5a	EDNA99	15
22fc2dc693da16f9ffc894357cb01d5a	MB21	2
22fc2dc693da16f9ffc894357cb01d5a	EDNA21	1
22fc2dc693da16f9ffc894357cb01d5a	EDNA22	4
22fc2dc693da16f9ffc894357cb01d5a	EDNA24	15
22fc2dc693da16f9ffc894357cb01d5a	EDNA25	100
22fc2dc693da16f9ffc894357cb01d5a	EDNA26	76
22fc2dc693da16f9ffc894357cb01d5a	EDNA27	153
22fc2dc693da16f9ffc894357cb01d5a	EDNA40	806
22fc2dc693da16f9ffc894357cb01d5a	EDNA41	347
22fc2dc693da16f9ffc894357cb01d5a	EDNA42	930
22fc2dc693da16f9ffc894357cb01d5a	EDNA43	17783
22fc2dc693da16f9ffc894357cb01d5a	EDNA44	7570
22fc2dc693da16f9ffc894357cb01d5a	EDNA45	10816
94a2f5f551d5e7e4d492ea299c83c41c	EDNA60	1
94a2f5f551d5e7e4d492ea299c83c41c	EDNA63	13
94a2f5f551d5e7e4d492ea299c83c41c	EDNA64	12
94a2f5f551d5e7e4d492ea299c83c41c	EDNA65	11
94a2f5f551d5e7e4d492ea299c83c41c	EDNA66	7
94a2f5f551d5e7e4d492ea299c83c41c	EDNA67	168227
94a2f5f551d5e7e4d492ea299c83c41c	EDNA80	69
94a2f5f551d5e7e4d492ea299c83c41c	EDNA68	147594
94a2f5f551d5e7e4d492ea299c83c41c	EDNA69	138129
94a2f5f551d5e7e4d492ea299c83c41c	EDNA84	2
94a2f5f551d5e7e4d492ea299c83c41c	EDNA85	2216
94a2f5f551d5e7e4d492ea299c83c41c	EDNA86	958
94a2f5f551d5e7e4d492ea299c83c41c	EDNA87	292
94a2f5f551d5e7e4d492ea299c83c41c	MB10	1
94a2f5f551d5e7e4d492ea299c83c41c	MB17	96060
94a2f5f551d5e7e4d492ea299c83c41c	MB18	54054
94a2f5f551d5e7e4d492ea299c83c41c	MB19	13837
94a2f5f551d5e7e4d492ea299c83c41c	EDNA10	1
94a2f5f551d5e7e4d492ea299c83c41c	EDNA11	1
94a2f5f551d5e7e4d492ea299c83c41c	EDNA12	2
94a2f5f551d5e7e4d492ea299c83c41c	EDNA14	3
94a2f5f551d5e7e4d492ea299c83c41c	EDNA19	2
94a2f5f551d5e7e4d492ea299c83c41c	EDNA35	2
94a2f5f551d5e7e4d492ea299c83c41c	EDNA38	2
94a2f5f551d5e7e4d492ea299c83c41c	EDNA53	1
94a2f5f551d5e7e4d492ea299c83c41c	EDNA70	35838
94a2f5f551d5e7e4d492ea299c83c41c	EDNA71	46841
94a2f5f551d5e7e4d492ea299c83c41c	EDNA72	4
94a2f5f551d5e7e4d492ea299c83c41c	EDNA73	11118
94a2f5f551d5e7e4d492ea299c83c41c	EDNA74	2666
94a2f5f551d5e7e4d492ea299c83c41c	EDNA75	14064
94a2f5f551d5e7e4d492ea299c83c41c	EDNA76	2
94a2f5f551d5e7e4d492ea299c83c41c	EDNA77	1
94a2f5f551d5e7e4d492ea299c83c41c	EDNA91	6
94a2f5f551d5e7e4d492ea299c83c41c	EDNA92	2
94a2f5f551d5e7e4d492ea299c83c41c	EDNA93	12
94a2f5f551d5e7e4d492ea299c83c41c	EDNA94	12
94a2f5f551d5e7e4d492ea299c83c41c	EDNA96	687
94a2f5f551d5e7e4d492ea299c83c41c	EDNA98	1
94a2f5f551d5e7e4d492ea299c83c41c	MB20	173
94a2f5f551d5e7e4d492ea299c83c41c	MB22	62
94a2f5f551d5e7e4d492ea299c83c41c	MB23	37
94a2f5f551d5e7e4d492ea299c83c41c	MB24	59
94a2f5f551d5e7e4d492ea299c83c41c	EDNA20	1
94a2f5f551d5e7e4d492ea299c83c41c	EDNA27	1
94a2f5f551d5e7e4d492ea299c83c41c	EDNA29	1
94a2f5f551d5e7e4d492ea299c83c41c	EDNA42	1
94a2f5f551d5e7e4d492ea299c83c41c	EDNA44	3
75ebcdd9ae3a283c17d26768c68ffa8d	EDNA46	592
75ebcdd9ae3a283c17d26768c68ffa8d	EDNA1	400
75ebcdd9ae3a283c17d26768c68ffa8d	EDNA60	23
75ebcdd9ae3a283c17d26768c68ffa8d	EDNA47	927
75ebcdd9ae3a283c17d26768c68ffa8d	EDNA2	186
75ebcdd9ae3a283c17d26768c68ffa8d	EDNA61	71
75ebcdd9ae3a283c17d26768c68ffa8d	EDNA48	601
75ebcdd9ae3a283c17d26768c68ffa8d	EDNA3	228
75ebcdd9ae3a283c17d26768c68ffa8d	EDNA62	34
75ebcdd9ae3a283c17d26768c68ffa8d	EDNA63	58
75ebcdd9ae3a283c17d26768c68ffa8d	EDNA7	1483
75ebcdd9ae3a283c17d26768c68ffa8d	EDNA65	1
75ebcdd9ae3a283c17d26768c68ffa8d	EDNA8	2379
75ebcdd9ae3a283c17d26768c68ffa8d	EDNA9	1660
75ebcdd9ae3a283c17d26768c68ffa8d	EDNA80	51797
75ebcdd9ae3a283c17d26768c68ffa8d	EDNA67	132
75ebcdd9ae3a283c17d26768c68ffa8d	EDNA81	65715
75ebcdd9ae3a283c17d26768c68ffa8d	EDNA68	3
75ebcdd9ae3a283c17d26768c68ffa8d	EDNA82	129385
75ebcdd9ae3a283c17d26768c68ffa8d	EDNA69	9
75ebcdd9ae3a283c17d26768c68ffa8d	EDNA83	136010
75ebcdd9ae3a283c17d26768c68ffa8d	EDNA84	103041
75ebcdd9ae3a283c17d26768c68ffa8d	EDNA85	23038
75ebcdd9ae3a283c17d26768c68ffa8d	EDNA86	14872
75ebcdd9ae3a283c17d26768c68ffa8d	EDNA87	6477
75ebcdd9ae3a283c17d26768c68ffa8d	EDNA10	50
75ebcdd9ae3a283c17d26768c68ffa8d	EDNA11	47
75ebcdd9ae3a283c17d26768c68ffa8d	EDNA12	46
75ebcdd9ae3a283c17d26768c68ffa8d	EDNA13	73
75ebcdd9ae3a283c17d26768c68ffa8d	EDNA14	85
75ebcdd9ae3a283c17d26768c68ffa8d	EDNA15	65
75ebcdd9ae3a283c17d26768c68ffa8d	EDNA16	61
75ebcdd9ae3a283c17d26768c68ffa8d	EDNA17	52
75ebcdd9ae3a283c17d26768c68ffa8d	EDNA30	1
75ebcdd9ae3a283c17d26768c68ffa8d	EDNA18	85
75ebcdd9ae3a283c17d26768c68ffa8d	EDNA31	35
75ebcdd9ae3a283c17d26768c68ffa8d	EDNA19	1
75ebcdd9ae3a283c17d26768c68ffa8d	EDNA32	37
75ebcdd9ae3a283c17d26768c68ffa8d	EDNA33	28
75ebcdd9ae3a283c17d26768c68ffa8d	EDNA34	1017
75ebcdd9ae3a283c17d26768c68ffa8d	EDNA35	711
75ebcdd9ae3a283c17d26768c68ffa8d	EDNA36	1102
75ebcdd9ae3a283c17d26768c68ffa8d	EDNA39	3
75ebcdd9ae3a283c17d26768c68ffa8d	EDNA52	503
75ebcdd9ae3a283c17d26768c68ffa8d	EDNA53	390
75ebcdd9ae3a283c17d26768c68ffa8d	EDNA54	519
75ebcdd9ae3a283c17d26768c68ffa8d	EDNA55	298
75ebcdd9ae3a283c17d26768c68ffa8d	EDNA56	265
75ebcdd9ae3a283c17d26768c68ffa8d	EDNA70	13
75ebcdd9ae3a283c17d26768c68ffa8d	EDNA57	188
75ebcdd9ae3a283c17d26768c68ffa8d	EDNA71	57
75ebcdd9ae3a283c17d26768c68ffa8d	EDNA58	70
75ebcdd9ae3a283c17d26768c68ffa8d	EDNA59	29
75ebcdd9ae3a283c17d26768c68ffa8d	EDNA73	12033
75ebcdd9ae3a283c17d26768c68ffa8d	EDNA74	3790
75ebcdd9ae3a283c17d26768c68ffa8d	EDNA75	5681
75ebcdd9ae3a283c17d26768c68ffa8d	EDNA76	2
75ebcdd9ae3a283c17d26768c68ffa8d	EDNA90	2
75ebcdd9ae3a283c17d26768c68ffa8d	EDNA91	5372
75ebcdd9ae3a283c17d26768c68ffa8d	EDNA92	10771
75ebcdd9ae3a283c17d26768c68ffa8d	EDNA79	72339
75ebcdd9ae3a283c17d26768c68ffa8d	EDNA93	6745
75ebcdd9ae3a283c17d26768c68ffa8d	EDNA94	3070
75ebcdd9ae3a283c17d26768c68ffa8d	EDNA95	1500
75ebcdd9ae3a283c17d26768c68ffa8d	EDNA96	2626
75ebcdd9ae3a283c17d26768c68ffa8d	EDNA97	475
75ebcdd9ae3a283c17d26768c68ffa8d	EDNA98	478
75ebcdd9ae3a283c17d26768c68ffa8d	MB20	1
75ebcdd9ae3a283c17d26768c68ffa8d	EDNA99	279
75ebcdd9ae3a283c17d26768c68ffa8d	MB21	19
75ebcdd9ae3a283c17d26768c68ffa8d	EDNA22	502
75ebcdd9ae3a283c17d26768c68ffa8d	EDNA23	1173
75ebcdd9ae3a283c17d26768c68ffa8d	EDNA24	887
75ebcdd9ae3a283c17d26768c68ffa8d	EDNA25	23
75ebcdd9ae3a283c17d26768c68ffa8d	EDNA26	42
75ebcdd9ae3a283c17d26768c68ffa8d	EDNA27	40
75ebcdd9ae3a283c17d26768c68ffa8d	EDNA40	2908
75ebcdd9ae3a283c17d26768c68ffa8d	EDNA41	2164
75ebcdd9ae3a283c17d26768c68ffa8d	EDNA42	3429
75ebcdd9ae3a283c17d26768c68ffa8d	EDNA43	1271
75ebcdd9ae3a283c17d26768c68ffa8d	EDNA44	1285
75ebcdd9ae3a283c17d26768c68ffa8d	EDNA45	692
53a5984737c75058eda4f43038884dbc	EDNA46	142
53a5984737c75058eda4f43038884dbc	EDNA1	68558
53a5984737c75058eda4f43038884dbc	EDNA60	261
53a5984737c75058eda4f43038884dbc	EDNA47	246
53a5984737c75058eda4f43038884dbc	EDNA2	57835
53a5984737c75058eda4f43038884dbc	EDNA61	240
53a5984737c75058eda4f43038884dbc	EDNA48	145
53a5984737c75058eda4f43038884dbc	EDNA3	39020
53a5984737c75058eda4f43038884dbc	EDNA62	87
53a5984737c75058eda4f43038884dbc	EDNA63	141
53a5984737c75058eda4f43038884dbc	EDNA64	2
53a5984737c75058eda4f43038884dbc	EDNA7	10256
53a5984737c75058eda4f43038884dbc	EDNA8	9947
53a5984737c75058eda4f43038884dbc	EDNA9	6457
53a5984737c75058eda4f43038884dbc	EDNA80	1456
53a5984737c75058eda4f43038884dbc	EDNA67	280
53a5984737c75058eda4f43038884dbc	EDNA81	1445
53a5984737c75058eda4f43038884dbc	EDNA68	215
53a5984737c75058eda4f43038884dbc	EDNA82	869
53a5984737c75058eda4f43038884dbc	EDNA69	42
53a5984737c75058eda4f43038884dbc	EDNA83	1370
53a5984737c75058eda4f43038884dbc	EDNA84	1208
53a5984737c75058eda4f43038884dbc	EDNA85	999
53a5984737c75058eda4f43038884dbc	EDNA86	2124
53a5984737c75058eda4f43038884dbc	EDNA87	490
53a5984737c75058eda4f43038884dbc	MB1	7
53a5984737c75058eda4f43038884dbc	MB6	1
53a5984737c75058eda4f43038884dbc	MB8	2
53a5984737c75058eda4f43038884dbc	CTRL1	1
53a5984737c75058eda4f43038884dbc	CTRL2	65
53a5984737c75058eda4f43038884dbc	EDNA10	5245
53a5984737c75058eda4f43038884dbc	EDNA11	12474
53a5984737c75058eda4f43038884dbc	EDNA12	9941
53a5984737c75058eda4f43038884dbc	EDNA13	5338
53a5984737c75058eda4f43038884dbc	EDNA14	11353
53a5984737c75058eda4f43038884dbc	EDNA15	3578
53a5984737c75058eda4f43038884dbc	EDNA16	6403
53a5984737c75058eda4f43038884dbc	EDNA17	5133
53a5984737c75058eda4f43038884dbc	EDNA30	1
53a5984737c75058eda4f43038884dbc	EDNA18	13207
53a5984737c75058eda4f43038884dbc	EDNA31	1212
53a5984737c75058eda4f43038884dbc	EDNA19	1
53a5984737c75058eda4f43038884dbc	EDNA32	499
53a5984737c75058eda4f43038884dbc	EDNA33	359
53a5984737c75058eda4f43038884dbc	EDNA34	459
53a5984737c75058eda4f43038884dbc	EDNA35	465
53a5984737c75058eda4f43038884dbc	EDNA36	436
53a5984737c75058eda4f43038884dbc	EDNA38	1
53a5984737c75058eda4f43038884dbc	EDNA52	272
53a5984737c75058eda4f43038884dbc	EDNA53	396
53a5984737c75058eda4f43038884dbc	EDNA54	298
53a5984737c75058eda4f43038884dbc	EDNA55	655
53a5984737c75058eda4f43038884dbc	EDNA56	622
53a5984737c75058eda4f43038884dbc	EDNA70	1435
53a5984737c75058eda4f43038884dbc	EDNA57	776
53a5984737c75058eda4f43038884dbc	EDNA71	875
53a5984737c75058eda4f43038884dbc	EDNA58	201
53a5984737c75058eda4f43038884dbc	EDNA59	271
53a5984737c75058eda4f43038884dbc	EDNA73	3290
53a5984737c75058eda4f43038884dbc	EDNA74	2497
53a5984737c75058eda4f43038884dbc	EDNA75	8826
53a5984737c75058eda4f43038884dbc	EDNA90	2
53a5984737c75058eda4f43038884dbc	EDNA91	879
53a5984737c75058eda4f43038884dbc	EDNA92	1883
53a5984737c75058eda4f43038884dbc	EDNA79	823
53a5984737c75058eda4f43038884dbc	EDNA93	2848
53a5984737c75058eda4f43038884dbc	EDNA94	930
53a5984737c75058eda4f43038884dbc	EDNA95	1711
53a5984737c75058eda4f43038884dbc	EDNA96	1591
53a5984737c75058eda4f43038884dbc	EDNA97	593
53a5984737c75058eda4f43038884dbc	EDNA98	823
53a5984737c75058eda4f43038884dbc	EDNA99	437
53a5984737c75058eda4f43038884dbc	EDNA21	1
53a5984737c75058eda4f43038884dbc	EDNA22	13395
53a5984737c75058eda4f43038884dbc	EDNA23	16581
53a5984737c75058eda4f43038884dbc	EDNA24	30581
53a5984737c75058eda4f43038884dbc	EDNA25	55338
53a5984737c75058eda4f43038884dbc	EDNA26	12243
53a5984737c75058eda4f43038884dbc	EDNA27	25333
53a5984737c75058eda4f43038884dbc	EDNA40	278
53a5984737c75058eda4f43038884dbc	EDNA28	3
53a5984737c75058eda4f43038884dbc	EDNA41	95
53a5984737c75058eda4f43038884dbc	EDNA29	1
53a5984737c75058eda4f43038884dbc	EDNA42	127
53a5984737c75058eda4f43038884dbc	EDNA43	104
53a5984737c75058eda4f43038884dbc	EDNA44	252
53a5984737c75058eda4f43038884dbc	EDNA45	145
39709f2c2c898481e19b4c5c72368e1e	MB10	1
39709f2c2c898481e19b4c5c72368e1e	EDNA78	8
39709f2c2c898481e19b4c5c72368e1e	EDNA69	40
39709f2c2c898481e19b4c5c72368e1e	MB20	241
39709f2c2c898481e19b4c5c72368e1e	EDNA30	2
39709f2c2c898481e19b4c5c72368e1e	MB12	3736
39709f2c2c898481e19b4c5c72368e1e	EDNA40	5
39709f2c2c898481e19b4c5c72368e1e	MB14	391
39709f2c2c898481e19b4c5c72368e1e	EDNA42	2215
39709f2c2c898481e19b4c5c72368e1e	EDNA70	272895
39709f2c2c898481e19b4c5c72368e1e	EDNA43	2
39709f2c2c898481e19b4c5c72368e1e	EDNA71	47983
39709f2c2c898481e19b4c5c72368e1e	EDNA62	3
39709f2c2c898481e19b4c5c72368e1e	EDNA35	10
39709f2c2c898481e19b4c5c72368e1e	MB17	23
39709f2c2c898481e19b4c5c72368e1e	EDNA63	7
39709f2c2c898481e19b4c5c72368e1e	MB18	73126
39709f2c2c898481e19b4c5c72368e1e	EDNA73	228
39709f2c2c898481e19b4c5c72368e1e	EDNA64	3
39709f2c2c898481e19b4c5c72368e1e	EDNA46	3
39709f2c2c898481e19b4c5c72368e1e	MB19	18
39709f2c2c898481e19b4c5c72368e1e	EDNA92	4
39709f2c2c898481e19b4c5c72368e1e	EDNA65	5
39709f2c2c898481e19b4c5c72368e1e	EDNA38	3
39709f2c2c898481e19b4c5c72368e1e	MB5	2
39709f2c2c898481e19b4c5c72368e1e	EDNA75	174
39709f2c2c898481e19b4c5c72368e1e	EDNA66	5
39709f2c2c898481e19b4c5c72368e1e	EDNA39	2
39709f2c2c898481e19b4c5c72368e1e	EDNA94	5
39709f2c2c898481e19b4c5c72368e1e	EDNA67	125
39709f2c2c898481e19b4c5c72368e1e	EDNA95	13
39709f2c2c898481e19b4c5c72368e1e	EDNA86	5
39709f2c2c898481e19b4c5c72368e1e	EDNA68	3
39f20d5aaa3c39c3f72d659697f31fe8	MB10	47
39f20d5aaa3c39c3f72d659697f31fe8	EDNA87	1
39f20d5aaa3c39c3f72d659697f31fe8	MB20	10071
39f20d5aaa3c39c3f72d659697f31fe8	EDNA79	221724
39f20d5aaa3c39c3f72d659697f31fe8	MB21	5850
39f20d5aaa3c39c3f72d659697f31fe8	MB12	5681
39f20d5aaa3c39c3f72d659697f31fe8	EDNA40	28
39f20d5aaa3c39c3f72d659697f31fe8	MB22	248
39f20d5aaa3c39c3f72d659697f31fe8	MB13	13630
39f20d5aaa3c39c3f72d659697f31fe8	EDNA41	18951
39f20d5aaa3c39c3f72d659697f31fe8	MB14	160
39f20d5aaa3c39c3f72d659697f31fe8	EDNA42	24
39f20d5aaa3c39c3f72d659697f31fe8	EDNA70	19
39f20d5aaa3c39c3f72d659697f31fe8	EDNA43	11432
39f20d5aaa3c39c3f72d659697f31fe8	EDNA80	5037
39f20d5aaa3c39c3f72d659697f31fe8	EDNA71	35
39f20d5aaa3c39c3f72d659697f31fe8	EDNA44	2
39f20d5aaa3c39c3f72d659697f31fe8	EDNA81	656
39f20d5aaa3c39c3f72d659697f31fe8	EDNA45	62
39f20d5aaa3c39c3f72d659697f31fe8	EDNA27	1
39f20d5aaa3c39c3f72d659697f31fe8	MB18	24299
39f20d5aaa3c39c3f72d659697f31fe8	EDNA82	13990
39f20d5aaa3c39c3f72d659697f31fe8	EDNA55	2
39f20d5aaa3c39c3f72d659697f31fe8	MB19	23561
39f20d5aaa3c39c3f72d659697f31fe8	EDNA83	298
39f20d5aaa3c39c3f72d659697f31fe8	EDNA74	177
39f20d5aaa3c39c3f72d659697f31fe8	EDNA47	2
39f20d5aaa3c39c3f72d659697f31fe8	EDNA84	17868
39f20d5aaa3c39c3f72d659697f31fe8	EDNA39	4
39f20d5aaa3c39c3f72d659697f31fe8	EDNA85	1118
39f20d5aaa3c39c3f72d659697f31fe8	EDNA76	1
39f20d5aaa3c39c3f72d659697f31fe8	EDNA95	8
39f20d5aaa3c39c3f72d659697f31fe8	EDNA10	1
c28f591c0611ef5589875c76b7f01099	EDNA46	858
c28f591c0611ef5589875c76b7f01099	EDNA1	16651
c28f591c0611ef5589875c76b7f01099	EDNA60	2623
c28f591c0611ef5589875c76b7f01099	EDNA47	631
c28f591c0611ef5589875c76b7f01099	EDNA2	8453
c28f591c0611ef5589875c76b7f01099	EDNA61	7048
c28f591c0611ef5589875c76b7f01099	EDNA48	615
c28f591c0611ef5589875c76b7f01099	EDNA3	19353
c28f591c0611ef5589875c76b7f01099	EDNA62	6579
c28f591c0611ef5589875c76b7f01099	EDNA63	5726
c28f591c0611ef5589875c76b7f01099	EDNA7	1830
c28f591c0611ef5589875c76b7f01099	EDNA8	2287
c28f591c0611ef5589875c76b7f01099	EDNA9	1289
c28f591c0611ef5589875c76b7f01099	EDNA80	10160
c28f591c0611ef5589875c76b7f01099	EDNA67	431
c28f591c0611ef5589875c76b7f01099	EDNA81	12167
c28f591c0611ef5589875c76b7f01099	EDNA68	417
c28f591c0611ef5589875c76b7f01099	EDNA82	30713
c28f591c0611ef5589875c76b7f01099	EDNA69	408
c28f591c0611ef5589875c76b7f01099	EDNA83	33169
c28f591c0611ef5589875c76b7f01099	EDNA84	35201
c28f591c0611ef5589875c76b7f01099	EDNA85	6142
c28f591c0611ef5589875c76b7f01099	EDNA86	3694
c28f591c0611ef5589875c76b7f01099	EDNA87	2983
c28f591c0611ef5589875c76b7f01099	EDNA88	1
c28f591c0611ef5589875c76b7f01099	EDNA89	1
c28f591c0611ef5589875c76b7f01099	MB11	1
c28f591c0611ef5589875c76b7f01099	MB12	11
c28f591c0611ef5589875c76b7f01099	MB13	4
c28f591c0611ef5589875c76b7f01099	MB15	1
c28f591c0611ef5589875c76b7f01099	MB1	35
c28f591c0611ef5589875c76b7f01099	MB2	1
c28f591c0611ef5589875c76b7f01099	MB4	2
c28f591c0611ef5589875c76b7f01099	MB19	3
c28f591c0611ef5589875c76b7f01099	MB5	2
c28f591c0611ef5589875c76b7f01099	CTRL2	31
c28f591c0611ef5589875c76b7f01099	EDNA10	1774
c28f591c0611ef5589875c76b7f01099	EDNA11	2372
c28f591c0611ef5589875c76b7f01099	EDNA12	1299
c28f591c0611ef5589875c76b7f01099	EDNA13	3210
c28f591c0611ef5589875c76b7f01099	EDNA14	5389
c28f591c0611ef5589875c76b7f01099	EDNA15	2372
c28f591c0611ef5589875c76b7f01099	EDNA16	3534
c28f591c0611ef5589875c76b7f01099	EDNA17	2443
c28f591c0611ef5589875c76b7f01099	EDNA18	4837
c28f591c0611ef5589875c76b7f01099	EDNA31	1213
c28f591c0611ef5589875c76b7f01099	EDNA32	439
c28f591c0611ef5589875c76b7f01099	EDNA33	370
c28f591c0611ef5589875c76b7f01099	EDNA34	3966
c28f591c0611ef5589875c76b7f01099	EDNA35	2199
c28f591c0611ef5589875c76b7f01099	EDNA36	4371
c28f591c0611ef5589875c76b7f01099	EDNA52	2100
c28f591c0611ef5589875c76b7f01099	EDNA53	1784
c28f591c0611ef5589875c76b7f01099	EDNA54	1390
c28f591c0611ef5589875c76b7f01099	EDNA55	3166
c28f591c0611ef5589875c76b7f01099	EDNA56	2578
c28f591c0611ef5589875c76b7f01099	EDNA70	1225
c28f591c0611ef5589875c76b7f01099	EDNA57	3909
c28f591c0611ef5589875c76b7f01099	EDNA71	1533
c28f591c0611ef5589875c76b7f01099	EDNA58	3562
c28f591c0611ef5589875c76b7f01099	EDNA72	127
c28f591c0611ef5589875c76b7f01099	EDNA59	5132
c28f591c0611ef5589875c76b7f01099	EDNA73	13773
c28f591c0611ef5589875c76b7f01099	EDNA74	14739
c28f591c0611ef5589875c76b7f01099	EDNA75	16833
c28f591c0611ef5589875c76b7f01099	EDNA77	2
c28f591c0611ef5589875c76b7f01099	EDNA91	2095
c28f591c0611ef5589875c76b7f01099	EDNA92	1851
c28f591c0611ef5589875c76b7f01099	EDNA79	7208
c28f591c0611ef5589875c76b7f01099	EDNA93	2300
c28f591c0611ef5589875c76b7f01099	EDNA94	334
c28f591c0611ef5589875c76b7f01099	EDNA95	1024
c28f591c0611ef5589875c76b7f01099	EDNA96	1007
c28f591c0611ef5589875c76b7f01099	EDNA97	1299
c28f591c0611ef5589875c76b7f01099	EDNA98	932
c28f591c0611ef5589875c76b7f01099	MB20	6
c28f591c0611ef5589875c76b7f01099	EDNA99	646
c28f591c0611ef5589875c76b7f01099	MB21	127
c28f591c0611ef5589875c76b7f01099	MB22	1
c28f591c0611ef5589875c76b7f01099	EDNA21	1
c28f591c0611ef5589875c76b7f01099	EDNA22	2739
c28f591c0611ef5589875c76b7f01099	EDNA23	2596
c28f591c0611ef5589875c76b7f01099	EDNA24	3823
c28f591c0611ef5589875c76b7f01099	EDNA25	5103
c28f591c0611ef5589875c76b7f01099	EDNA26	1785
c28f591c0611ef5589875c76b7f01099	EDNA27	3300
c28f591c0611ef5589875c76b7f01099	EDNA40	4686
c28f591c0611ef5589875c76b7f01099	EDNA41	2914
c28f591c0611ef5589875c76b7f01099	EDNA42	4629
c28f591c0611ef5589875c76b7f01099	EDNA43	1232
c28f591c0611ef5589875c76b7f01099	EDNA44	1070
c28f591c0611ef5589875c76b7f01099	EDNA45	1051
b8cb2eb897d678485b062455fa7cb763	EDNA46	77
b8cb2eb897d678485b062455fa7cb763	EDNA47	78
b8cb2eb897d678485b062455fa7cb763	EDNA60	3
b8cb2eb897d678485b062455fa7cb763	EDNA48	51
b8cb2eb897d678485b062455fa7cb763	EDNA61	13
b8cb2eb897d678485b062455fa7cb763	EDNA62	15
b8cb2eb897d678485b062455fa7cb763	EDNA63	10
b8cb2eb897d678485b062455fa7cb763	EDNA8	1
b8cb2eb897d678485b062455fa7cb763	EDNA80	24168
b8cb2eb897d678485b062455fa7cb763	EDNA67	1252
b8cb2eb897d678485b062455fa7cb763	EDNA81	33519
b8cb2eb897d678485b062455fa7cb763	EDNA68	803
b8cb2eb897d678485b062455fa7cb763	EDNA82	48344
b8cb2eb897d678485b062455fa7cb763	EDNA69	530
b8cb2eb897d678485b062455fa7cb763	EDNA83	54972
b8cb2eb897d678485b062455fa7cb763	EDNA84	35504
b8cb2eb897d678485b062455fa7cb763	EDNA85	31840
b8cb2eb897d678485b062455fa7cb763	EDNA86	20136
b8cb2eb897d678485b062455fa7cb763	EDNA87	7162
b8cb2eb897d678485b062455fa7cb763	MB17	4
b8cb2eb897d678485b062455fa7cb763	EDNA17	3
b8cb2eb897d678485b062455fa7cb763	EDNA31	4
b8cb2eb897d678485b062455fa7cb763	EDNA34	214
b8cb2eb897d678485b062455fa7cb763	EDNA35	122
b8cb2eb897d678485b062455fa7cb763	EDNA36	211
b8cb2eb897d678485b062455fa7cb763	EDNA51	1
b8cb2eb897d678485b062455fa7cb763	EDNA52	192
b8cb2eb897d678485b062455fa7cb763	EDNA53	130
b8cb2eb897d678485b062455fa7cb763	EDNA54	217
b8cb2eb897d678485b062455fa7cb763	EDNA55	149
b8cb2eb897d678485b062455fa7cb763	EDNA56	69
b8cb2eb897d678485b062455fa7cb763	EDNA57	98
b8cb2eb897d678485b062455fa7cb763	EDNA70	609
b8cb2eb897d678485b062455fa7cb763	EDNA58	3
b8cb2eb897d678485b062455fa7cb763	EDNA71	940
b8cb2eb897d678485b062455fa7cb763	EDNA59	2
b8cb2eb897d678485b062455fa7cb763	EDNA73	5786
b8cb2eb897d678485b062455fa7cb763	EDNA74	3100
b8cb2eb897d678485b062455fa7cb763	EDNA75	3602
b8cb2eb897d678485b062455fa7cb763	EDNA91	4867
b8cb2eb897d678485b062455fa7cb763	EDNA92	9272
b8cb2eb897d678485b062455fa7cb763	EDNA79	38571
b8cb2eb897d678485b062455fa7cb763	EDNA93	6623
b8cb2eb897d678485b062455fa7cb763	EDNA94	1588
b8cb2eb897d678485b062455fa7cb763	EDNA95	995
b8cb2eb897d678485b062455fa7cb763	EDNA96	1335
b8cb2eb897d678485b062455fa7cb763	EDNA97	171
b8cb2eb897d678485b062455fa7cb763	EDNA98	158
b8cb2eb897d678485b062455fa7cb763	MB20	3
b8cb2eb897d678485b062455fa7cb763	EDNA99	115
b8cb2eb897d678485b062455fa7cb763	MB21	14
b8cb2eb897d678485b062455fa7cb763	EDNA20	2
b8cb2eb897d678485b062455fa7cb763	EDNA22	3
b8cb2eb897d678485b062455fa7cb763	EDNA23	57
b8cb2eb897d678485b062455fa7cb763	EDNA24	7
b8cb2eb897d678485b062455fa7cb763	EDNA26	3
b8cb2eb897d678485b062455fa7cb763	EDNA40	1007
b8cb2eb897d678485b062455fa7cb763	EDNA41	669
b8cb2eb897d678485b062455fa7cb763	EDNA42	631
b8cb2eb897d678485b062455fa7cb763	EDNA43	354
b8cb2eb897d678485b062455fa7cb763	EDNA44	346
b8cb2eb897d678485b062455fa7cb763	EDNA45	217
d95fef15159df990b3318867112ac5f1	EDNA46	14
d95fef15159df990b3318867112ac5f1	EDNA1	11884
d95fef15159df990b3318867112ac5f1	EDNA2	96220
d95fef15159df990b3318867112ac5f1	EDNA4	2
d95fef15159df990b3318867112ac5f1	EDNA62	90
d95fef15159df990b3318867112ac5f1	EDNA9	1438
d95fef15159df990b3318867112ac5f1	EDNA87	5
d95fef15159df990b3318867112ac5f1	MB10	1729
d95fef15159df990b3318867112ac5f1	MB11	8735
d95fef15159df990b3318867112ac5f1	MB12	14905
d95fef15159df990b3318867112ac5f1	MB13	1019
d95fef15159df990b3318867112ac5f1	MB14	2464
d95fef15159df990b3318867112ac5f1	MB15	1
d95fef15159df990b3318867112ac5f1	MB16	2444
d95fef15159df990b3318867112ac5f1	MB1	64756
d95fef15159df990b3318867112ac5f1	MB2	19200
d95fef15159df990b3318867112ac5f1	MB3	4133
d95fef15159df990b3318867112ac5f1	MB4	830
d95fef15159df990b3318867112ac5f1	MB19	1
d95fef15159df990b3318867112ac5f1	MB5	943
d95fef15159df990b3318867112ac5f1	MB6	10584
d95fef15159df990b3318867112ac5f1	MB7	18322
d95fef15159df990b3318867112ac5f1	MB8	13773
d95fef15159df990b3318867112ac5f1	MB9	2913
d95fef15159df990b3318867112ac5f1	EDNA10	1664
d95fef15159df990b3318867112ac5f1	EDNA11	829
d95fef15159df990b3318867112ac5f1	EDNA13	4
d95fef15159df990b3318867112ac5f1	EDNA14	638
d95fef15159df990b3318867112ac5f1	EDNA16	124
d95fef15159df990b3318867112ac5f1	EDNA31	22
d95fef15159df990b3318867112ac5f1	EDNA32	6093
d95fef15159df990b3318867112ac5f1	EDNA33	4197
d95fef15159df990b3318867112ac5f1	EDNA52	30
d95fef15159df990b3318867112ac5f1	EDNA54	7937
d95fef15159df990b3318867112ac5f1	EDNA56	259
d95fef15159df990b3318867112ac5f1	EDNA58	38
d95fef15159df990b3318867112ac5f1	EDNA94	1823
d95fef15159df990b3318867112ac5f1	EDNA97	70
d95fef15159df990b3318867112ac5f1	EDNA98	1
d95fef15159df990b3318867112ac5f1	EDNA99	889
d95fef15159df990b3318867112ac5f1	MB22	19
d95fef15159df990b3318867112ac5f1	MB23	3005
d95fef15159df990b3318867112ac5f1	MB24	12053
d95fef15159df990b3318867112ac5f1	MB25	639
d95fef15159df990b3318867112ac5f1	EDNA26	3568
d95fef15159df990b3318867112ac5f1	EDNA42	15526
d95fef15159df990b3318867112ac5f1	EDNA44	1
52c56d0fa00ab0cc349b8022faab0412	EDNA46	75
52c56d0fa00ab0cc349b8022faab0412	EDNA1	41117
52c56d0fa00ab0cc349b8022faab0412	EDNA60	312
52c56d0fa00ab0cc349b8022faab0412	EDNA47	88
52c56d0fa00ab0cc349b8022faab0412	EDNA2	30005
52c56d0fa00ab0cc349b8022faab0412	EDNA61	35
52c56d0fa00ab0cc349b8022faab0412	EDNA48	38
52c56d0fa00ab0cc349b8022faab0412	EDNA3	30677
52c56d0fa00ab0cc349b8022faab0412	EDNA62	23
52c56d0fa00ab0cc349b8022faab0412	EDNA63	30
52c56d0fa00ab0cc349b8022faab0412	EDNA7	2914
52c56d0fa00ab0cc349b8022faab0412	EDNA8	3472
52c56d0fa00ab0cc349b8022faab0412	EDNA66	1
52c56d0fa00ab0cc349b8022faab0412	EDNA9	2380
52c56d0fa00ab0cc349b8022faab0412	EDNA80	2415
52c56d0fa00ab0cc349b8022faab0412	EDNA67	246
52c56d0fa00ab0cc349b8022faab0412	EDNA81	3091
52c56d0fa00ab0cc349b8022faab0412	EDNA68	234
52c56d0fa00ab0cc349b8022faab0412	EDNA82	1343
52c56d0fa00ab0cc349b8022faab0412	EDNA69	131
52c56d0fa00ab0cc349b8022faab0412	EDNA83	1565
52c56d0fa00ab0cc349b8022faab0412	EDNA84	1870
52c56d0fa00ab0cc349b8022faab0412	EDNA85	1008
52c56d0fa00ab0cc349b8022faab0412	EDNA86	2601
52c56d0fa00ab0cc349b8022faab0412	EDNA87	650
52c56d0fa00ab0cc349b8022faab0412	MB1	17
52c56d0fa00ab0cc349b8022faab0412	MB2	4
52c56d0fa00ab0cc349b8022faab0412	MB4	1
52c56d0fa00ab0cc349b8022faab0412	EDNA102	1
52c56d0fa00ab0cc349b8022faab0412	CTRL1	1
52c56d0fa00ab0cc349b8022faab0412	CTRL2	51
52c56d0fa00ab0cc349b8022faab0412	EDNA10	1802
52c56d0fa00ab0cc349b8022faab0412	EDNA11	4231
52c56d0fa00ab0cc349b8022faab0412	EDNA12	3453
52c56d0fa00ab0cc349b8022faab0412	EDNA13	3973
52c56d0fa00ab0cc349b8022faab0412	EDNA14	7565
52c56d0fa00ab0cc349b8022faab0412	EDNA15	2675
52c56d0fa00ab0cc349b8022faab0412	EDNA16	8598
52c56d0fa00ab0cc349b8022faab0412	EDNA17	6889
52c56d0fa00ab0cc349b8022faab0412	EDNA18	14355
52c56d0fa00ab0cc349b8022faab0412	EDNA31	26896
52c56d0fa00ab0cc349b8022faab0412	EDNA19	1
52c56d0fa00ab0cc349b8022faab0412	EDNA32	8167
52c56d0fa00ab0cc349b8022faab0412	EDNA33	5670
52c56d0fa00ab0cc349b8022faab0412	EDNA34	4561
52c56d0fa00ab0cc349b8022faab0412	EDNA35	3367
52c56d0fa00ab0cc349b8022faab0412	EDNA36	4785
52c56d0fa00ab0cc349b8022faab0412	EDNA52	23
52c56d0fa00ab0cc349b8022faab0412	EDNA53	26
52c56d0fa00ab0cc349b8022faab0412	EDNA54	18
52c56d0fa00ab0cc349b8022faab0412	EDNA55	68
52c56d0fa00ab0cc349b8022faab0412	EDNA56	51
52c56d0fa00ab0cc349b8022faab0412	EDNA70	1127
52c56d0fa00ab0cc349b8022faab0412	EDNA57	62
52c56d0fa00ab0cc349b8022faab0412	EDNA71	782
52c56d0fa00ab0cc349b8022faab0412	EDNA58	318
52c56d0fa00ab0cc349b8022faab0412	EDNA59	383
52c56d0fa00ab0cc349b8022faab0412	EDNA73	3926
52c56d0fa00ab0cc349b8022faab0412	EDNA74	4043
52c56d0fa00ab0cc349b8022faab0412	EDNA75	6155
52c56d0fa00ab0cc349b8022faab0412	EDNA91	735
52c56d0fa00ab0cc349b8022faab0412	EDNA92	1284
52c56d0fa00ab0cc349b8022faab0412	EDNA79	1386
52c56d0fa00ab0cc349b8022faab0412	EDNA93	2086
52c56d0fa00ab0cc349b8022faab0412	EDNA94	628
52c56d0fa00ab0cc349b8022faab0412	EDNA95	1316
52c56d0fa00ab0cc349b8022faab0412	EDNA96	1363
52c56d0fa00ab0cc349b8022faab0412	EDNA97	365
52c56d0fa00ab0cc349b8022faab0412	EDNA98	455
52c56d0fa00ab0cc349b8022faab0412	EDNA99	207
52c56d0fa00ab0cc349b8022faab0412	EDNA21	1
52c56d0fa00ab0cc349b8022faab0412	EDNA22	1676
52c56d0fa00ab0cc349b8022faab0412	EDNA23	2831
52c56d0fa00ab0cc349b8022faab0412	EDNA24	4270
52c56d0fa00ab0cc349b8022faab0412	EDNA25	3325
52c56d0fa00ab0cc349b8022faab0412	EDNA26	797
52c56d0fa00ab0cc349b8022faab0412	EDNA27	1517
52c56d0fa00ab0cc349b8022faab0412	EDNA43	44
52c56d0fa00ab0cc349b8022faab0412	EDNA44	44
52c56d0fa00ab0cc349b8022faab0412	EDNA45	82
1dc0f637d0ef2d7d219091af331ba2ea	EDNA46	4372
1dc0f637d0ef2d7d219091af331ba2ea	EDNA47	1262
1dc0f637d0ef2d7d219091af331ba2ea	EDNA2	1215
1dc0f637d0ef2d7d219091af331ba2ea	EDNA60	4323
1dc0f637d0ef2d7d219091af331ba2ea	EDNA48	395
1dc0f637d0ef2d7d219091af331ba2ea	EDNA61	574
1dc0f637d0ef2d7d219091af331ba2ea	EDNA62	13
1dc0f637d0ef2d7d219091af331ba2ea	EDNA63	543
1dc0f637d0ef2d7d219091af331ba2ea	EDNA7	975
1dc0f637d0ef2d7d219091af331ba2ea	EDNA8	112
1dc0f637d0ef2d7d219091af331ba2ea	EDNA9	305
1dc0f637d0ef2d7d219091af331ba2ea	EDNA80	2434
1dc0f637d0ef2d7d219091af331ba2ea	EDNA81	1355
1dc0f637d0ef2d7d219091af331ba2ea	EDNA82	250
1dc0f637d0ef2d7d219091af331ba2ea	EDNA84	594
1dc0f637d0ef2d7d219091af331ba2ea	EDNA86	8177
1dc0f637d0ef2d7d219091af331ba2ea	EDNA87	4265
1dc0f637d0ef2d7d219091af331ba2ea	MB10	4930
1dc0f637d0ef2d7d219091af331ba2ea	MB11	1080
1dc0f637d0ef2d7d219091af331ba2ea	MB12	6692
1dc0f637d0ef2d7d219091af331ba2ea	MB13	4668
1dc0f637d0ef2d7d219091af331ba2ea	MB14	5636
1dc0f637d0ef2d7d219091af331ba2ea	MB15	13951
1dc0f637d0ef2d7d219091af331ba2ea	MB1	3081
1dc0f637d0ef2d7d219091af331ba2ea	MB16	5409
1dc0f637d0ef2d7d219091af331ba2ea	MB2	2977
1dc0f637d0ef2d7d219091af331ba2ea	MB4	8094
1dc0f637d0ef2d7d219091af331ba2ea	MB6	11911
1dc0f637d0ef2d7d219091af331ba2ea	MB7	30
1dc0f637d0ef2d7d219091af331ba2ea	MB8	3167
1dc0f637d0ef2d7d219091af331ba2ea	MB9	9912
1dc0f637d0ef2d7d219091af331ba2ea	EDNA10	2655
1dc0f637d0ef2d7d219091af331ba2ea	EDNA11	1029
1dc0f637d0ef2d7d219091af331ba2ea	EDNA12	1579
1dc0f637d0ef2d7d219091af331ba2ea	EDNA13	2567
1dc0f637d0ef2d7d219091af331ba2ea	EDNA14	3594
1dc0f637d0ef2d7d219091af331ba2ea	EDNA15	2107
1dc0f637d0ef2d7d219091af331ba2ea	EDNA16	128
1dc0f637d0ef2d7d219091af331ba2ea	EDNA17	142
1dc0f637d0ef2d7d219091af331ba2ea	EDNA18	1580
1dc0f637d0ef2d7d219091af331ba2ea	EDNA35	2261
1dc0f637d0ef2d7d219091af331ba2ea	EDNA36	1953
1dc0f637d0ef2d7d219091af331ba2ea	EDNA52	37
1dc0f637d0ef2d7d219091af331ba2ea	EDNA53	1518
1dc0f637d0ef2d7d219091af331ba2ea	EDNA54	2348
1dc0f637d0ef2d7d219091af331ba2ea	EDNA55	510
1dc0f637d0ef2d7d219091af331ba2ea	EDNA56	1015
1dc0f637d0ef2d7d219091af331ba2ea	EDNA57	908
1dc0f637d0ef2d7d219091af331ba2ea	EDNA58	855
1dc0f637d0ef2d7d219091af331ba2ea	EDNA59	3735
1dc0f637d0ef2d7d219091af331ba2ea	EDNA91	2666
1dc0f637d0ef2d7d219091af331ba2ea	EDNA92	546
1dc0f637d0ef2d7d219091af331ba2ea	EDNA79	2448
1dc0f637d0ef2d7d219091af331ba2ea	EDNA93	878
1dc0f637d0ef2d7d219091af331ba2ea	EDNA94	571
1dc0f637d0ef2d7d219091af331ba2ea	EDNA95	83
1dc0f637d0ef2d7d219091af331ba2ea	EDNA97	819
1dc0f637d0ef2d7d219091af331ba2ea	MB20	7504
1dc0f637d0ef2d7d219091af331ba2ea	EDNA99	101
1dc0f637d0ef2d7d219091af331ba2ea	MB21	2192
1dc0f637d0ef2d7d219091af331ba2ea	MB22	5312
1dc0f637d0ef2d7d219091af331ba2ea	MB23	7543
1dc0f637d0ef2d7d219091af331ba2ea	MB24	4776
1dc0f637d0ef2d7d219091af331ba2ea	MB25	2610
1dc0f637d0ef2d7d219091af331ba2ea	EDNA25	2277
1dc0f637d0ef2d7d219091af331ba2ea	EDNA26	33
1dc0f637d0ef2d7d219091af331ba2ea	EDNA27	210
1dc0f637d0ef2d7d219091af331ba2ea	EDNA40	927
1dc0f637d0ef2d7d219091af331ba2ea	EDNA41	8368
1dc0f637d0ef2d7d219091af331ba2ea	EDNA42	2530
1dc0f637d0ef2d7d219091af331ba2ea	EDNA43	1733
1dc0f637d0ef2d7d219091af331ba2ea	EDNA44	8289
1dc0f637d0ef2d7d219091af331ba2ea	EDNA45	2235
542ab3ed4de8af423d28a5aeb4601513	MB8	1342
542ab3ed4de8af423d28a5aeb4601513	MB10	904
542ab3ed4de8af423d28a5aeb4601513	EDNA96	60
542ab3ed4de8af423d28a5aeb4601513	EDNA78	1
542ab3ed4de8af423d28a5aeb4601513	MB9	2765
542ab3ed4de8af423d28a5aeb4601513	MB20	2904
542ab3ed4de8af423d28a5aeb4601513	MB11	725
542ab3ed4de8af423d28a5aeb4601513	MB21	17367
542ab3ed4de8af423d28a5aeb4601513	MB12	2605
542ab3ed4de8af423d28a5aeb4601513	MB22	705
542ab3ed4de8af423d28a5aeb4601513	MB13	3255
542ab3ed4de8af423d28a5aeb4601513	CTRL2	4
542ab3ed4de8af423d28a5aeb4601513	MB23	390
542ab3ed4de8af423d28a5aeb4601513	MB14	1631
542ab3ed4de8af423d28a5aeb4601513	EDNA60	1290
542ab3ed4de8af423d28a5aeb4601513	EDNA15	1246
542ab3ed4de8af423d28a5aeb4601513	MB24	4140
542ab3ed4de8af423d28a5aeb4601513	EDNA52	15614
542ab3ed4de8af423d28a5aeb4601513	EDNA43	5802
542ab3ed4de8af423d28a5aeb4601513	MB25	64607
542ab3ed4de8af423d28a5aeb4601513	MB1	682
542ab3ed4de8af423d28a5aeb4601513	MB16	7635
542ab3ed4de8af423d28a5aeb4601513	EDNA62	82
542ab3ed4de8af423d28a5aeb4601513	EDNA53	66
542ab3ed4de8af423d28a5aeb4601513	EDNA3	1753
542ab3ed4de8af423d28a5aeb4601513	MB2	2453
542ab3ed4de8af423d28a5aeb4601513	EDNA81	2299
542ab3ed4de8af423d28a5aeb4601513	MB3	5628
542ab3ed4de8af423d28a5aeb4601513	EDNA46	27825
542ab3ed4de8af423d28a5aeb4601513	MB4	3458
542ab3ed4de8af423d28a5aeb4601513	EDNA47	119
542ab3ed4de8af423d28a5aeb4601513	MB5	998
542ab3ed4de8af423d28a5aeb4601513	EDNA84	22163
542ab3ed4de8af423d28a5aeb4601513	EDNA39	5
542ab3ed4de8af423d28a5aeb4601513	MB6	1382
542ab3ed4de8af423d28a5aeb4601513	EDNA58	110
542ab3ed4de8af423d28a5aeb4601513	EDNA59	663
293214a428e3e6cc925219f8241c6bda	EDNA46	41
293214a428e3e6cc925219f8241c6bda	EDNA47	404
293214a428e3e6cc925219f8241c6bda	EDNA48	46
293214a428e3e6cc925219f8241c6bda	EDNA63	2
293214a428e3e6cc925219f8241c6bda	EDNA64	1
293214a428e3e6cc925219f8241c6bda	EDNA8	1
293214a428e3e6cc925219f8241c6bda	EDNA67	12264
293214a428e3e6cc925219f8241c6bda	EDNA80	513
293214a428e3e6cc925219f8241c6bda	EDNA68	12353
293214a428e3e6cc925219f8241c6bda	EDNA81	1334
293214a428e3e6cc925219f8241c6bda	EDNA82	7749
293214a428e3e6cc925219f8241c6bda	EDNA69	10594
293214a428e3e6cc925219f8241c6bda	EDNA83	10200
293214a428e3e6cc925219f8241c6bda	EDNA84	7161
293214a428e3e6cc925219f8241c6bda	EDNA85	8704
293214a428e3e6cc925219f8241c6bda	EDNA86	5520
293214a428e3e6cc925219f8241c6bda	EDNA87	2573
293214a428e3e6cc925219f8241c6bda	MB10	6
293214a428e3e6cc925219f8241c6bda	MB12	22
293214a428e3e6cc925219f8241c6bda	MB13	2
293214a428e3e6cc925219f8241c6bda	MB14	44
293214a428e3e6cc925219f8241c6bda	MB17	16328
293214a428e3e6cc925219f8241c6bda	MB3	16
293214a428e3e6cc925219f8241c6bda	MB18	16042
293214a428e3e6cc925219f8241c6bda	MB19	8059
293214a428e3e6cc925219f8241c6bda	MB5	1
293214a428e3e6cc925219f8241c6bda	MB7	135
293214a428e3e6cc925219f8241c6bda	MB8	2
293214a428e3e6cc925219f8241c6bda	MB9	12
293214a428e3e6cc925219f8241c6bda	EDNA11	1
293214a428e3e6cc925219f8241c6bda	EDNA12	1
293214a428e3e6cc925219f8241c6bda	EDNA14	1
293214a428e3e6cc925219f8241c6bda	EDNA52	1
293214a428e3e6cc925219f8241c6bda	EDNA53	1
293214a428e3e6cc925219f8241c6bda	EDNA57	1
293214a428e3e6cc925219f8241c6bda	EDNA70	13384
293214a428e3e6cc925219f8241c6bda	EDNA71	8349
293214a428e3e6cc925219f8241c6bda	EDNA72	44
293214a428e3e6cc925219f8241c6bda	EDNA73	10778
293214a428e3e6cc925219f8241c6bda	EDNA74	3397
293214a428e3e6cc925219f8241c6bda	EDNA75	9107
293214a428e3e6cc925219f8241c6bda	EDNA91	1031
293214a428e3e6cc925219f8241c6bda	EDNA78	1
293214a428e3e6cc925219f8241c6bda	EDNA92	1706
293214a428e3e6cc925219f8241c6bda	EDNA79	495
293214a428e3e6cc925219f8241c6bda	EDNA93	1554
293214a428e3e6cc925219f8241c6bda	EDNA94	206
293214a428e3e6cc925219f8241c6bda	EDNA95	324
293214a428e3e6cc925219f8241c6bda	EDNA96	645
293214a428e3e6cc925219f8241c6bda	MB20	1263
293214a428e3e6cc925219f8241c6bda	MB21	18622
293214a428e3e6cc925219f8241c6bda	MB22	488
293214a428e3e6cc925219f8241c6bda	MB23	844
293214a428e3e6cc925219f8241c6bda	MB24	318
293214a428e3e6cc925219f8241c6bda	MB25	173
293214a428e3e6cc925219f8241c6bda	EDNA41	251
293214a428e3e6cc925219f8241c6bda	EDNA42	1
293214a428e3e6cc925219f8241c6bda	EDNA43	112
1460bf0ecee1d19814c60be7f1661017	EDNA46	1405
1460bf0ecee1d19814c60be7f1661017	EDNA1	839
1460bf0ecee1d19814c60be7f1661017	EDNA47	6511
1460bf0ecee1d19814c60be7f1661017	EDNA60	539
1460bf0ecee1d19814c60be7f1661017	EDNA48	1751
1460bf0ecee1d19814c60be7f1661017	EDNA61	317
1460bf0ecee1d19814c60be7f1661017	EDNA62	112
1460bf0ecee1d19814c60be7f1661017	EDNA63	413
1460bf0ecee1d19814c60be7f1661017	EDNA7	1
1460bf0ecee1d19814c60be7f1661017	EDNA8	139
1460bf0ecee1d19814c60be7f1661017	EDNA80	557
1460bf0ecee1d19814c60be7f1661017	EDNA81	1396
1460bf0ecee1d19814c60be7f1661017	EDNA83	491
1460bf0ecee1d19814c60be7f1661017	EDNA84	2031
1460bf0ecee1d19814c60be7f1661017	EDNA85	7813
1460bf0ecee1d19814c60be7f1661017	EDNA86	2083
1460bf0ecee1d19814c60be7f1661017	EDNA87	811
1460bf0ecee1d19814c60be7f1661017	MB10	180
1460bf0ecee1d19814c60be7f1661017	MB11	3399
1460bf0ecee1d19814c60be7f1661017	MB12	334
1460bf0ecee1d19814c60be7f1661017	MB13	208
1460bf0ecee1d19814c60be7f1661017	MB14	872
1460bf0ecee1d19814c60be7f1661017	MB15	10827
1460bf0ecee1d19814c60be7f1661017	MB1	27
1460bf0ecee1d19814c60be7f1661017	MB16	2791
1460bf0ecee1d19814c60be7f1661017	MB2	561
1460bf0ecee1d19814c60be7f1661017	MB18	26
1460bf0ecee1d19814c60be7f1661017	MB4	135
1460bf0ecee1d19814c60be7f1661017	MB19	1216
1460bf0ecee1d19814c60be7f1661017	MB6	6022
1460bf0ecee1d19814c60be7f1661017	MB7	7545
1460bf0ecee1d19814c60be7f1661017	MB8	952
1460bf0ecee1d19814c60be7f1661017	MB9	12602
1460bf0ecee1d19814c60be7f1661017	CTRL1	1
1460bf0ecee1d19814c60be7f1661017	EDNA10	57
1460bf0ecee1d19814c60be7f1661017	EDNA12	71
1460bf0ecee1d19814c60be7f1661017	EDNA13	859
1460bf0ecee1d19814c60be7f1661017	EDNA15	89
1460bf0ecee1d19814c60be7f1661017	EDNA32	85
1460bf0ecee1d19814c60be7f1661017	EDNA33	1282
1460bf0ecee1d19814c60be7f1661017	EDNA34	9808
1460bf0ecee1d19814c60be7f1661017	EDNA35	7622
1460bf0ecee1d19814c60be7f1661017	EDNA36	5504
1460bf0ecee1d19814c60be7f1661017	EDNA52	1265
1460bf0ecee1d19814c60be7f1661017	EDNA53	285
1460bf0ecee1d19814c60be7f1661017	EDNA54	422
1460bf0ecee1d19814c60be7f1661017	EDNA55	108
1460bf0ecee1d19814c60be7f1661017	EDNA56	322
1460bf0ecee1d19814c60be7f1661017	EDNA57	139
1460bf0ecee1d19814c60be7f1661017	EDNA58	2496
1460bf0ecee1d19814c60be7f1661017	EDNA59	1703
1460bf0ecee1d19814c60be7f1661017	EDNA75	19
1460bf0ecee1d19814c60be7f1661017	EDNA91	704
1460bf0ecee1d19814c60be7f1661017	EDNA92	719
1460bf0ecee1d19814c60be7f1661017	EDNA79	1145
1460bf0ecee1d19814c60be7f1661017	EDNA93	898
1460bf0ecee1d19814c60be7f1661017	EDNA94	1904
1460bf0ecee1d19814c60be7f1661017	EDNA95	825
1460bf0ecee1d19814c60be7f1661017	EDNA96	3503
1460bf0ecee1d19814c60be7f1661017	EDNA97	3414
1460bf0ecee1d19814c60be7f1661017	EDNA98	3805
1460bf0ecee1d19814c60be7f1661017	MB20	1536
1460bf0ecee1d19814c60be7f1661017	EDNA99	1153
1460bf0ecee1d19814c60be7f1661017	MB21	550
1460bf0ecee1d19814c60be7f1661017	MB22	118
1460bf0ecee1d19814c60be7f1661017	MB23	198
1460bf0ecee1d19814c60be7f1661017	MB24	634
1460bf0ecee1d19814c60be7f1661017	MB25	34037
1460bf0ecee1d19814c60be7f1661017	EDNA22	6638
1460bf0ecee1d19814c60be7f1661017	EDNA23	950
1460bf0ecee1d19814c60be7f1661017	EDNA24	4431
1460bf0ecee1d19814c60be7f1661017	EDNA25	2055
1460bf0ecee1d19814c60be7f1661017	EDNA26	3488
1460bf0ecee1d19814c60be7f1661017	EDNA27	1326
1460bf0ecee1d19814c60be7f1661017	EDNA42	1394
1460bf0ecee1d19814c60be7f1661017	EDNA43	72
1460bf0ecee1d19814c60be7f1661017	EDNA45	634
4bcc7699325ee7218781d0e40f99533c	EDNA47	6
4bcc7699325ee7218781d0e40f99533c	EDNA2	374
4bcc7699325ee7218781d0e40f99533c	EDNA48	5
4bcc7699325ee7218781d0e40f99533c	EDNA7	87
4bcc7699325ee7218781d0e40f99533c	MB10	111
4bcc7699325ee7218781d0e40f99533c	MB11	290
4bcc7699325ee7218781d0e40f99533c	MB12	3
4bcc7699325ee7218781d0e40f99533c	MB13	195
4bcc7699325ee7218781d0e40f99533c	MB14	79
4bcc7699325ee7218781d0e40f99533c	MB1	41330
4bcc7699325ee7218781d0e40f99533c	MB2	48286
4bcc7699325ee7218781d0e40f99533c	MB17	3
4bcc7699325ee7218781d0e40f99533c	MB3	621
4bcc7699325ee7218781d0e40f99533c	MB18	8245
4bcc7699325ee7218781d0e40f99533c	MB4	1435
4bcc7699325ee7218781d0e40f99533c	MB19	420
4bcc7699325ee7218781d0e40f99533c	MB5	10800
4bcc7699325ee7218781d0e40f99533c	MB6	807
4bcc7699325ee7218781d0e40f99533c	MB7	11898
4bcc7699325ee7218781d0e40f99533c	MB8	9554
4bcc7699325ee7218781d0e40f99533c	MB9	6899
4bcc7699325ee7218781d0e40f99533c	EDNA10	847
4bcc7699325ee7218781d0e40f99533c	EDNA12	3
4bcc7699325ee7218781d0e40f99533c	EDNA14	171
4bcc7699325ee7218781d0e40f99533c	EDNA15	20
4bcc7699325ee7218781d0e40f99533c	EDNA17	29
4bcc7699325ee7218781d0e40f99533c	EDNA30	1
4bcc7699325ee7218781d0e40f99533c	EDNA33	1
4bcc7699325ee7218781d0e40f99533c	EDNA34	6511
4bcc7699325ee7218781d0e40f99533c	EDNA35	51
4bcc7699325ee7218781d0e40f99533c	EDNA36	59
4bcc7699325ee7218781d0e40f99533c	EDNA38	10027
4bcc7699325ee7218781d0e40f99533c	EDNA71	3665
4bcc7699325ee7218781d0e40f99533c	EDNA74	109
4bcc7699325ee7218781d0e40f99533c	MB20	25
4bcc7699325ee7218781d0e40f99533c	MB22	71
4bcc7699325ee7218781d0e40f99533c	MB23	14
4bcc7699325ee7218781d0e40f99533c	MB24	18
4bcc7699325ee7218781d0e40f99533c	MB25	480
4bcc7699325ee7218781d0e40f99533c	EDNA22	513
4bcc7699325ee7218781d0e40f99533c	EDNA23	8
4bcc7699325ee7218781d0e40f99533c	EDNA24	1396
4bcc7699325ee7218781d0e40f99533c	EDNA25	650
4bcc7699325ee7218781d0e40f99533c	EDNA26	486
4bcc7699325ee7218781d0e40f99533c	EDNA27	605
4bcc7699325ee7218781d0e40f99533c	EDNA41	1141
4bcc7699325ee7218781d0e40f99533c	EDNA44	5452
577b2e06d255ad4a1270eaa916e3f96e	EDNA46	7811
577b2e06d255ad4a1270eaa916e3f96e	EDNA1	3
577b2e06d255ad4a1270eaa916e3f96e	EDNA47	7186
577b2e06d255ad4a1270eaa916e3f96e	EDNA60	417
577b2e06d255ad4a1270eaa916e3f96e	EDNA48	4615
577b2e06d255ad4a1270eaa916e3f96e	EDNA3	11
577b2e06d255ad4a1270eaa916e3f96e	EDNA61	241
577b2e06d255ad4a1270eaa916e3f96e	EDNA62	162
577b2e06d255ad4a1270eaa916e3f96e	EDNA63	142
577b2e06d255ad4a1270eaa916e3f96e	EDNA8	1
577b2e06d255ad4a1270eaa916e3f96e	EDNA80	15
577b2e06d255ad4a1270eaa916e3f96e	EDNA81	9
577b2e06d255ad4a1270eaa916e3f96e	EDNA85	89
577b2e06d255ad4a1270eaa916e3f96e	EDNA86	102
577b2e06d255ad4a1270eaa916e3f96e	EDNA87	20
577b2e06d255ad4a1270eaa916e3f96e	EDNA88	1
577b2e06d255ad4a1270eaa916e3f96e	MB12	19
577b2e06d255ad4a1270eaa916e3f96e	MB13	8
577b2e06d255ad4a1270eaa916e3f96e	MB9	1
577b2e06d255ad4a1270eaa916e3f96e	EDNA10	1
577b2e06d255ad4a1270eaa916e3f96e	EDNA13	120
577b2e06d255ad4a1270eaa916e3f96e	EDNA14	124
577b2e06d255ad4a1270eaa916e3f96e	EDNA15	108
577b2e06d255ad4a1270eaa916e3f96e	EDNA17	3
577b2e06d255ad4a1270eaa916e3f96e	EDNA31	5
577b2e06d255ad4a1270eaa916e3f96e	EDNA34	4004
577b2e06d255ad4a1270eaa916e3f96e	EDNA35	2729
577b2e06d255ad4a1270eaa916e3f96e	EDNA36	3640
577b2e06d255ad4a1270eaa916e3f96e	EDNA39	1
577b2e06d255ad4a1270eaa916e3f96e	EDNA52	2517
577b2e06d255ad4a1270eaa916e3f96e	EDNA53	1934
577b2e06d255ad4a1270eaa916e3f96e	EDNA54	2522
577b2e06d255ad4a1270eaa916e3f96e	EDNA55	1256
577b2e06d255ad4a1270eaa916e3f96e	EDNA56	930
577b2e06d255ad4a1270eaa916e3f96e	EDNA57	1855
577b2e06d255ad4a1270eaa916e3f96e	EDNA58	494
577b2e06d255ad4a1270eaa916e3f96e	EDNA59	405
577b2e06d255ad4a1270eaa916e3f96e	EDNA91	612
577b2e06d255ad4a1270eaa916e3f96e	EDNA92	642
577b2e06d255ad4a1270eaa916e3f96e	EDNA79	1
577b2e06d255ad4a1270eaa916e3f96e	EDNA93	1242
577b2e06d255ad4a1270eaa916e3f96e	EDNA94	301
577b2e06d255ad4a1270eaa916e3f96e	EDNA95	368
577b2e06d255ad4a1270eaa916e3f96e	EDNA96	330
577b2e06d255ad4a1270eaa916e3f96e	EDNA97	148
577b2e06d255ad4a1270eaa916e3f96e	EDNA98	135
577b2e06d255ad4a1270eaa916e3f96e	EDNA99	103
577b2e06d255ad4a1270eaa916e3f96e	EDNA22	47
577b2e06d255ad4a1270eaa916e3f96e	EDNA23	68
577b2e06d255ad4a1270eaa916e3f96e	EDNA24	98
577b2e06d255ad4a1270eaa916e3f96e	EDNA25	229
577b2e06d255ad4a1270eaa916e3f96e	EDNA26	114
577b2e06d255ad4a1270eaa916e3f96e	EDNA27	261
577b2e06d255ad4a1270eaa916e3f96e	EDNA40	33109
577b2e06d255ad4a1270eaa916e3f96e	EDNA41	23628
577b2e06d255ad4a1270eaa916e3f96e	EDNA42	31584
577b2e06d255ad4a1270eaa916e3f96e	EDNA43	15776
577b2e06d255ad4a1270eaa916e3f96e	EDNA44	7958
577b2e06d255ad4a1270eaa916e3f96e	EDNA45	10414
8cfbef2443161dd38f604403c8b9f502	EDNA46	1333
8cfbef2443161dd38f604403c8b9f502	EDNA1	630
8cfbef2443161dd38f604403c8b9f502	EDNA47	3677
8cfbef2443161dd38f604403c8b9f502	EDNA60	402
8cfbef2443161dd38f604403c8b9f502	EDNA48	2422
8cfbef2443161dd38f604403c8b9f502	EDNA61	360
8cfbef2443161dd38f604403c8b9f502	EDNA62	31
8cfbef2443161dd38f604403c8b9f502	EDNA63	260
8cfbef2443161dd38f604403c8b9f502	EDNA8	353
8cfbef2443161dd38f604403c8b9f502	EDNA80	760
8cfbef2443161dd38f604403c8b9f502	EDNA81	1637
8cfbef2443161dd38f604403c8b9f502	EDNA82	442
8cfbef2443161dd38f604403c8b9f502	EDNA83	566
8cfbef2443161dd38f604403c8b9f502	EDNA84	2386
8cfbef2443161dd38f604403c8b9f502	EDNA85	5399
8cfbef2443161dd38f604403c8b9f502	EDNA86	1814
8cfbef2443161dd38f604403c8b9f502	EDNA87	720
8cfbef2443161dd38f604403c8b9f502	MB10	148
8cfbef2443161dd38f604403c8b9f502	MB11	4040
8cfbef2443161dd38f604403c8b9f502	MB12	246
8cfbef2443161dd38f604403c8b9f502	MB13	262
8cfbef2443161dd38f604403c8b9f502	MB14	677
8cfbef2443161dd38f604403c8b9f502	MB15	9348
8cfbef2443161dd38f604403c8b9f502	MB16	2204
8cfbef2443161dd38f604403c8b9f502	MB2	307
8cfbef2443161dd38f604403c8b9f502	MB18	49
8cfbef2443161dd38f604403c8b9f502	MB4	180
8cfbef2443161dd38f604403c8b9f502	MB19	2023
8cfbef2443161dd38f604403c8b9f502	MB6	3936
8cfbef2443161dd38f604403c8b9f502	MB7	5600
8cfbef2443161dd38f604403c8b9f502	MB8	1335
8cfbef2443161dd38f604403c8b9f502	MB9	11147
8cfbef2443161dd38f604403c8b9f502	EDNA10	21
8cfbef2443161dd38f604403c8b9f502	EDNA12	866
8cfbef2443161dd38f604403c8b9f502	EDNA13	527
8cfbef2443161dd38f604403c8b9f502	EDNA15	70
8cfbef2443161dd38f604403c8b9f502	EDNA19	1
8cfbef2443161dd38f604403c8b9f502	EDNA32	23
8cfbef2443161dd38f604403c8b9f502	EDNA33	2793
8cfbef2443161dd38f604403c8b9f502	EDNA34	15715
8cfbef2443161dd38f604403c8b9f502	EDNA35	10869
8cfbef2443161dd38f604403c8b9f502	EDNA36	5166
8cfbef2443161dd38f604403c8b9f502	EDNA37	1
8cfbef2443161dd38f604403c8b9f502	EDNA52	1146
8cfbef2443161dd38f604403c8b9f502	EDNA53	653
8cfbef2443161dd38f604403c8b9f502	EDNA54	642
8cfbef2443161dd38f604403c8b9f502	EDNA55	212
8cfbef2443161dd38f604403c8b9f502	EDNA56	249
8cfbef2443161dd38f604403c8b9f502	EDNA57	450
8cfbef2443161dd38f604403c8b9f502	EDNA58	2686
8cfbef2443161dd38f604403c8b9f502	EDNA59	1209
8cfbef2443161dd38f604403c8b9f502	EDNA91	1018
8cfbef2443161dd38f604403c8b9f502	EDNA92	164
8cfbef2443161dd38f604403c8b9f502	EDNA79	866
8cfbef2443161dd38f604403c8b9f502	EDNA93	443
8cfbef2443161dd38f604403c8b9f502	EDNA94	1245
8cfbef2443161dd38f604403c8b9f502	EDNA95	965
8cfbef2443161dd38f604403c8b9f502	EDNA96	802
8cfbef2443161dd38f604403c8b9f502	EDNA97	2666
8cfbef2443161dd38f604403c8b9f502	EDNA98	1609
8cfbef2443161dd38f604403c8b9f502	MB20	1349
8cfbef2443161dd38f604403c8b9f502	EDNA99	524
8cfbef2443161dd38f604403c8b9f502	MB21	583
8cfbef2443161dd38f604403c8b9f502	MB22	126
8cfbef2443161dd38f604403c8b9f502	MB23	123
8cfbef2443161dd38f604403c8b9f502	MB24	616
8cfbef2443161dd38f604403c8b9f502	MB25	29050
8cfbef2443161dd38f604403c8b9f502	EDNA20	1
8cfbef2443161dd38f604403c8b9f502	EDNA22	4085
8cfbef2443161dd38f604403c8b9f502	EDNA23	687
8cfbef2443161dd38f604403c8b9f502	EDNA24	4735
8cfbef2443161dd38f604403c8b9f502	EDNA25	2109
8cfbef2443161dd38f604403c8b9f502	EDNA26	1764
8cfbef2443161dd38f604403c8b9f502	EDNA27	377
8cfbef2443161dd38f604403c8b9f502	EDNA42	1775
8cfbef2443161dd38f604403c8b9f502	EDNA43	6
8cfbef2443161dd38f604403c8b9f502	EDNA44	21
8cfbef2443161dd38f604403c8b9f502	EDNA45	893
7d630d8e2aebf796f413812b17c9e018	EDNA87	615
7d630d8e2aebf796f413812b17c9e018	EDNA69	24753
7d630d8e2aebf796f413812b17c9e018	MB20	34
7d630d8e2aebf796f413812b17c9e018	EDNA79	115
7d630d8e2aebf796f413812b17c9e018	MB22	20
7d630d8e2aebf796f413812b17c9e018	MB13	1
7d630d8e2aebf796f413812b17c9e018	CTRL3	1
7d630d8e2aebf796f413812b17c9e018	MB24	15
7d630d8e2aebf796f413812b17c9e018	EDNA70	10989
7d630d8e2aebf796f413812b17c9e018	EDNA43	2
7d630d8e2aebf796f413812b17c9e018	EDNA71	8325
7d630d8e2aebf796f413812b17c9e018	MB17	23571
7d630d8e2aebf796f413812b17c9e018	EDNA81	32
7d630d8e2aebf796f413812b17c9e018	EDNA63	3
7d630d8e2aebf796f413812b17c9e018	EDNA45	2
7d630d8e2aebf796f413812b17c9e018	MB18	10081
7d630d8e2aebf796f413812b17c9e018	EDNA73	27
7d630d8e2aebf796f413812b17c9e018	EDNA64	5
7d630d8e2aebf796f413812b17c9e018	EDNA19	1
7d630d8e2aebf796f413812b17c9e018	MB19	3900
7d630d8e2aebf796f413812b17c9e018	EDNA65	6
7d630d8e2aebf796f413812b17c9e018	EDNA85	924
7d630d8e2aebf796f413812b17c9e018	EDNA67	31801
7d630d8e2aebf796f413812b17c9e018	EDNA86	615
7d630d8e2aebf796f413812b17c9e018	EDNA68	19405
cc3d39be9e83197cfc72c7907e7994d6	EDNA46	2819
cc3d39be9e83197cfc72c7907e7994d6	EDNA1	1101
cc3d39be9e83197cfc72c7907e7994d6	EDNA60	551
cc3d39be9e83197cfc72c7907e7994d6	EDNA47	2583
cc3d39be9e83197cfc72c7907e7994d6	EDNA2	1303
cc3d39be9e83197cfc72c7907e7994d6	EDNA61	411
cc3d39be9e83197cfc72c7907e7994d6	EDNA48	1530
cc3d39be9e83197cfc72c7907e7994d6	EDNA3	1240
cc3d39be9e83197cfc72c7907e7994d6	EDNA62	328
cc3d39be9e83197cfc72c7907e7994d6	EDNA63	493
cc3d39be9e83197cfc72c7907e7994d6	EDNA7	211
cc3d39be9e83197cfc72c7907e7994d6	EDNA65	1
cc3d39be9e83197cfc72c7907e7994d6	EDNA8	260
cc3d39be9e83197cfc72c7907e7994d6	EDNA9	168
cc3d39be9e83197cfc72c7907e7994d6	EDNA80	6090
cc3d39be9e83197cfc72c7907e7994d6	EDNA81	6876
cc3d39be9e83197cfc72c7907e7994d6	EDNA82	2995
cc3d39be9e83197cfc72c7907e7994d6	EDNA83	3127
cc3d39be9e83197cfc72c7907e7994d6	EDNA84	4562
cc3d39be9e83197cfc72c7907e7994d6	EDNA85	2162
cc3d39be9e83197cfc72c7907e7994d6	EDNA86	2422
cc3d39be9e83197cfc72c7907e7994d6	EDNA87	1006
cc3d39be9e83197cfc72c7907e7994d6	MB13	2
cc3d39be9e83197cfc72c7907e7994d6	MB19	4
cc3d39be9e83197cfc72c7907e7994d6	CTRL2	2
cc3d39be9e83197cfc72c7907e7994d6	EDNA10	60
cc3d39be9e83197cfc72c7907e7994d6	EDNA11	122
cc3d39be9e83197cfc72c7907e7994d6	EDNA12	79
cc3d39be9e83197cfc72c7907e7994d6	EDNA13	614
cc3d39be9e83197cfc72c7907e7994d6	EDNA14	1096
cc3d39be9e83197cfc72c7907e7994d6	EDNA15	339
cc3d39be9e83197cfc72c7907e7994d6	EDNA16	373
cc3d39be9e83197cfc72c7907e7994d6	EDNA17	465
cc3d39be9e83197cfc72c7907e7994d6	EDNA30	1
cc3d39be9e83197cfc72c7907e7994d6	EDNA18	469
cc3d39be9e83197cfc72c7907e7994d6	EDNA31	3245
cc3d39be9e83197cfc72c7907e7994d6	EDNA32	1591
cc3d39be9e83197cfc72c7907e7994d6	EDNA33	900
cc3d39be9e83197cfc72c7907e7994d6	EDNA34	11630
cc3d39be9e83197cfc72c7907e7994d6	EDNA35	6166
cc3d39be9e83197cfc72c7907e7994d6	EDNA36	9408
cc3d39be9e83197cfc72c7907e7994d6	EDNA37	2
cc3d39be9e83197cfc72c7907e7994d6	EDNA38	1
cc3d39be9e83197cfc72c7907e7994d6	EDNA52	414
cc3d39be9e83197cfc72c7907e7994d6	EDNA39	1
cc3d39be9e83197cfc72c7907e7994d6	EDNA53	391
cc3d39be9e83197cfc72c7907e7994d6	EDNA54	409
cc3d39be9e83197cfc72c7907e7994d6	EDNA55	232
cc3d39be9e83197cfc72c7907e7994d6	EDNA56	199
cc3d39be9e83197cfc72c7907e7994d6	EDNA57	400
cc3d39be9e83197cfc72c7907e7994d6	EDNA71	5
cc3d39be9e83197cfc72c7907e7994d6	EDNA58	580
cc3d39be9e83197cfc72c7907e7994d6	EDNA59	607
cc3d39be9e83197cfc72c7907e7994d6	EDNA73	1488
cc3d39be9e83197cfc72c7907e7994d6	EDNA74	1451
cc3d39be9e83197cfc72c7907e7994d6	EDNA75	1660
cc3d39be9e83197cfc72c7907e7994d6	EDNA91	638
cc3d39be9e83197cfc72c7907e7994d6	EDNA92	808
cc3d39be9e83197cfc72c7907e7994d6	EDNA79	1692
cc3d39be9e83197cfc72c7907e7994d6	EDNA93	1035
cc3d39be9e83197cfc72c7907e7994d6	EDNA94	255
cc3d39be9e83197cfc72c7907e7994d6	EDNA95	568
cc3d39be9e83197cfc72c7907e7994d6	EDNA96	643
cc3d39be9e83197cfc72c7907e7994d6	EDNA97	2578
cc3d39be9e83197cfc72c7907e7994d6	EDNA98	1888
cc3d39be9e83197cfc72c7907e7994d6	EDNA99	1861
cc3d39be9e83197cfc72c7907e7994d6	MB21	2
cc3d39be9e83197cfc72c7907e7994d6	EDNA22	147
cc3d39be9e83197cfc72c7907e7994d6	EDNA23	438
cc3d39be9e83197cfc72c7907e7994d6	EDNA24	530
cc3d39be9e83197cfc72c7907e7994d6	EDNA25	790
cc3d39be9e83197cfc72c7907e7994d6	EDNA26	238
cc3d39be9e83197cfc72c7907e7994d6	EDNA27	479
cc3d39be9e83197cfc72c7907e7994d6	EDNA40	735
cc3d39be9e83197cfc72c7907e7994d6	EDNA41	367
cc3d39be9e83197cfc72c7907e7994d6	EDNA42	534
cc3d39be9e83197cfc72c7907e7994d6	EDNA43	13121
cc3d39be9e83197cfc72c7907e7994d6	EDNA44	5745
cc3d39be9e83197cfc72c7907e7994d6	EDNA45	8580
66d82b2cc7d4643d25140e45633b17cf	EDNA46	2586
66d82b2cc7d4643d25140e45633b17cf	EDNA47	645
66d82b2cc7d4643d25140e45633b17cf	EDNA2	883
66d82b2cc7d4643d25140e45633b17cf	EDNA60	2470
66d82b2cc7d4643d25140e45633b17cf	EDNA48	234
66d82b2cc7d4643d25140e45633b17cf	EDNA61	337
66d82b2cc7d4643d25140e45633b17cf	EDNA5	1
66d82b2cc7d4643d25140e45633b17cf	EDNA63	412
66d82b2cc7d4643d25140e45633b17cf	EDNA7	450
66d82b2cc7d4643d25140e45633b17cf	EDNA8	50
66d82b2cc7d4643d25140e45633b17cf	EDNA9	167
66d82b2cc7d4643d25140e45633b17cf	EDNA80	1518
66d82b2cc7d4643d25140e45633b17cf	EDNA81	712
66d82b2cc7d4643d25140e45633b17cf	EDNA82	154
66d82b2cc7d4643d25140e45633b17cf	EDNA84	415
66d82b2cc7d4643d25140e45633b17cf	EDNA85	3
66d82b2cc7d4643d25140e45633b17cf	EDNA86	4869
66d82b2cc7d4643d25140e45633b17cf	EDNA87	2103
66d82b2cc7d4643d25140e45633b17cf	MB10	3272
66d82b2cc7d4643d25140e45633b17cf	MB11	696
66d82b2cc7d4643d25140e45633b17cf	MB12	4220
66d82b2cc7d4643d25140e45633b17cf	MB13	2274
66d82b2cc7d4643d25140e45633b17cf	MB14	3406
66d82b2cc7d4643d25140e45633b17cf	MB15	8328
66d82b2cc7d4643d25140e45633b17cf	MB1	2115
66d82b2cc7d4643d25140e45633b17cf	MB16	2998
66d82b2cc7d4643d25140e45633b17cf	MB2	2013
66d82b2cc7d4643d25140e45633b17cf	MB4	4949
66d82b2cc7d4643d25140e45633b17cf	MB19	6
66d82b2cc7d4643d25140e45633b17cf	MB5	3
66d82b2cc7d4643d25140e45633b17cf	MB6	7051
66d82b2cc7d4643d25140e45633b17cf	MB7	23
66d82b2cc7d4643d25140e45633b17cf	MB8	1903
66d82b2cc7d4643d25140e45633b17cf	MB9	5813
66d82b2cc7d4643d25140e45633b17cf	EDNA10	1426
66d82b2cc7d4643d25140e45633b17cf	EDNA11	468
66d82b2cc7d4643d25140e45633b17cf	EDNA12	804
66d82b2cc7d4643d25140e45633b17cf	EDNA13	1463
66d82b2cc7d4643d25140e45633b17cf	EDNA14	2017
66d82b2cc7d4643d25140e45633b17cf	EDNA15	1160
66d82b2cc7d4643d25140e45633b17cf	EDNA16	14
66d82b2cc7d4643d25140e45633b17cf	EDNA17	61
66d82b2cc7d4643d25140e45633b17cf	EDNA18	907
66d82b2cc7d4643d25140e45633b17cf	EDNA35	1225
66d82b2cc7d4643d25140e45633b17cf	EDNA36	1194
66d82b2cc7d4643d25140e45633b17cf	EDNA52	17
66d82b2cc7d4643d25140e45633b17cf	EDNA53	843
66d82b2cc7d4643d25140e45633b17cf	EDNA54	1306
66d82b2cc7d4643d25140e45633b17cf	EDNA55	251
66d82b2cc7d4643d25140e45633b17cf	EDNA56	576
66d82b2cc7d4643d25140e45633b17cf	EDNA57	565
66d82b2cc7d4643d25140e45633b17cf	EDNA58	524
66d82b2cc7d4643d25140e45633b17cf	EDNA71	1
66d82b2cc7d4643d25140e45633b17cf	EDNA59	2102
66d82b2cc7d4643d25140e45633b17cf	EDNA91	1475
66d82b2cc7d4643d25140e45633b17cf	EDNA92	269
66d82b2cc7d4643d25140e45633b17cf	EDNA79	1440
66d82b2cc7d4643d25140e45633b17cf	EDNA93	530
66d82b2cc7d4643d25140e45633b17cf	EDNA94	371
66d82b2cc7d4643d25140e45633b17cf	EDNA97	471
66d82b2cc7d4643d25140e45633b17cf	MB20	4183
66d82b2cc7d4643d25140e45633b17cf	EDNA99	46
66d82b2cc7d4643d25140e45633b17cf	MB21	1352
66d82b2cc7d4643d25140e45633b17cf	MB22	3232
66d82b2cc7d4643d25140e45633b17cf	MB23	4178
66d82b2cc7d4643d25140e45633b17cf	MB24	2724
66d82b2cc7d4643d25140e45633b17cf	MB25	2275
66d82b2cc7d4643d25140e45633b17cf	EDNA21	1
66d82b2cc7d4643d25140e45633b17cf	EDNA25	1294
66d82b2cc7d4643d25140e45633b17cf	EDNA40	570
66d82b2cc7d4643d25140e45633b17cf	EDNA41	4934
66d82b2cc7d4643d25140e45633b17cf	EDNA42	1588
66d82b2cc7d4643d25140e45633b17cf	EDNA43	1122
66d82b2cc7d4643d25140e45633b17cf	EDNA44	5471
66d82b2cc7d4643d25140e45633b17cf	EDNA45	1437
cd02b8fbf8fafb7795841be288d372c5	EDNA46	504
cd02b8fbf8fafb7795841be288d372c5	EDNA1	400
cd02b8fbf8fafb7795841be288d372c5	EDNA60	217
cd02b8fbf8fafb7795841be288d372c5	EDNA47	373
cd02b8fbf8fafb7795841be288d372c5	EDNA2	177
cd02b8fbf8fafb7795841be288d372c5	EDNA61	242
cd02b8fbf8fafb7795841be288d372c5	EDNA48	499
cd02b8fbf8fafb7795841be288d372c5	EDNA3	348
cd02b8fbf8fafb7795841be288d372c5	EDNA62	176
cd02b8fbf8fafb7795841be288d372c5	EDNA63	489
cd02b8fbf8fafb7795841be288d372c5	EDNA7	91
cd02b8fbf8fafb7795841be288d372c5	EDNA8	27
cd02b8fbf8fafb7795841be288d372c5	EDNA9	70
cd02b8fbf8fafb7795841be288d372c5	EDNA86	3
cd02b8fbf8fafb7795841be288d372c5	MB4	1
cd02b8fbf8fafb7795841be288d372c5	MB6	5
cd02b8fbf8fafb7795841be288d372c5	EDNA10	107
cd02b8fbf8fafb7795841be288d372c5	EDNA11	96
cd02b8fbf8fafb7795841be288d372c5	EDNA12	73
cd02b8fbf8fafb7795841be288d372c5	EDNA13	113
cd02b8fbf8fafb7795841be288d372c5	EDNA14	158
cd02b8fbf8fafb7795841be288d372c5	EDNA15	117
cd02b8fbf8fafb7795841be288d372c5	EDNA16	104
cd02b8fbf8fafb7795841be288d372c5	EDNA17	73
cd02b8fbf8fafb7795841be288d372c5	EDNA18	130
cd02b8fbf8fafb7795841be288d372c5	EDNA31	35746
cd02b8fbf8fafb7795841be288d372c5	EDNA32	8408
cd02b8fbf8fafb7795841be288d372c5	EDNA33	16689
cd02b8fbf8fafb7795841be288d372c5	EDNA34	12855
cd02b8fbf8fafb7795841be288d372c5	EDNA35	10253
cd02b8fbf8fafb7795841be288d372c5	EDNA36	14945
cd02b8fbf8fafb7795841be288d372c5	EDNA37	1
cd02b8fbf8fafb7795841be288d372c5	EDNA38	2
cd02b8fbf8fafb7795841be288d372c5	EDNA52	244
cd02b8fbf8fafb7795841be288d372c5	EDNA53	185
cd02b8fbf8fafb7795841be288d372c5	EDNA54	135
cd02b8fbf8fafb7795841be288d372c5	EDNA55	128
cd02b8fbf8fafb7795841be288d372c5	EDNA56	78
cd02b8fbf8fafb7795841be288d372c5	EDNA57	143
cd02b8fbf8fafb7795841be288d372c5	EDNA58	326
cd02b8fbf8fafb7795841be288d372c5	EDNA59	315
cd02b8fbf8fafb7795841be288d372c5	EDNA91	149
cd02b8fbf8fafb7795841be288d372c5	EDNA92	100
cd02b8fbf8fafb7795841be288d372c5	EDNA93	60
cd02b8fbf8fafb7795841be288d372c5	EDNA94	110
cd02b8fbf8fafb7795841be288d372c5	EDNA95	144
cd02b8fbf8fafb7795841be288d372c5	EDNA96	186
cd02b8fbf8fafb7795841be288d372c5	EDNA97	963
cd02b8fbf8fafb7795841be288d372c5	EDNA98	846
cd02b8fbf8fafb7795841be288d372c5	EDNA99	461
cd02b8fbf8fafb7795841be288d372c5	EDNA22	88
cd02b8fbf8fafb7795841be288d372c5	EDNA23	29
cd02b8fbf8fafb7795841be288d372c5	EDNA24	76
cd02b8fbf8fafb7795841be288d372c5	EDNA25	249
cd02b8fbf8fafb7795841be288d372c5	EDNA26	99
cd02b8fbf8fafb7795841be288d372c5	EDNA27	257
cd02b8fbf8fafb7795841be288d372c5	EDNA40	22
cd02b8fbf8fafb7795841be288d372c5	EDNA43	8
cd02b8fbf8fafb7795841be288d372c5	EDNA45	16
eecd935238e3b34f0f64ca7162eb754d	MB20	3533
eecd935238e3b34f0f64ca7162eb754d	EDNA79	11180
eecd935238e3b34f0f64ca7162eb754d	MB21	12108
eecd935238e3b34f0f64ca7162eb754d	EDNA71	1
eecd935238e3b34f0f64ca7162eb754d	MB19	52552
eecd935238e3b34f0f64ca7162eb754d	EDNA84	26
f57a395d8acba9ea78582edd23196dc6	EDNA46	2130
f57a395d8acba9ea78582edd23196dc6	EDNA1	170
f57a395d8acba9ea78582edd23196dc6	EDNA60	62
f57a395d8acba9ea78582edd23196dc6	EDNA47	1639
f57a395d8acba9ea78582edd23196dc6	EDNA2	112
f57a395d8acba9ea78582edd23196dc6	EDNA61	192
f57a395d8acba9ea78582edd23196dc6	EDNA48	864
f57a395d8acba9ea78582edd23196dc6	EDNA3	243
f57a395d8acba9ea78582edd23196dc6	EDNA62	156
f57a395d8acba9ea78582edd23196dc6	EDNA63	176
f57a395d8acba9ea78582edd23196dc6	EDNA7	42
f57a395d8acba9ea78582edd23196dc6	EDNA8	59
f57a395d8acba9ea78582edd23196dc6	EDNA9	37
f57a395d8acba9ea78582edd23196dc6	EDNA80	47
f57a395d8acba9ea78582edd23196dc6	EDNA81	75
f57a395d8acba9ea78582edd23196dc6	EDNA85	95
f57a395d8acba9ea78582edd23196dc6	EDNA86	100
f57a395d8acba9ea78582edd23196dc6	EDNA87	37
f57a395d8acba9ea78582edd23196dc6	MB12	1
f57a395d8acba9ea78582edd23196dc6	MB13	3
f57a395d8acba9ea78582edd23196dc6	MB4	1
f57a395d8acba9ea78582edd23196dc6	MB8	3
f57a395d8acba9ea78582edd23196dc6	MB9	10
f57a395d8acba9ea78582edd23196dc6	CTRL2	1
f57a395d8acba9ea78582edd23196dc6	EDNA10	41
f57a395d8acba9ea78582edd23196dc6	EDNA11	36
f57a395d8acba9ea78582edd23196dc6	EDNA12	12
f57a395d8acba9ea78582edd23196dc6	EDNA13	94
f57a395d8acba9ea78582edd23196dc6	EDNA14	123
f57a395d8acba9ea78582edd23196dc6	EDNA15	55
f57a395d8acba9ea78582edd23196dc6	EDNA16	99
f57a395d8acba9ea78582edd23196dc6	EDNA17	96
f57a395d8acba9ea78582edd23196dc6	EDNA18	162
f57a395d8acba9ea78582edd23196dc6	EDNA31	1150
f57a395d8acba9ea78582edd23196dc6	EDNA32	308
f57a395d8acba9ea78582edd23196dc6	EDNA33	295
f57a395d8acba9ea78582edd23196dc6	EDNA34	6192
f57a395d8acba9ea78582edd23196dc6	EDNA35	3798
f57a395d8acba9ea78582edd23196dc6	EDNA36	4627
f57a395d8acba9ea78582edd23196dc6	EDNA37	1
f57a395d8acba9ea78582edd23196dc6	EDNA52	188
f57a395d8acba9ea78582edd23196dc6	EDNA53	137
f57a395d8acba9ea78582edd23196dc6	EDNA54	191
f57a395d8acba9ea78582edd23196dc6	EDNA55	149
f57a395d8acba9ea78582edd23196dc6	EDNA56	121
f57a395d8acba9ea78582edd23196dc6	EDNA57	189
f57a395d8acba9ea78582edd23196dc6	EDNA71	13
f57a395d8acba9ea78582edd23196dc6	EDNA58	166
f57a395d8acba9ea78582edd23196dc6	EDNA59	73
f57a395d8acba9ea78582edd23196dc6	EDNA73	105
f57a395d8acba9ea78582edd23196dc6	EDNA74	141
f57a395d8acba9ea78582edd23196dc6	EDNA75	121
f57a395d8acba9ea78582edd23196dc6	EDNA91	250
f57a395d8acba9ea78582edd23196dc6	EDNA92	281
f57a395d8acba9ea78582edd23196dc6	EDNA79	13
f57a395d8acba9ea78582edd23196dc6	EDNA93	386
f57a395d8acba9ea78582edd23196dc6	EDNA94	513
f57a395d8acba9ea78582edd23196dc6	EDNA95	636
f57a395d8acba9ea78582edd23196dc6	EDNA96	642
f57a395d8acba9ea78582edd23196dc6	EDNA97	428
f57a395d8acba9ea78582edd23196dc6	EDNA98	348
f57a395d8acba9ea78582edd23196dc6	EDNA99	335
f57a395d8acba9ea78582edd23196dc6	MB25	2
f57a395d8acba9ea78582edd23196dc6	EDNA22	4387
f57a395d8acba9ea78582edd23196dc6	EDNA23	7319
f57a395d8acba9ea78582edd23196dc6	EDNA24	8443
f57a395d8acba9ea78582edd23196dc6	EDNA25	10087
f57a395d8acba9ea78582edd23196dc6	EDNA26	3045
f57a395d8acba9ea78582edd23196dc6	EDNA27	8282
f57a395d8acba9ea78582edd23196dc6	EDNA40	2715
f57a395d8acba9ea78582edd23196dc6	EDNA41	1310
f57a395d8acba9ea78582edd23196dc6	EDNA42	1763
f57a395d8acba9ea78582edd23196dc6	EDNA43	1033
f57a395d8acba9ea78582edd23196dc6	EDNA44	546
f57a395d8acba9ea78582edd23196dc6	EDNA45	594
849f5a9d74fb15429b1d1deab1d70718	EDNA46	3720
849f5a9d74fb15429b1d1deab1d70718	EDNA1	1
849f5a9d74fb15429b1d1deab1d70718	EDNA47	3666
849f5a9d74fb15429b1d1deab1d70718	EDNA60	312
849f5a9d74fb15429b1d1deab1d70718	EDNA48	2369
849f5a9d74fb15429b1d1deab1d70718	EDNA61	166
849f5a9d74fb15429b1d1deab1d70718	EDNA62	104
849f5a9d74fb15429b1d1deab1d70718	EDNA63	141
849f5a9d74fb15429b1d1deab1d70718	EDNA9	2
849f5a9d74fb15429b1d1deab1d70718	EDNA85	7
849f5a9d74fb15429b1d1deab1d70718	EDNA86	14
849f5a9d74fb15429b1d1deab1d70718	EDNA87	3
849f5a9d74fb15429b1d1deab1d70718	MB12	9
849f5a9d74fb15429b1d1deab1d70718	MB13	7
849f5a9d74fb15429b1d1deab1d70718	EDNA13	24
849f5a9d74fb15429b1d1deab1d70718	EDNA14	51
849f5a9d74fb15429b1d1deab1d70718	EDNA15	24
849f5a9d74fb15429b1d1deab1d70718	EDNA17	6
849f5a9d74fb15429b1d1deab1d70718	EDNA18	5
849f5a9d74fb15429b1d1deab1d70718	EDNA31	8
849f5a9d74fb15429b1d1deab1d70718	EDNA19	1
849f5a9d74fb15429b1d1deab1d70718	EDNA33	3
849f5a9d74fb15429b1d1deab1d70718	EDNA34	1598
849f5a9d74fb15429b1d1deab1d70718	EDNA35	1104
849f5a9d74fb15429b1d1deab1d70718	EDNA36	1813
849f5a9d74fb15429b1d1deab1d70718	EDNA39	2
849f5a9d74fb15429b1d1deab1d70718	EDNA52	2148
849f5a9d74fb15429b1d1deab1d70718	EDNA53	1410
849f5a9d74fb15429b1d1deab1d70718	EDNA54	2057
849f5a9d74fb15429b1d1deab1d70718	EDNA55	1521
849f5a9d74fb15429b1d1deab1d70718	EDNA56	930
849f5a9d74fb15429b1d1deab1d70718	EDNA57	2300
849f5a9d74fb15429b1d1deab1d70718	EDNA58	351
849f5a9d74fb15429b1d1deab1d70718	EDNA59	331
849f5a9d74fb15429b1d1deab1d70718	EDNA91	301
849f5a9d74fb15429b1d1deab1d70718	EDNA92	306
849f5a9d74fb15429b1d1deab1d70718	EDNA93	408
849f5a9d74fb15429b1d1deab1d70718	EDNA94	165
849f5a9d74fb15429b1d1deab1d70718	EDNA95	205
849f5a9d74fb15429b1d1deab1d70718	EDNA96	288
849f5a9d74fb15429b1d1deab1d70718	EDNA97	83
849f5a9d74fb15429b1d1deab1d70718	EDNA98	96
849f5a9d74fb15429b1d1deab1d70718	EDNA99	93
849f5a9d74fb15429b1d1deab1d70718	EDNA23	36
849f5a9d74fb15429b1d1deab1d70718	EDNA24	15
849f5a9d74fb15429b1d1deab1d70718	EDNA25	35
849f5a9d74fb15429b1d1deab1d70718	EDNA26	17
849f5a9d74fb15429b1d1deab1d70718	EDNA27	39
849f5a9d74fb15429b1d1deab1d70718	EDNA40	9711
849f5a9d74fb15429b1d1deab1d70718	EDNA28	1
849f5a9d74fb15429b1d1deab1d70718	EDNA41	7663
849f5a9d74fb15429b1d1deab1d70718	EDNA42	9088
849f5a9d74fb15429b1d1deab1d70718	EDNA43	5189
849f5a9d74fb15429b1d1deab1d70718	EDNA44	2938
849f5a9d74fb15429b1d1deab1d70718	EDNA45	3618
9b786110af306c8daa186daab6ec2e76	EDNA96	10
9b786110af306c8daa186daab6ec2e76	EDNA87	126
9b786110af306c8daa186daab6ec2e76	EDNA78	2
9b786110af306c8daa186daab6ec2e76	EDNA69	355
9b786110af306c8daa186daab6ec2e76	MB20	72
9b786110af306c8daa186daab6ec2e76	EDNA97	1
9b786110af306c8daa186daab6ec2e76	EDNA79	81
9b786110af306c8daa186daab6ec2e76	EDNA40	6
9b786110af306c8daa186daab6ec2e76	MB22	13
9b786110af306c8daa186daab6ec2e76	EDNA41	12
9b786110af306c8daa186daab6ec2e76	MB23	15
9b786110af306c8daa186daab6ec2e76	EDNA70	1368
9b786110af306c8daa186daab6ec2e76	EDNA80	262
9b786110af306c8daa186daab6ec2e76	EDNA71	3456
9b786110af306c8daa186daab6ec2e76	MB17	246
9b786110af306c8daa186daab6ec2e76	EDNA81	308
9b786110af306c8daa186daab6ec2e76	MB18	1443
9b786110af306c8daa186daab6ec2e76	EDNA91	55
9b786110af306c8daa186daab6ec2e76	EDNA73	16646
9b786110af306c8daa186daab6ec2e76	MB19	7185
9b786110af306c8daa186daab6ec2e76	EDNA92	49
9b786110af306c8daa186daab6ec2e76	EDNA74	12219
9b786110af306c8daa186daab6ec2e76	EDNA65	1
9b786110af306c8daa186daab6ec2e76	EDNA93	46
9b786110af306c8daa186daab6ec2e76	EDNA75	13214
9b786110af306c8daa186daab6ec2e76	EDNA94	5
9b786110af306c8daa186daab6ec2e76	EDNA85	260
9b786110af306c8daa186daab6ec2e76	EDNA67	209
9b786110af306c8daa186daab6ec2e76	EDNA95	7
9b786110af306c8daa186daab6ec2e76	EDNA86	298
9b786110af306c8daa186daab6ec2e76	EDNA68	371
12b9e4200c3b03c815e53fc312abfaf4	EDNA46	922
12b9e4200c3b03c815e53fc312abfaf4	EDNA47	267
12b9e4200c3b03c815e53fc312abfaf4	EDNA2	52
12b9e4200c3b03c815e53fc312abfaf4	EDNA60	1003
12b9e4200c3b03c815e53fc312abfaf4	EDNA48	92
12b9e4200c3b03c815e53fc312abfaf4	EDNA61	119
12b9e4200c3b03c815e53fc312abfaf4	EDNA63	116
12b9e4200c3b03c815e53fc312abfaf4	EDNA7	190
12b9e4200c3b03c815e53fc312abfaf4	EDNA9	45
12b9e4200c3b03c815e53fc312abfaf4	EDNA80	322
12b9e4200c3b03c815e53fc312abfaf4	EDNA81	151
12b9e4200c3b03c815e53fc312abfaf4	EDNA82	22
12b9e4200c3b03c815e53fc312abfaf4	EDNA84	75
12b9e4200c3b03c815e53fc312abfaf4	EDNA86	1772
12b9e4200c3b03c815e53fc312abfaf4	EDNA87	1216
12b9e4200c3b03c815e53fc312abfaf4	MB10	1701
12b9e4200c3b03c815e53fc312abfaf4	MB11	192
12b9e4200c3b03c815e53fc312abfaf4	MB12	1997
12b9e4200c3b03c815e53fc312abfaf4	MB13	1090
12b9e4200c3b03c815e53fc312abfaf4	MB14	1950
12b9e4200c3b03c815e53fc312abfaf4	MB15	4054
12b9e4200c3b03c815e53fc312abfaf4	MB1	382
12b9e4200c3b03c815e53fc312abfaf4	MB16	1913
12b9e4200c3b03c815e53fc312abfaf4	MB2	481
12b9e4200c3b03c815e53fc312abfaf4	MB4	2237
12b9e4200c3b03c815e53fc312abfaf4	MB5	21
12b9e4200c3b03c815e53fc312abfaf4	MB6	3331
12b9e4200c3b03c815e53fc312abfaf4	MB8	1361
12b9e4200c3b03c815e53fc312abfaf4	MB9	3311
12b9e4200c3b03c815e53fc312abfaf4	EDNA10	556
12b9e4200c3b03c815e53fc312abfaf4	EDNA11	222
12b9e4200c3b03c815e53fc312abfaf4	EDNA12	395
12b9e4200c3b03c815e53fc312abfaf4	EDNA13	526
12b9e4200c3b03c815e53fc312abfaf4	EDNA14	739
12b9e4200c3b03c815e53fc312abfaf4	EDNA15	1889
12b9e4200c3b03c815e53fc312abfaf4	EDNA17	27
12b9e4200c3b03c815e53fc312abfaf4	EDNA18	341
12b9e4200c3b03c815e53fc312abfaf4	EDNA35	205
12b9e4200c3b03c815e53fc312abfaf4	EDNA36	158
12b9e4200c3b03c815e53fc312abfaf4	EDNA53	376
12b9e4200c3b03c815e53fc312abfaf4	EDNA54	478
12b9e4200c3b03c815e53fc312abfaf4	EDNA55	90
12b9e4200c3b03c815e53fc312abfaf4	EDNA56	196
12b9e4200c3b03c815e53fc312abfaf4	EDNA57	149
12b9e4200c3b03c815e53fc312abfaf4	EDNA58	184
12b9e4200c3b03c815e53fc312abfaf4	EDNA59	866
12b9e4200c3b03c815e53fc312abfaf4	EDNA91	577
12b9e4200c3b03c815e53fc312abfaf4	EDNA92	114
12b9e4200c3b03c815e53fc312abfaf4	EDNA79	322
12b9e4200c3b03c815e53fc312abfaf4	EDNA93	104
12b9e4200c3b03c815e53fc312abfaf4	EDNA94	126
12b9e4200c3b03c815e53fc312abfaf4	EDNA97	153
12b9e4200c3b03c815e53fc312abfaf4	MB20	2541
12b9e4200c3b03c815e53fc312abfaf4	EDNA99	24
12b9e4200c3b03c815e53fc312abfaf4	MB21	629
12b9e4200c3b03c815e53fc312abfaf4	MB22	1973
12b9e4200c3b03c815e53fc312abfaf4	MB23	2692
12b9e4200c3b03c815e53fc312abfaf4	MB24	1524
12b9e4200c3b03c815e53fc312abfaf4	MB25	292
12b9e4200c3b03c815e53fc312abfaf4	EDNA25	202
12b9e4200c3b03c815e53fc312abfaf4	EDNA40	51
12b9e4200c3b03c815e53fc312abfaf4	EDNA41	970
12b9e4200c3b03c815e53fc312abfaf4	EDNA42	209
12b9e4200c3b03c815e53fc312abfaf4	EDNA43	155
12b9e4200c3b03c815e53fc312abfaf4	EDNA44	759
12b9e4200c3b03c815e53fc312abfaf4	EDNA45	258
97e89ec4b717d448d080053047311137	MB12	5644
97e89ec4b717d448d080053047311137	MB13	9796
97e89ec4b717d448d080053047311137	EDNA41	43
97e89ec4b717d448d080053047311137	MB14	243
97e89ec4b717d448d080053047311137	EDNA46	23
97e89ec4b717d448d080053047311137	MB19	34277
0b8e5b71bb9975d731eeebe17b58f466	MB8	17722
0b8e5b71bb9975d731eeebe17b58f466	MB10	157
0b8e5b71bb9975d731eeebe17b58f466	MB22	26
0b8e5b71bb9975d731eeebe17b58f466	EDNA24	2782
0b8e5b71bb9975d731eeebe17b58f466	EDNA15	123
0b8e5b71bb9975d731eeebe17b58f466	MB1	13
0b8e5b71bb9975d731eeebe17b58f466	MB2	6075
0b8e5b71bb9975d731eeebe17b58f466	EDNA54	11
0b8e5b71bb9975d731eeebe17b58f466	EDNA36	7
0b8e5b71bb9975d731eeebe17b58f466	MB3	133
0b8e5b71bb9975d731eeebe17b58f466	MB18	222
0b8e5b71bb9975d731eeebe17b58f466	MB4	10938
0b8e5b71bb9975d731eeebe17b58f466	EDNA74	5
0b8e5b71bb9975d731eeebe17b58f466	EDNA7	623
0b8e5b71bb9975d731eeebe17b58f466	MB7	5384
0b8e5b71bb9975d731eeebe17b58f466	EDNA10	3642
21baed9ea362f9f8a4f2f3b5307b02ad	EDNA46	257
21baed9ea362f9f8a4f2f3b5307b02ad	EDNA1	2216
21baed9ea362f9f8a4f2f3b5307b02ad	EDNA60	761
21baed9ea362f9f8a4f2f3b5307b02ad	EDNA47	230
21baed9ea362f9f8a4f2f3b5307b02ad	EDNA2	785
21baed9ea362f9f8a4f2f3b5307b02ad	EDNA61	1150
21baed9ea362f9f8a4f2f3b5307b02ad	EDNA48	185
21baed9ea362f9f8a4f2f3b5307b02ad	EDNA3	2320
21baed9ea362f9f8a4f2f3b5307b02ad	EDNA62	1087
21baed9ea362f9f8a4f2f3b5307b02ad	EDNA63	1013
21baed9ea362f9f8a4f2f3b5307b02ad	EDNA7	338
21baed9ea362f9f8a4f2f3b5307b02ad	EDNA8	253
21baed9ea362f9f8a4f2f3b5307b02ad	EDNA9	123
21baed9ea362f9f8a4f2f3b5307b02ad	EDNA80	2771
21baed9ea362f9f8a4f2f3b5307b02ad	EDNA81	3216
21baed9ea362f9f8a4f2f3b5307b02ad	EDNA82	1200
21baed9ea362f9f8a4f2f3b5307b02ad	EDNA83	1322
21baed9ea362f9f8a4f2f3b5307b02ad	EDNA84	1333
21baed9ea362f9f8a4f2f3b5307b02ad	EDNA85	1130
21baed9ea362f9f8a4f2f3b5307b02ad	EDNA86	565
21baed9ea362f9f8a4f2f3b5307b02ad	EDNA87	491
21baed9ea362f9f8a4f2f3b5307b02ad	MB12	4
21baed9ea362f9f8a4f2f3b5307b02ad	CTRL2	3
21baed9ea362f9f8a4f2f3b5307b02ad	EDNA10	304
21baed9ea362f9f8a4f2f3b5307b02ad	EDNA11	285
21baed9ea362f9f8a4f2f3b5307b02ad	EDNA12	237
21baed9ea362f9f8a4f2f3b5307b02ad	EDNA13	680
21baed9ea362f9f8a4f2f3b5307b02ad	EDNA14	981
21baed9ea362f9f8a4f2f3b5307b02ad	EDNA15	424
21baed9ea362f9f8a4f2f3b5307b02ad	EDNA16	778
21baed9ea362f9f8a4f2f3b5307b02ad	EDNA17	365
21baed9ea362f9f8a4f2f3b5307b02ad	EDNA18	905
21baed9ea362f9f8a4f2f3b5307b02ad	EDNA31	81
21baed9ea362f9f8a4f2f3b5307b02ad	EDNA32	23
21baed9ea362f9f8a4f2f3b5307b02ad	EDNA33	23
21baed9ea362f9f8a4f2f3b5307b02ad	EDNA34	949
21baed9ea362f9f8a4f2f3b5307b02ad	EDNA35	453
21baed9ea362f9f8a4f2f3b5307b02ad	EDNA36	588
21baed9ea362f9f8a4f2f3b5307b02ad	EDNA52	504
21baed9ea362f9f8a4f2f3b5307b02ad	EDNA53	339
21baed9ea362f9f8a4f2f3b5307b02ad	EDNA54	249
21baed9ea362f9f8a4f2f3b5307b02ad	EDNA55	657
21baed9ea362f9f8a4f2f3b5307b02ad	EDNA56	506
21baed9ea362f9f8a4f2f3b5307b02ad	EDNA57	868
21baed9ea362f9f8a4f2f3b5307b02ad	EDNA58	813
21baed9ea362f9f8a4f2f3b5307b02ad	EDNA59	1360
21baed9ea362f9f8a4f2f3b5307b02ad	EDNA73	215
21baed9ea362f9f8a4f2f3b5307b02ad	EDNA74	250
21baed9ea362f9f8a4f2f3b5307b02ad	EDNA75	220
21baed9ea362f9f8a4f2f3b5307b02ad	EDNA91	466
21baed9ea362f9f8a4f2f3b5307b02ad	EDNA92	502
21baed9ea362f9f8a4f2f3b5307b02ad	EDNA79	2002
21baed9ea362f9f8a4f2f3b5307b02ad	EDNA93	463
21baed9ea362f9f8a4f2f3b5307b02ad	EDNA94	35
21baed9ea362f9f8a4f2f3b5307b02ad	EDNA95	198
21baed9ea362f9f8a4f2f3b5307b02ad	EDNA96	185
21baed9ea362f9f8a4f2f3b5307b02ad	EDNA97	109
21baed9ea362f9f8a4f2f3b5307b02ad	EDNA98	86
21baed9ea362f9f8a4f2f3b5307b02ad	MB20	1
21baed9ea362f9f8a4f2f3b5307b02ad	EDNA99	90
21baed9ea362f9f8a4f2f3b5307b02ad	MB21	7
21baed9ea362f9f8a4f2f3b5307b02ad	EDNA22	715
21baed9ea362f9f8a4f2f3b5307b02ad	EDNA23	448
21baed9ea362f9f8a4f2f3b5307b02ad	EDNA24	1105
21baed9ea362f9f8a4f2f3b5307b02ad	EDNA25	839
21baed9ea362f9f8a4f2f3b5307b02ad	EDNA26	280
21baed9ea362f9f8a4f2f3b5307b02ad	EDNA27	377
21baed9ea362f9f8a4f2f3b5307b02ad	EDNA40	883
21baed9ea362f9f8a4f2f3b5307b02ad	EDNA41	698
21baed9ea362f9f8a4f2f3b5307b02ad	EDNA42	1089
21baed9ea362f9f8a4f2f3b5307b02ad	EDNA43	298
21baed9ea362f9f8a4f2f3b5307b02ad	EDNA44	199
21baed9ea362f9f8a4f2f3b5307b02ad	EDNA45	156
5d8a45490bb2514447fd034c75f24d3f	MB8	4533
5d8a45490bb2514447fd034c75f24d3f	MB10	76
5d8a45490bb2514447fd034c75f24d3f	MB22	1
5d8a45490bb2514447fd034c75f24d3f	MB13	225
5d8a45490bb2514447fd034c75f24d3f	EDNA99	131
5d8a45490bb2514447fd034c75f24d3f	EDNA14	70
5d8a45490bb2514447fd034c75f24d3f	MB23	10
5d8a45490bb2514447fd034c75f24d3f	MB14	167
5d8a45490bb2514447fd034c75f24d3f	MB24	1946
5d8a45490bb2514447fd034c75f24d3f	EDNA2	11701
5d8a45490bb2514447fd034c75f24d3f	MB1	605
5d8a45490bb2514447fd034c75f24d3f	MB16	745
5d8a45490bb2514447fd034c75f24d3f	EDNA53	1
5d8a45490bb2514447fd034c75f24d3f	MB2	16280
5d8a45490bb2514447fd034c75f24d3f	EDNA54	662
5d8a45490bb2514447fd034c75f24d3f	MB5	2028
5d8a45490bb2514447fd034c75f24d3f	MB6	6715
5d8a45490bb2514447fd034c75f24d3f	MB7	723
9e3554189542d1fdadf62727410c6253	EDNA11	6
9e3554189542d1fdadf62727410c6253	EDNA12	2
9e3554189542d1fdadf62727410c6253	EDNA98	10
9e3554189542d1fdadf62727410c6253	EDNA31	67
9e3554189542d1fdadf62727410c6253	EDNA22	7
9e3554189542d1fdadf62727410c6253	EDNA13	2
9e3554189542d1fdadf62727410c6253	EDNA32	3
9e3554189542d1fdadf62727410c6253	EDNA14	47
9e3554189542d1fdadf62727410c6253	EDNA33	3
9e3554189542d1fdadf62727410c6253	EDNA24	24
9e3554189542d1fdadf62727410c6253	EDNA15	13
9e3554189542d1fdadf62727410c6253	MB2	898
9e3554189542d1fdadf62727410c6253	EDNA18	3
9e3554189542d1fdadf62727410c6253	MB3	1909
9e3554189542d1fdadf62727410c6253	MB4	973
9e3554189542d1fdadf62727410c6253	EDNA93	7
9e3554189542d1fdadf62727410c6253	EDNA7	27
9e3554189542d1fdadf62727410c6253	EDNA8	41
9e3554189542d1fdadf62727410c6253	EDNA9	33923
9e3554189542d1fdadf62727410c6253	EDNA10	36
afd77559cbd6dc22731b27a5f57c38e9	EDNA96	39
afd77559cbd6dc22731b27a5f57c38e9	EDNA87	172
afd77559cbd6dc22731b27a5f57c38e9	EDNA69	52
afd77559cbd6dc22731b27a5f57c38e9	EDNA97	2
afd77559cbd6dc22731b27a5f57c38e9	EDNA79	380
afd77559cbd6dc22731b27a5f57c38e9	EDNA99	1
afd77559cbd6dc22731b27a5f57c38e9	EDNA70	45
afd77559cbd6dc22731b27a5f57c38e9	EDNA52	1
afd77559cbd6dc22731b27a5f57c38e9	EDNA80	897
afd77559cbd6dc22731b27a5f57c38e9	EDNA71	184
afd77559cbd6dc22731b27a5f57c38e9	EDNA81	1005
afd77559cbd6dc22731b27a5f57c38e9	EDNA91	86
afd77559cbd6dc22731b27a5f57c38e9	EDNA82	8175
afd77559cbd6dc22731b27a5f57c38e9	EDNA73	1557
afd77559cbd6dc22731b27a5f57c38e9	EDNA92	137
afd77559cbd6dc22731b27a5f57c38e9	EDNA83	8541
afd77559cbd6dc22731b27a5f57c38e9	EDNA74	1778
afd77559cbd6dc22731b27a5f57c38e9	EDNA93	143
afd77559cbd6dc22731b27a5f57c38e9	EDNA84	10488
afd77559cbd6dc22731b27a5f57c38e9	EDNA75	2134
afd77559cbd6dc22731b27a5f57c38e9	EDNA94	47
afd77559cbd6dc22731b27a5f57c38e9	EDNA85	356
afd77559cbd6dc22731b27a5f57c38e9	EDNA67	14
afd77559cbd6dc22731b27a5f57c38e9	EDNA9	1
afd77559cbd6dc22731b27a5f57c38e9	EDNA95	31
afd77559cbd6dc22731b27a5f57c38e9	EDNA86	487
afd77559cbd6dc22731b27a5f57c38e9	EDNA68	10
e97b16ff4288bbe66bec11878b3ef0a9	EDNA46	1534
e97b16ff4288bbe66bec11878b3ef0a9	EDNA1	8
e97b16ff4288bbe66bec11878b3ef0a9	EDNA47	1373
e97b16ff4288bbe66bec11878b3ef0a9	EDNA2	7
e97b16ff4288bbe66bec11878b3ef0a9	EDNA60	184
e97b16ff4288bbe66bec11878b3ef0a9	EDNA48	938
e97b16ff4288bbe66bec11878b3ef0a9	EDNA61	294
e97b16ff4288bbe66bec11878b3ef0a9	EDNA62	270
e97b16ff4288bbe66bec11878b3ef0a9	EDNA63	348
e97b16ff4288bbe66bec11878b3ef0a9	EDNA80	369
e97b16ff4288bbe66bec11878b3ef0a9	EDNA81	574
e97b16ff4288bbe66bec11878b3ef0a9	EDNA82	3
e97b16ff4288bbe66bec11878b3ef0a9	EDNA83	25
e97b16ff4288bbe66bec11878b3ef0a9	EDNA84	16
e97b16ff4288bbe66bec11878b3ef0a9	EDNA85	442
e97b16ff4288bbe66bec11878b3ef0a9	EDNA86	512
e97b16ff4288bbe66bec11878b3ef0a9	EDNA87	230
e97b16ff4288bbe66bec11878b3ef0a9	EDNA10	5
e97b16ff4288bbe66bec11878b3ef0a9	EDNA11	1
e97b16ff4288bbe66bec11878b3ef0a9	EDNA13	12
e97b16ff4288bbe66bec11878b3ef0a9	EDNA14	33
e97b16ff4288bbe66bec11878b3ef0a9	EDNA15	4
e97b16ff4288bbe66bec11878b3ef0a9	EDNA16	7
e97b16ff4288bbe66bec11878b3ef0a9	EDNA17	6
e97b16ff4288bbe66bec11878b3ef0a9	EDNA18	10
e97b16ff4288bbe66bec11878b3ef0a9	EDNA31	290
e97b16ff4288bbe66bec11878b3ef0a9	EDNA32	136
e97b16ff4288bbe66bec11878b3ef0a9	EDNA33	122
e97b16ff4288bbe66bec11878b3ef0a9	EDNA34	3361
e97b16ff4288bbe66bec11878b3ef0a9	EDNA35	2471
e97b16ff4288bbe66bec11878b3ef0a9	EDNA36	3771
e97b16ff4288bbe66bec11878b3ef0a9	EDNA52	476
e97b16ff4288bbe66bec11878b3ef0a9	EDNA53	421
e97b16ff4288bbe66bec11878b3ef0a9	EDNA54	397
e97b16ff4288bbe66bec11878b3ef0a9	EDNA55	629
e97b16ff4288bbe66bec11878b3ef0a9	EDNA56	455
e97b16ff4288bbe66bec11878b3ef0a9	EDNA57	777
e97b16ff4288bbe66bec11878b3ef0a9	EDNA58	120
e97b16ff4288bbe66bec11878b3ef0a9	EDNA59	241
e97b16ff4288bbe66bec11878b3ef0a9	EDNA74	2
e97b16ff4288bbe66bec11878b3ef0a9	EDNA91	228
e97b16ff4288bbe66bec11878b3ef0a9	EDNA92	567
e97b16ff4288bbe66bec11878b3ef0a9	EDNA79	243
e97b16ff4288bbe66bec11878b3ef0a9	EDNA93	401
e97b16ff4288bbe66bec11878b3ef0a9	EDNA94	147
e97b16ff4288bbe66bec11878b3ef0a9	EDNA95	172
e97b16ff4288bbe66bec11878b3ef0a9	EDNA96	190
e97b16ff4288bbe66bec11878b3ef0a9	EDNA97	44
e97b16ff4288bbe66bec11878b3ef0a9	EDNA98	61
e97b16ff4288bbe66bec11878b3ef0a9	EDNA99	37
e97b16ff4288bbe66bec11878b3ef0a9	EDNA23	9
e97b16ff4288bbe66bec11878b3ef0a9	EDNA25	9
e97b16ff4288bbe66bec11878b3ef0a9	EDNA40	1940
e97b16ff4288bbe66bec11878b3ef0a9	EDNA41	1638
e97b16ff4288bbe66bec11878b3ef0a9	EDNA42	3378
e97b16ff4288bbe66bec11878b3ef0a9	EDNA43	2915
e97b16ff4288bbe66bec11878b3ef0a9	EDNA44	1600
e97b16ff4288bbe66bec11878b3ef0a9	EDNA45	1552
fca3a563b240c14f1d70098487e20742	EDNA46	358
fca3a563b240c14f1d70098487e20742	EDNA1	38
fca3a563b240c14f1d70098487e20742	EDNA47	195
fca3a563b240c14f1d70098487e20742	EDNA2	96
fca3a563b240c14f1d70098487e20742	EDNA60	71
fca3a563b240c14f1d70098487e20742	EDNA48	339
fca3a563b240c14f1d70098487e20742	EDNA61	53
fca3a563b240c14f1d70098487e20742	EDNA62	53
fca3a563b240c14f1d70098487e20742	EDNA63	79
fca3a563b240c14f1d70098487e20742	EDNA84	5
fca3a563b240c14f1d70098487e20742	EDNA85	29
fca3a563b240c14f1d70098487e20742	EDNA86	128
fca3a563b240c14f1d70098487e20742	EDNA87	38
fca3a563b240c14f1d70098487e20742	MB11	1303
fca3a563b240c14f1d70098487e20742	MB12	131
fca3a563b240c14f1d70098487e20742	MB13	378
fca3a563b240c14f1d70098487e20742	MB14	203
fca3a563b240c14f1d70098487e20742	MB15	1830
fca3a563b240c14f1d70098487e20742	MB1	38
fca3a563b240c14f1d70098487e20742	MB16	456
fca3a563b240c14f1d70098487e20742	MB2	139
fca3a563b240c14f1d70098487e20742	MB4	65
fca3a563b240c14f1d70098487e20742	MB6	510
fca3a563b240c14f1d70098487e20742	MB7	3115
fca3a563b240c14f1d70098487e20742	MB8	472
fca3a563b240c14f1d70098487e20742	MB9	2063
fca3a563b240c14f1d70098487e20742	EDNA10	79
fca3a563b240c14f1d70098487e20742	EDNA12	509
fca3a563b240c14f1d70098487e20742	EDNA14	58
fca3a563b240c14f1d70098487e20742	EDNA31	285
fca3a563b240c14f1d70098487e20742	EDNA32	333
fca3a563b240c14f1d70098487e20742	EDNA34	1232
fca3a563b240c14f1d70098487e20742	EDNA35	955
fca3a563b240c14f1d70098487e20742	EDNA36	1779
fca3a563b240c14f1d70098487e20742	EDNA52	155
fca3a563b240c14f1d70098487e20742	EDNA53	128
fca3a563b240c14f1d70098487e20742	EDNA54	82
fca3a563b240c14f1d70098487e20742	EDNA55	69
fca3a563b240c14f1d70098487e20742	EDNA56	51
fca3a563b240c14f1d70098487e20742	EDNA57	115
fca3a563b240c14f1d70098487e20742	EDNA58	180
fca3a563b240c14f1d70098487e20742	EDNA59	446
fca3a563b240c14f1d70098487e20742	EDNA91	55
fca3a563b240c14f1d70098487e20742	EDNA92	147
fca3a563b240c14f1d70098487e20742	EDNA93	48
fca3a563b240c14f1d70098487e20742	EDNA94	433
fca3a563b240c14f1d70098487e20742	EDNA95	1001
fca3a563b240c14f1d70098487e20742	EDNA96	254
fca3a563b240c14f1d70098487e20742	EDNA97	468
fca3a563b240c14f1d70098487e20742	EDNA98	224
fca3a563b240c14f1d70098487e20742	EDNA99	737
fca3a563b240c14f1d70098487e20742	MB22	14
fca3a563b240c14f1d70098487e20742	MB24	153
fca3a563b240c14f1d70098487e20742	MB25	11270
fca3a563b240c14f1d70098487e20742	EDNA22	385
fca3a563b240c14f1d70098487e20742	EDNA23	388
fca3a563b240c14f1d70098487e20742	EDNA24	1149
fca3a563b240c14f1d70098487e20742	EDNA26	210
fca3a563b240c14f1d70098487e20742	EDNA27	328
fca3a563b240c14f1d70098487e20742	EDNA45	44
6573e55a1ba2702ff1a0fcde5ef04d2a	EDNA46	361
6573e55a1ba2702ff1a0fcde5ef04d2a	EDNA1	351
6573e55a1ba2702ff1a0fcde5ef04d2a	EDNA60	390
6573e55a1ba2702ff1a0fcde5ef04d2a	EDNA47	396
6573e55a1ba2702ff1a0fcde5ef04d2a	EDNA2	478
6573e55a1ba2702ff1a0fcde5ef04d2a	EDNA61	82
6573e55a1ba2702ff1a0fcde5ef04d2a	EDNA48	230
6573e55a1ba2702ff1a0fcde5ef04d2a	EDNA3	541
6573e55a1ba2702ff1a0fcde5ef04d2a	EDNA62	75
6573e55a1ba2702ff1a0fcde5ef04d2a	EDNA63	79
6573e55a1ba2702ff1a0fcde5ef04d2a	EDNA7	140
6573e55a1ba2702ff1a0fcde5ef04d2a	EDNA8	147
6573e55a1ba2702ff1a0fcde5ef04d2a	EDNA9	109
6573e55a1ba2702ff1a0fcde5ef04d2a	EDNA80	127
6573e55a1ba2702ff1a0fcde5ef04d2a	EDNA67	778
6573e55a1ba2702ff1a0fcde5ef04d2a	EDNA81	180
6573e55a1ba2702ff1a0fcde5ef04d2a	EDNA68	861
6573e55a1ba2702ff1a0fcde5ef04d2a	EDNA82	498
6573e55a1ba2702ff1a0fcde5ef04d2a	EDNA69	865
6573e55a1ba2702ff1a0fcde5ef04d2a	EDNA83	674
6573e55a1ba2702ff1a0fcde5ef04d2a	EDNA84	875
6573e55a1ba2702ff1a0fcde5ef04d2a	EDNA85	76
6573e55a1ba2702ff1a0fcde5ef04d2a	EDNA86	91
6573e55a1ba2702ff1a0fcde5ef04d2a	EDNA87	55
6573e55a1ba2702ff1a0fcde5ef04d2a	MB19	4
6573e55a1ba2702ff1a0fcde5ef04d2a	EDNA10	32
6573e55a1ba2702ff1a0fcde5ef04d2a	EDNA11	62
6573e55a1ba2702ff1a0fcde5ef04d2a	EDNA12	42
6573e55a1ba2702ff1a0fcde5ef04d2a	EDNA13	50
6573e55a1ba2702ff1a0fcde5ef04d2a	EDNA14	79
6573e55a1ba2702ff1a0fcde5ef04d2a	EDNA15	27
6573e55a1ba2702ff1a0fcde5ef04d2a	EDNA16	75
6573e55a1ba2702ff1a0fcde5ef04d2a	EDNA17	86
6573e55a1ba2702ff1a0fcde5ef04d2a	EDNA18	78
6573e55a1ba2702ff1a0fcde5ef04d2a	EDNA31	321
6573e55a1ba2702ff1a0fcde5ef04d2a	EDNA32	226
6573e55a1ba2702ff1a0fcde5ef04d2a	EDNA33	113
6573e55a1ba2702ff1a0fcde5ef04d2a	EDNA34	1065
6573e55a1ba2702ff1a0fcde5ef04d2a	EDNA35	624
6573e55a1ba2702ff1a0fcde5ef04d2a	EDNA36	910
6573e55a1ba2702ff1a0fcde5ef04d2a	EDNA52	562
6573e55a1ba2702ff1a0fcde5ef04d2a	EDNA53	366
6573e55a1ba2702ff1a0fcde5ef04d2a	EDNA54	428
6573e55a1ba2702ff1a0fcde5ef04d2a	EDNA55	476
6573e55a1ba2702ff1a0fcde5ef04d2a	EDNA56	432
6573e55a1ba2702ff1a0fcde5ef04d2a	EDNA70	628
6573e55a1ba2702ff1a0fcde5ef04d2a	EDNA57	682
6573e55a1ba2702ff1a0fcde5ef04d2a	EDNA71	1193
6573e55a1ba2702ff1a0fcde5ef04d2a	EDNA58	488
6573e55a1ba2702ff1a0fcde5ef04d2a	EDNA72	1
6573e55a1ba2702ff1a0fcde5ef04d2a	EDNA59	515
6573e55a1ba2702ff1a0fcde5ef04d2a	EDNA73	3092
6573e55a1ba2702ff1a0fcde5ef04d2a	EDNA74	2914
6573e55a1ba2702ff1a0fcde5ef04d2a	EDNA75	2786
6573e55a1ba2702ff1a0fcde5ef04d2a	EDNA76	1
6573e55a1ba2702ff1a0fcde5ef04d2a	EDNA91	82
6573e55a1ba2702ff1a0fcde5ef04d2a	EDNA92	56
6573e55a1ba2702ff1a0fcde5ef04d2a	EDNA79	40
6573e55a1ba2702ff1a0fcde5ef04d2a	EDNA93	69
6573e55a1ba2702ff1a0fcde5ef04d2a	EDNA94	131
6573e55a1ba2702ff1a0fcde5ef04d2a	EDNA95	273
6573e55a1ba2702ff1a0fcde5ef04d2a	EDNA96	269
6573e55a1ba2702ff1a0fcde5ef04d2a	EDNA97	649
6573e55a1ba2702ff1a0fcde5ef04d2a	EDNA98	519
6573e55a1ba2702ff1a0fcde5ef04d2a	EDNA99	414
6573e55a1ba2702ff1a0fcde5ef04d2a	MB21	1
6573e55a1ba2702ff1a0fcde5ef04d2a	MB25	1
6573e55a1ba2702ff1a0fcde5ef04d2a	EDNA22	196
6573e55a1ba2702ff1a0fcde5ef04d2a	EDNA23	338
6573e55a1ba2702ff1a0fcde5ef04d2a	EDNA24	468
6573e55a1ba2702ff1a0fcde5ef04d2a	EDNA25	164
6573e55a1ba2702ff1a0fcde5ef04d2a	EDNA26	186
6573e55a1ba2702ff1a0fcde5ef04d2a	EDNA27	259
6573e55a1ba2702ff1a0fcde5ef04d2a	EDNA40	570
6573e55a1ba2702ff1a0fcde5ef04d2a	EDNA41	396
6573e55a1ba2702ff1a0fcde5ef04d2a	EDNA42	463
6573e55a1ba2702ff1a0fcde5ef04d2a	EDNA43	707
6573e55a1ba2702ff1a0fcde5ef04d2a	EDNA44	401
6573e55a1ba2702ff1a0fcde5ef04d2a	EDNA45	522
9d0b47da01ff58ae10174367204f510a	EDNA46	110
9d0b47da01ff58ae10174367204f510a	EDNA1	2596
9d0b47da01ff58ae10174367204f510a	EDNA47	27
9d0b47da01ff58ae10174367204f510a	EDNA2	1152
9d0b47da01ff58ae10174367204f510a	EDNA60	35
9d0b47da01ff58ae10174367204f510a	EDNA61	13
9d0b47da01ff58ae10174367204f510a	EDNA48	54
9d0b47da01ff58ae10174367204f510a	EDNA3	3241
9d0b47da01ff58ae10174367204f510a	EDNA62	19
9d0b47da01ff58ae10174367204f510a	EDNA63	18
9d0b47da01ff58ae10174367204f510a	EDNA7	312
9d0b47da01ff58ae10174367204f510a	EDNA8	569
9d0b47da01ff58ae10174367204f510a	EDNA9	1161
9d0b47da01ff58ae10174367204f510a	MB1	6
9d0b47da01ff58ae10174367204f510a	MB2	5
9d0b47da01ff58ae10174367204f510a	MB4	2
9d0b47da01ff58ae10174367204f510a	CTRL2	2
9d0b47da01ff58ae10174367204f510a	EDNA10	559
9d0b47da01ff58ae10174367204f510a	EDNA11	443
9d0b47da01ff58ae10174367204f510a	EDNA12	174
9d0b47da01ff58ae10174367204f510a	EDNA13	559
9d0b47da01ff58ae10174367204f510a	EDNA14	275
9d0b47da01ff58ae10174367204f510a	EDNA15	140
9d0b47da01ff58ae10174367204f510a	EDNA16	223
9d0b47da01ff58ae10174367204f510a	EDNA17	199
9d0b47da01ff58ae10174367204f510a	EDNA18	372
9d0b47da01ff58ae10174367204f510a	EDNA31	5845
9d0b47da01ff58ae10174367204f510a	EDNA32	2017
9d0b47da01ff58ae10174367204f510a	EDNA33	2752
9d0b47da01ff58ae10174367204f510a	EDNA34	2781
9d0b47da01ff58ae10174367204f510a	EDNA35	949
9d0b47da01ff58ae10174367204f510a	EDNA36	2732
9d0b47da01ff58ae10174367204f510a	EDNA52	48
9d0b47da01ff58ae10174367204f510a	EDNA53	19
9d0b47da01ff58ae10174367204f510a	EDNA54	24
9d0b47da01ff58ae10174367204f510a	EDNA55	10
9d0b47da01ff58ae10174367204f510a	EDNA56	10
9d0b47da01ff58ae10174367204f510a	EDNA57	18
9d0b47da01ff58ae10174367204f510a	EDNA58	40
9d0b47da01ff58ae10174367204f510a	EDNA59	29
9d0b47da01ff58ae10174367204f510a	EDNA91	19
9d0b47da01ff58ae10174367204f510a	EDNA93	5
9d0b47da01ff58ae10174367204f510a	EDNA95	10
9d0b47da01ff58ae10174367204f510a	EDNA96	6
9d0b47da01ff58ae10174367204f510a	EDNA97	43
9d0b47da01ff58ae10174367204f510a	EDNA98	22
9d0b47da01ff58ae10174367204f510a	EDNA99	38
9d0b47da01ff58ae10174367204f510a	EDNA22	253
9d0b47da01ff58ae10174367204f510a	EDNA23	412
9d0b47da01ff58ae10174367204f510a	EDNA24	436
9d0b47da01ff58ae10174367204f510a	EDNA25	676
9d0b47da01ff58ae10174367204f510a	EDNA26	290
9d0b47da01ff58ae10174367204f510a	EDNA27	1483
9d0b47da01ff58ae10174367204f510a	EDNA44	1
e657143d386e58fda401de8acfaf5e45	EDNA87	34
e657143d386e58fda401de8acfaf5e45	MB20	104
e657143d386e58fda401de8acfaf5e45	EDNA79	28
e657143d386e58fda401de8acfaf5e45	MB21	7625
e657143d386e58fda401de8acfaf5e45	MB22	8
e657143d386e58fda401de8acfaf5e45	MB24	5
e657143d386e58fda401de8acfaf5e45	EDNA70	335
e657143d386e58fda401de8acfaf5e45	EDNA80	51
e657143d386e58fda401de8acfaf5e45	EDNA81	132
e657143d386e58fda401de8acfaf5e45	MB18	43
e657143d386e58fda401de8acfaf5e45	EDNA91	18
e657143d386e58fda401de8acfaf5e45	EDNA82	6707
e657143d386e58fda401de8acfaf5e45	EDNA83	10135
e657143d386e58fda401de8acfaf5e45	EDNA93	4
e657143d386e58fda401de8acfaf5e45	EDNA84	5306
e657143d386e58fda401de8acfaf5e45	EDNA85	75
e657143d386e58fda401de8acfaf5e45	EDNA95	112
e657143d386e58fda401de8acfaf5e45	EDNA86	57
e657143d386e58fda401de8acfaf5e45	EDNA68	36
b01e1eb00094b1079c36baa40e816aca	EDNA46	16
b01e1eb00094b1079c36baa40e816aca	EDNA60	8
b01e1eb00094b1079c36baa40e816aca	EDNA48	9
b01e1eb00094b1079c36baa40e816aca	EDNA63	15
b01e1eb00094b1079c36baa40e816aca	EDNA80	769
b01e1eb00094b1079c36baa40e816aca	EDNA68	3
b01e1eb00094b1079c36baa40e816aca	EDNA81	793
b01e1eb00094b1079c36baa40e816aca	EDNA82	6219
b01e1eb00094b1079c36baa40e816aca	EDNA83	6978
b01e1eb00094b1079c36baa40e816aca	EDNA84	8140
b01e1eb00094b1079c36baa40e816aca	EDNA85	592
b01e1eb00094b1079c36baa40e816aca	EDNA86	322
b01e1eb00094b1079c36baa40e816aca	EDNA87	274
b01e1eb00094b1079c36baa40e816aca	EDNA16	7
b01e1eb00094b1079c36baa40e816aca	EDNA33	2
b01e1eb00094b1079c36baa40e816aca	EDNA52	27
b01e1eb00094b1079c36baa40e816aca	EDNA53	11
b01e1eb00094b1079c36baa40e816aca	EDNA54	4
b01e1eb00094b1079c36baa40e816aca	EDNA56	11
b01e1eb00094b1079c36baa40e816aca	EDNA57	6
b01e1eb00094b1079c36baa40e816aca	EDNA70	40
b01e1eb00094b1079c36baa40e816aca	EDNA58	12
b01e1eb00094b1079c36baa40e816aca	EDNA71	71
b01e1eb00094b1079c36baa40e816aca	EDNA59	36
b01e1eb00094b1079c36baa40e816aca	EDNA73	1471
b01e1eb00094b1079c36baa40e816aca	EDNA74	752
b01e1eb00094b1079c36baa40e816aca	EDNA75	1826
b01e1eb00094b1079c36baa40e816aca	EDNA91	109
b01e1eb00094b1079c36baa40e816aca	EDNA92	68
b01e1eb00094b1079c36baa40e816aca	EDNA79	646
b01e1eb00094b1079c36baa40e816aca	EDNA93	131
b01e1eb00094b1079c36baa40e816aca	EDNA95	27
b01e1eb00094b1079c36baa40e816aca	EDNA96	9
b01e1eb00094b1079c36baa40e816aca	MB21	40
b01e1eb00094b1079c36baa40e816aca	EDNA22	7
b01e1eb00094b1079c36baa40e816aca	EDNA23	19
b01e1eb00094b1079c36baa40e816aca	EDNA24	34
b01e1eb00094b1079c36baa40e816aca	EDNA25	53
b01e1eb00094b1079c36baa40e816aca	EDNA26	5
b01e1eb00094b1079c36baa40e816aca	EDNA27	20
b01e1eb00094b1079c36baa40e816aca	EDNA40	14
b01e1eb00094b1079c36baa40e816aca	EDNA41	49
b01e1eb00094b1079c36baa40e816aca	EDNA42	31
bbdee748823ca921a6af8d924c384f79	EDNA46	144
bbdee748823ca921a6af8d924c384f79	EDNA1	685
bbdee748823ca921a6af8d924c384f79	EDNA60	179
bbdee748823ca921a6af8d924c384f79	EDNA47	306
bbdee748823ca921a6af8d924c384f79	EDNA2	292
bbdee748823ca921a6af8d924c384f79	EDNA61	414
bbdee748823ca921a6af8d924c384f79	EDNA48	154
bbdee748823ca921a6af8d924c384f79	EDNA3	1136
bbdee748823ca921a6af8d924c384f79	EDNA62	258
bbdee748823ca921a6af8d924c384f79	EDNA63	320
bbdee748823ca921a6af8d924c384f79	EDNA7	961
bbdee748823ca921a6af8d924c384f79	EDNA8	508
bbdee748823ca921a6af8d924c384f79	EDNA9	758
bbdee748823ca921a6af8d924c384f79	EDNA81	3
bbdee748823ca921a6af8d924c384f79	EDNA83	10
bbdee748823ca921a6af8d924c384f79	EDNA86	6
bbdee748823ca921a6af8d924c384f79	MB11	10
bbdee748823ca921a6af8d924c384f79	MB13	2
bbdee748823ca921a6af8d924c384f79	MB2	42
bbdee748823ca921a6af8d924c384f79	MB4	7
bbdee748823ca921a6af8d924c384f79	MB6	1
bbdee748823ca921a6af8d924c384f79	MB9	3
bbdee748823ca921a6af8d924c384f79	CTRL2	3
bbdee748823ca921a6af8d924c384f79	EDNA10	816
bbdee748823ca921a6af8d924c384f79	EDNA11	966
bbdee748823ca921a6af8d924c384f79	EDNA12	703
bbdee748823ca921a6af8d924c384f79	EDNA13	628
bbdee748823ca921a6af8d924c384f79	EDNA14	728
bbdee748823ca921a6af8d924c384f79	EDNA15	786
bbdee748823ca921a6af8d924c384f79	EDNA16	579
bbdee748823ca921a6af8d924c384f79	EDNA17	1054
bbdee748823ca921a6af8d924c384f79	EDNA18	852
bbdee748823ca921a6af8d924c384f79	EDNA31	675
bbdee748823ca921a6af8d924c384f79	EDNA32	952
bbdee748823ca921a6af8d924c384f79	EDNA33	396
bbdee748823ca921a6af8d924c384f79	EDNA34	732
bbdee748823ca921a6af8d924c384f79	EDNA35	788
bbdee748823ca921a6af8d924c384f79	EDNA36	670
bbdee748823ca921a6af8d924c384f79	EDNA52	185
bbdee748823ca921a6af8d924c384f79	EDNA53	304
bbdee748823ca921a6af8d924c384f79	EDNA54	242
bbdee748823ca921a6af8d924c384f79	EDNA55	593
bbdee748823ca921a6af8d924c384f79	EDNA56	296
bbdee748823ca921a6af8d924c384f79	EDNA57	303
bbdee748823ca921a6af8d924c384f79	EDNA58	883
bbdee748823ca921a6af8d924c384f79	EDNA59	233
bbdee748823ca921a6af8d924c384f79	EDNA75	1
bbdee748823ca921a6af8d924c384f79	EDNA91	108
bbdee748823ca921a6af8d924c384f79	EDNA92	256
bbdee748823ca921a6af8d924c384f79	EDNA93	298
bbdee748823ca921a6af8d924c384f79	EDNA94	353
bbdee748823ca921a6af8d924c384f79	EDNA95	325
bbdee748823ca921a6af8d924c384f79	EDNA96	536
bbdee748823ca921a6af8d924c384f79	EDNA97	374
bbdee748823ca921a6af8d924c384f79	EDNA98	437
bbdee748823ca921a6af8d924c384f79	EDNA99	320
bbdee748823ca921a6af8d924c384f79	EDNA22	195
bbdee748823ca921a6af8d924c384f79	EDNA23	186
bbdee748823ca921a6af8d924c384f79	EDNA24	176
bbdee748823ca921a6af8d924c384f79	EDNA25	324
bbdee748823ca921a6af8d924c384f79	EDNA26	496
bbdee748823ca921a6af8d924c384f79	EDNA27	90
bbdee748823ca921a6af8d924c384f79	EDNA40	706
bbdee748823ca921a6af8d924c384f79	EDNA41	588
bbdee748823ca921a6af8d924c384f79	EDNA42	385
bbdee748823ca921a6af8d924c384f79	EDNA43	299
bbdee748823ca921a6af8d924c384f79	EDNA44	640
bbdee748823ca921a6af8d924c384f79	EDNA45	116
2b2471ab41ba5a8f577037a8bb3da84d	EDNA46	22
2b2471ab41ba5a8f577037a8bb3da84d	EDNA47	168
2b2471ab41ba5a8f577037a8bb3da84d	EDNA48	18
2b2471ab41ba5a8f577037a8bb3da84d	EDNA61	3
2b2471ab41ba5a8f577037a8bb3da84d	EDNA62	2
2b2471ab41ba5a8f577037a8bb3da84d	EDNA63	6
2b2471ab41ba5a8f577037a8bb3da84d	EDNA67	10
2b2471ab41ba5a8f577037a8bb3da84d	EDNA80	555
2b2471ab41ba5a8f577037a8bb3da84d	EDNA81	975
2b2471ab41ba5a8f577037a8bb3da84d	EDNA82	3636
2b2471ab41ba5a8f577037a8bb3da84d	EDNA83	3673
2b2471ab41ba5a8f577037a8bb3da84d	EDNA84	2857
2b2471ab41ba5a8f577037a8bb3da84d	EDNA85	1851
2b2471ab41ba5a8f577037a8bb3da84d	EDNA86	1260
2b2471ab41ba5a8f577037a8bb3da84d	EDNA87	706
2b2471ab41ba5a8f577037a8bb3da84d	MB19	7
2b2471ab41ba5a8f577037a8bb3da84d	MB9	1
2b2471ab41ba5a8f577037a8bb3da84d	EDNA34	92
2b2471ab41ba5a8f577037a8bb3da84d	EDNA35	36
2b2471ab41ba5a8f577037a8bb3da84d	EDNA51	1
2b2471ab41ba5a8f577037a8bb3da84d	EDNA52	6
2b2471ab41ba5a8f577037a8bb3da84d	EDNA53	11
2b2471ab41ba5a8f577037a8bb3da84d	EDNA54	27
2b2471ab41ba5a8f577037a8bb3da84d	EDNA55	74
2b2471ab41ba5a8f577037a8bb3da84d	EDNA56	18
2b2471ab41ba5a8f577037a8bb3da84d	EDNA57	18
2b2471ab41ba5a8f577037a8bb3da84d	EDNA73	121
2b2471ab41ba5a8f577037a8bb3da84d	EDNA74	38
2b2471ab41ba5a8f577037a8bb3da84d	EDNA75	69
2b2471ab41ba5a8f577037a8bb3da84d	EDNA91	889
2b2471ab41ba5a8f577037a8bb3da84d	EDNA92	942
2b2471ab41ba5a8f577037a8bb3da84d	EDNA79	4136
2b2471ab41ba5a8f577037a8bb3da84d	EDNA93	2294
2b2471ab41ba5a8f577037a8bb3da84d	EDNA94	466
2b2471ab41ba5a8f577037a8bb3da84d	EDNA95	516
2b2471ab41ba5a8f577037a8bb3da84d	EDNA96	540
2b2471ab41ba5a8f577037a8bb3da84d	EDNA97	66
2b2471ab41ba5a8f577037a8bb3da84d	EDNA98	64
2b2471ab41ba5a8f577037a8bb3da84d	MB20	8
2b2471ab41ba5a8f577037a8bb3da84d	EDNA99	35
2b2471ab41ba5a8f577037a8bb3da84d	MB21	28
2b2471ab41ba5a8f577037a8bb3da84d	MB22	3
2b2471ab41ba5a8f577037a8bb3da84d	MB25	20
2b2471ab41ba5a8f577037a8bb3da84d	EDNA40	58
2b2471ab41ba5a8f577037a8bb3da84d	EDNA41	138
2b2471ab41ba5a8f577037a8bb3da84d	EDNA42	39
2b2471ab41ba5a8f577037a8bb3da84d	EDNA43	46
2b2471ab41ba5a8f577037a8bb3da84d	EDNA44	205
2b2471ab41ba5a8f577037a8bb3da84d	EDNA45	36
ba7d9a10481a64212d1eaaa2a4942e00	EDNA87	247
ba7d9a10481a64212d1eaaa2a4942e00	EDNA69	378
ba7d9a10481a64212d1eaaa2a4942e00	MB20	414
ba7d9a10481a64212d1eaaa2a4942e00	EDNA79	112
ba7d9a10481a64212d1eaaa2a4942e00	MB21	5984
ba7d9a10481a64212d1eaaa2a4942e00	MB12	13
ba7d9a10481a64212d1eaaa2a4942e00	MB22	66
ba7d9a10481a64212d1eaaa2a4942e00	MB23	66
ba7d9a10481a64212d1eaaa2a4942e00	MB14	6
ba7d9a10481a64212d1eaaa2a4942e00	MB24	50
ba7d9a10481a64212d1eaaa2a4942e00	EDNA43	90
ba7d9a10481a64212d1eaaa2a4942e00	EDNA80	472
ba7d9a10481a64212d1eaaa2a4942e00	EDNA71	156
ba7d9a10481a64212d1eaaa2a4942e00	MB17	186
ba7d9a10481a64212d1eaaa2a4942e00	EDNA81	234
ba7d9a10481a64212d1eaaa2a4942e00	MB18	366
ba7d9a10481a64212d1eaaa2a4942e00	EDNA91	27
ba7d9a10481a64212d1eaaa2a4942e00	EDNA82	3499
ba7d9a10481a64212d1eaaa2a4942e00	EDNA73	1394
ba7d9a10481a64212d1eaaa2a4942e00	EDNA46	49
ba7d9a10481a64212d1eaaa2a4942e00	MB19	384
ba7d9a10481a64212d1eaaa2a4942e00	EDNA92	42
ba7d9a10481a64212d1eaaa2a4942e00	EDNA83	3942
ba7d9a10481a64212d1eaaa2a4942e00	EDNA74	648
ba7d9a10481a64212d1eaaa2a4942e00	EDNA47	41
ba7d9a10481a64212d1eaaa2a4942e00	EDNA93	162
ba7d9a10481a64212d1eaaa2a4942e00	EDNA84	2736
ba7d9a10481a64212d1eaaa2a4942e00	EDNA94	76
ba7d9a10481a64212d1eaaa2a4942e00	EDNA85	1031
ba7d9a10481a64212d1eaaa2a4942e00	EDNA67	53
ba7d9a10481a64212d1eaaa2a4942e00	EDNA95	9
ba7d9a10481a64212d1eaaa2a4942e00	EDNA86	788
a14ee8c571e8f70554d47211fdcf8b47	EDNA46	223
a14ee8c571e8f70554d47211fdcf8b47	EDNA47	101
a14ee8c571e8f70554d47211fdcf8b47	EDNA48	146
a14ee8c571e8f70554d47211fdcf8b47	EDNA61	5
a14ee8c571e8f70554d47211fdcf8b47	EDNA63	7
a14ee8c571e8f70554d47211fdcf8b47	EDNA7	1
a14ee8c571e8f70554d47211fdcf8b47	EDNA80	1302
a14ee8c571e8f70554d47211fdcf8b47	EDNA81	1868
a14ee8c571e8f70554d47211fdcf8b47	EDNA82	1461
a14ee8c571e8f70554d47211fdcf8b47	EDNA83	1748
a14ee8c571e8f70554d47211fdcf8b47	EDNA84	1616
a14ee8c571e8f70554d47211fdcf8b47	EDNA85	390
a14ee8c571e8f70554d47211fdcf8b47	EDNA86	267
a14ee8c571e8f70554d47211fdcf8b47	EDNA87	165
a14ee8c571e8f70554d47211fdcf8b47	EDNA15	4
a14ee8c571e8f70554d47211fdcf8b47	EDNA36	29
a14ee8c571e8f70554d47211fdcf8b47	EDNA52	165
a14ee8c571e8f70554d47211fdcf8b47	EDNA53	124
a14ee8c571e8f70554d47211fdcf8b47	EDNA54	136
a14ee8c571e8f70554d47211fdcf8b47	EDNA55	117
a14ee8c571e8f70554d47211fdcf8b47	EDNA56	80
a14ee8c571e8f70554d47211fdcf8b47	EDNA57	178
a14ee8c571e8f70554d47211fdcf8b47	EDNA59	2
a14ee8c571e8f70554d47211fdcf8b47	EDNA74	42
a14ee8c571e8f70554d47211fdcf8b47	EDNA75	1
a14ee8c571e8f70554d47211fdcf8b47	EDNA91	153
a14ee8c571e8f70554d47211fdcf8b47	EDNA92	158
a14ee8c571e8f70554d47211fdcf8b47	EDNA79	808
a14ee8c571e8f70554d47211fdcf8b47	EDNA93	205
a14ee8c571e8f70554d47211fdcf8b47	EDNA94	10
a14ee8c571e8f70554d47211fdcf8b47	EDNA95	14
a14ee8c571e8f70554d47211fdcf8b47	EDNA96	38
a14ee8c571e8f70554d47211fdcf8b47	EDNA97	8
a14ee8c571e8f70554d47211fdcf8b47	EDNA98	4
a14ee8c571e8f70554d47211fdcf8b47	EDNA22	2
a14ee8c571e8f70554d47211fdcf8b47	EDNA24	39
a14ee8c571e8f70554d47211fdcf8b47	EDNA40	1964
a14ee8c571e8f70554d47211fdcf8b47	EDNA41	2184
a14ee8c571e8f70554d47211fdcf8b47	EDNA42	2445
a14ee8c571e8f70554d47211fdcf8b47	EDNA43	2633
a14ee8c571e8f70554d47211fdcf8b47	EDNA44	1430
a14ee8c571e8f70554d47211fdcf8b47	EDNA45	1392
462b0a72a982a064bbbe0b2a4583ac4b	EDNA46	38
462b0a72a982a064bbbe0b2a4583ac4b	EDNA1	1423
462b0a72a982a064bbbe0b2a4583ac4b	EDNA47	60
462b0a72a982a064bbbe0b2a4583ac4b	EDNA2	1152
462b0a72a982a064bbbe0b2a4583ac4b	EDNA60	93
462b0a72a982a064bbbe0b2a4583ac4b	EDNA61	212
462b0a72a982a064bbbe0b2a4583ac4b	EDNA48	48
462b0a72a982a064bbbe0b2a4583ac4b	EDNA3	1354
462b0a72a982a064bbbe0b2a4583ac4b	EDNA62	164
462b0a72a982a064bbbe0b2a4583ac4b	EDNA63	189
462b0a72a982a064bbbe0b2a4583ac4b	EDNA7	278
462b0a72a982a064bbbe0b2a4583ac4b	EDNA8	299
462b0a72a982a064bbbe0b2a4583ac4b	EDNA9	226
462b0a72a982a064bbbe0b2a4583ac4b	EDNA69	4
462b0a72a982a064bbbe0b2a4583ac4b	EDNA85	16
462b0a72a982a064bbbe0b2a4583ac4b	EDNA86	33
462b0a72a982a064bbbe0b2a4583ac4b	CTRL2	1
462b0a72a982a064bbbe0b2a4583ac4b	EDNA10	131
462b0a72a982a064bbbe0b2a4583ac4b	EDNA11	265
462b0a72a982a064bbbe0b2a4583ac4b	EDNA12	217
462b0a72a982a064bbbe0b2a4583ac4b	EDNA13	163
462b0a72a982a064bbbe0b2a4583ac4b	EDNA14	310
462b0a72a982a064bbbe0b2a4583ac4b	EDNA15	96
462b0a72a982a064bbbe0b2a4583ac4b	EDNA16	376
462b0a72a982a064bbbe0b2a4583ac4b	EDNA17	260
462b0a72a982a064bbbe0b2a4583ac4b	EDNA18	469
462b0a72a982a064bbbe0b2a4583ac4b	EDNA31	1045
462b0a72a982a064bbbe0b2a4583ac4b	EDNA32	467
462b0a72a982a064bbbe0b2a4583ac4b	EDNA33	614
462b0a72a982a064bbbe0b2a4583ac4b	EDNA34	3306
462b0a72a982a064bbbe0b2a4583ac4b	EDNA35	2389
462b0a72a982a064bbbe0b2a4583ac4b	EDNA36	2481
462b0a72a982a064bbbe0b2a4583ac4b	EDNA52	33
462b0a72a982a064bbbe0b2a4583ac4b	EDNA53	68
462b0a72a982a064bbbe0b2a4583ac4b	EDNA54	45
462b0a72a982a064bbbe0b2a4583ac4b	EDNA55	118
462b0a72a982a064bbbe0b2a4583ac4b	EDNA56	90
462b0a72a982a064bbbe0b2a4583ac4b	EDNA57	95
462b0a72a982a064bbbe0b2a4583ac4b	EDNA58	75
462b0a72a982a064bbbe0b2a4583ac4b	EDNA59	140
462b0a72a982a064bbbe0b2a4583ac4b	EDNA74	144
462b0a72a982a064bbbe0b2a4583ac4b	EDNA91	65
462b0a72a982a064bbbe0b2a4583ac4b	EDNA92	110
462b0a72a982a064bbbe0b2a4583ac4b	EDNA93	51
462b0a72a982a064bbbe0b2a4583ac4b	EDNA94	203
462b0a72a982a064bbbe0b2a4583ac4b	EDNA95	99
462b0a72a982a064bbbe0b2a4583ac4b	EDNA96	240
462b0a72a982a064bbbe0b2a4583ac4b	EDNA97	69
462b0a72a982a064bbbe0b2a4583ac4b	EDNA98	150
462b0a72a982a064bbbe0b2a4583ac4b	EDNA99	93
462b0a72a982a064bbbe0b2a4583ac4b	EDNA22	113
462b0a72a982a064bbbe0b2a4583ac4b	EDNA24	269
462b0a72a982a064bbbe0b2a4583ac4b	EDNA25	995
462b0a72a982a064bbbe0b2a4583ac4b	EDNA26	559
462b0a72a982a064bbbe0b2a4583ac4b	EDNA27	463
462b0a72a982a064bbbe0b2a4583ac4b	EDNA41	39
462b0a72a982a064bbbe0b2a4583ac4b	EDNA43	40
052613cf1d155696fd4cdf1697fe3e82	EDNA87	15
052613cf1d155696fd4cdf1697fe3e82	EDNA69	701
052613cf1d155696fd4cdf1697fe3e82	MB20	8
052613cf1d155696fd4cdf1697fe3e82	MB21	272
052613cf1d155696fd4cdf1697fe3e82	MB22	3
052613cf1d155696fd4cdf1697fe3e82	MB23	3
052613cf1d155696fd4cdf1697fe3e82	MB24	3
052613cf1d155696fd4cdf1697fe3e82	EDNA70	412
052613cf1d155696fd4cdf1697fe3e82	EDNA71	1905
052613cf1d155696fd4cdf1697fe3e82	MB17	8277
052613cf1d155696fd4cdf1697fe3e82	MB18	3184
052613cf1d155696fd4cdf1697fe3e82	EDNA91	1
052613cf1d155696fd4cdf1697fe3e82	EDNA82	11
052613cf1d155696fd4cdf1697fe3e82	EDNA73	1406
052613cf1d155696fd4cdf1697fe3e82	MB19	2139
052613cf1d155696fd4cdf1697fe3e82	EDNA83	44
052613cf1d155696fd4cdf1697fe3e82	EDNA74	836
052613cf1d155696fd4cdf1697fe3e82	EDNA84	67
052613cf1d155696fd4cdf1697fe3e82	EDNA75	521
052613cf1d155696fd4cdf1697fe3e82	EDNA85	2
052613cf1d155696fd4cdf1697fe3e82	EDNA67	1625
052613cf1d155696fd4cdf1697fe3e82	EDNA86	53
052613cf1d155696fd4cdf1697fe3e82	EDNA68	907
0ef901ec576f45ffb713bb0e250ae53b	EDNA46	314
0ef901ec576f45ffb713bb0e250ae53b	EDNA47	420
0ef901ec576f45ffb713bb0e250ae53b	EDNA60	35
0ef901ec576f45ffb713bb0e250ae53b	EDNA48	215
0ef901ec576f45ffb713bb0e250ae53b	EDNA61	3
0ef901ec576f45ffb713bb0e250ae53b	EDNA62	5
0ef901ec576f45ffb713bb0e250ae53b	EDNA63	3
0ef901ec576f45ffb713bb0e250ae53b	EDNA80	199
0ef901ec576f45ffb713bb0e250ae53b	EDNA81	340
0ef901ec576f45ffb713bb0e250ae53b	EDNA82	9
0ef901ec576f45ffb713bb0e250ae53b	EDNA85	243
0ef901ec576f45ffb713bb0e250ae53b	EDNA86	224
0ef901ec576f45ffb713bb0e250ae53b	EDNA87	123
0ef901ec576f45ffb713bb0e250ae53b	MB13	5
0ef901ec576f45ffb713bb0e250ae53b	EDNA34	523
0ef901ec576f45ffb713bb0e250ae53b	EDNA35	254
0ef901ec576f45ffb713bb0e250ae53b	EDNA36	356
0ef901ec576f45ffb713bb0e250ae53b	EDNA37	2
0ef901ec576f45ffb713bb0e250ae53b	EDNA52	78
0ef901ec576f45ffb713bb0e250ae53b	EDNA53	77
0ef901ec576f45ffb713bb0e250ae53b	EDNA54	72
0ef901ec576f45ffb713bb0e250ae53b	EDNA55	87
0ef901ec576f45ffb713bb0e250ae53b	EDNA56	83
0ef901ec576f45ffb713bb0e250ae53b	EDNA57	81
0ef901ec576f45ffb713bb0e250ae53b	EDNA58	19
0ef901ec576f45ffb713bb0e250ae53b	EDNA59	39
0ef901ec576f45ffb713bb0e250ae53b	EDNA91	51
0ef901ec576f45ffb713bb0e250ae53b	EDNA92	77
0ef901ec576f45ffb713bb0e250ae53b	EDNA79	67
0ef901ec576f45ffb713bb0e250ae53b	EDNA93	116
0ef901ec576f45ffb713bb0e250ae53b	EDNA94	8
0ef901ec576f45ffb713bb0e250ae53b	EDNA95	28
0ef901ec576f45ffb713bb0e250ae53b	EDNA96	19
0ef901ec576f45ffb713bb0e250ae53b	EDNA97	5
0ef901ec576f45ffb713bb0e250ae53b	EDNA98	9
0ef901ec576f45ffb713bb0e250ae53b	EDNA99	8
0ef901ec576f45ffb713bb0e250ae53b	EDNA25	8
0ef901ec576f45ffb713bb0e250ae53b	EDNA27	9
0ef901ec576f45ffb713bb0e250ae53b	EDNA40	1055
0ef901ec576f45ffb713bb0e250ae53b	EDNA41	752
0ef901ec576f45ffb713bb0e250ae53b	EDNA42	1464
0ef901ec576f45ffb713bb0e250ae53b	EDNA43	6221
0ef901ec576f45ffb713bb0e250ae53b	EDNA44	3193
0ef901ec576f45ffb713bb0e250ae53b	EDNA45	4203
ed67d91fe1bf747c5a5e4a1817e33844	MB10	1
ed67d91fe1bf747c5a5e4a1817e33844	EDNA87	6
ed67d91fe1bf747c5a5e4a1817e33844	EDNA69	406
ed67d91fe1bf747c5a5e4a1817e33844	MB20	10
ed67d91fe1bf747c5a5e4a1817e33844	MB21	200
ed67d91fe1bf747c5a5e4a1817e33844	MB12	322
ed67d91fe1bf747c5a5e4a1817e33844	MB22	5
ed67d91fe1bf747c5a5e4a1817e33844	MB13	2881
ed67d91fe1bf747c5a5e4a1817e33844	EDNA41	342
ed67d91fe1bf747c5a5e4a1817e33844	MB23	5
ed67d91fe1bf747c5a5e4a1817e33844	MB14	2
ed67d91fe1bf747c5a5e4a1817e33844	EDNA42	30
ed67d91fe1bf747c5a5e4a1817e33844	MB24	5
ed67d91fe1bf747c5a5e4a1817e33844	EDNA70	540
ed67d91fe1bf747c5a5e4a1817e33844	EDNA43	94
ed67d91fe1bf747c5a5e4a1817e33844	EDNA71	1058
ed67d91fe1bf747c5a5e4a1817e33844	EDNA44	446
ed67d91fe1bf747c5a5e4a1817e33844	MB17	5406
ed67d91fe1bf747c5a5e4a1817e33844	EDNA81	42
ed67d91fe1bf747c5a5e4a1817e33844	EDNA45	56
ed67d91fe1bf747c5a5e4a1817e33844	MB18	5842
ed67d91fe1bf747c5a5e4a1817e33844	EDNA73	30
ed67d91fe1bf747c5a5e4a1817e33844	EDNA55	15
ed67d91fe1bf747c5a5e4a1817e33844	EDNA37	1
ed67d91fe1bf747c5a5e4a1817e33844	MB4	2
ed67d91fe1bf747c5a5e4a1817e33844	MB19	746
ed67d91fe1bf747c5a5e4a1817e33844	EDNA92	23
ed67d91fe1bf747c5a5e4a1817e33844	EDNA83	15
ed67d91fe1bf747c5a5e4a1817e33844	EDNA74	226
ed67d91fe1bf747c5a5e4a1817e33844	EDNA84	23
ed67d91fe1bf747c5a5e4a1817e33844	EDNA75	124
ed67d91fe1bf747c5a5e4a1817e33844	EDNA48	21
ed67d91fe1bf747c5a5e4a1817e33844	EDNA85	27
ed67d91fe1bf747c5a5e4a1817e33844	EDNA67	144
ed67d91fe1bf747c5a5e4a1817e33844	MB7	62
ed67d91fe1bf747c5a5e4a1817e33844	EDNA86	1
ed67d91fe1bf747c5a5e4a1817e33844	EDNA68	776
25823e27d655415e9256fc0c87248385	MB20	313
25823e27d655415e9256fc0c87248385	EDNA79	11
25823e27d655415e9256fc0c87248385	EDNA71	42
25823e27d655415e9256fc0c87248385	EDNA81	1313
25823e27d655415e9256fc0c87248385	MB19	49
25823e27d655415e9256fc0c87248385	MB7	16909
96b6c1de0704d3e898f48c1fdad205a3	EDNA61	3927
96b6c1de0704d3e898f48c1fdad205a3	EDNA86	14545
e6462e14b65958a01e4a1b48a9fc7a34	EDNA46	121
e6462e14b65958a01e4a1b48a9fc7a34	EDNA1	543
e6462e14b65958a01e4a1b48a9fc7a34	EDNA47	295
e6462e14b65958a01e4a1b48a9fc7a34	EDNA60	159
e6462e14b65958a01e4a1b48a9fc7a34	EDNA48	74
e6462e14b65958a01e4a1b48a9fc7a34	EDNA3	777
e6462e14b65958a01e4a1b48a9fc7a34	EDNA61	350
e6462e14b65958a01e4a1b48a9fc7a34	EDNA62	201
e6462e14b65958a01e4a1b48a9fc7a34	EDNA63	354
e6462e14b65958a01e4a1b48a9fc7a34	EDNA7	870
e6462e14b65958a01e4a1b48a9fc7a34	EDNA9	375
e6462e14b65958a01e4a1b48a9fc7a34	EDNA80	2
e6462e14b65958a01e4a1b48a9fc7a34	MB2	24
e6462e14b65958a01e4a1b48a9fc7a34	MB4	6
e6462e14b65958a01e4a1b48a9fc7a34	EDNA10	600
e6462e14b65958a01e4a1b48a9fc7a34	EDNA11	1006
e6462e14b65958a01e4a1b48a9fc7a34	EDNA13	570
e6462e14b65958a01e4a1b48a9fc7a34	EDNA15	608
e6462e14b65958a01e4a1b48a9fc7a34	EDNA16	654
e6462e14b65958a01e4a1b48a9fc7a34	EDNA17	948
e6462e14b65958a01e4a1b48a9fc7a34	EDNA18	646
e6462e14b65958a01e4a1b48a9fc7a34	EDNA33	209
e6462e14b65958a01e4a1b48a9fc7a34	EDNA34	354
e6462e14b65958a01e4a1b48a9fc7a34	EDNA35	658
e6462e14b65958a01e4a1b48a9fc7a34	EDNA36	219
e6462e14b65958a01e4a1b48a9fc7a34	EDNA52	149
e6462e14b65958a01e4a1b48a9fc7a34	EDNA53	326
e6462e14b65958a01e4a1b48a9fc7a34	EDNA54	200
e6462e14b65958a01e4a1b48a9fc7a34	EDNA55	522
e6462e14b65958a01e4a1b48a9fc7a34	EDNA56	255
e6462e14b65958a01e4a1b48a9fc7a34	EDNA57	198
e6462e14b65958a01e4a1b48a9fc7a34	EDNA58	432
e6462e14b65958a01e4a1b48a9fc7a34	EDNA59	177
e6462e14b65958a01e4a1b48a9fc7a34	EDNA91	86
e6462e14b65958a01e4a1b48a9fc7a34	EDNA92	133
e6462e14b65958a01e4a1b48a9fc7a34	EDNA93	218
e6462e14b65958a01e4a1b48a9fc7a34	EDNA94	287
e6462e14b65958a01e4a1b48a9fc7a34	EDNA95	220
e6462e14b65958a01e4a1b48a9fc7a34	EDNA96	214
e6462e14b65958a01e4a1b48a9fc7a34	EDNA97	365
e6462e14b65958a01e4a1b48a9fc7a34	EDNA98	261
e6462e14b65958a01e4a1b48a9fc7a34	EDNA99	264
e6462e14b65958a01e4a1b48a9fc7a34	EDNA24	244
e6462e14b65958a01e4a1b48a9fc7a34	EDNA26	422
e6462e14b65958a01e4a1b48a9fc7a34	EDNA40	266
e6462e14b65958a01e4a1b48a9fc7a34	EDNA41	598
e6462e14b65958a01e4a1b48a9fc7a34	EDNA42	301
e6462e14b65958a01e4a1b48a9fc7a34	EDNA43	121
e6462e14b65958a01e4a1b48a9fc7a34	EDNA44	595
e6462e14b65958a01e4a1b48a9fc7a34	EDNA45	64
16d4f55f0573f814e402b35671420b94	MB20	685
16d4f55f0573f814e402b35671420b94	MB21	506
16d4f55f0573f814e402b35671420b94	MB12	553
16d4f55f0573f814e402b35671420b94	MB22	37
16d4f55f0573f814e402b35671420b94	MB13	874
16d4f55f0573f814e402b35671420b94	EDNA44	1
16d4f55f0573f814e402b35671420b94	EDNA45	14743
16d4f55f0573f814e402b35671420b94	EDNA83	5
482df86be748a0a2e46f6ff2db36937c	EDNA96	9
482df86be748a0a2e46f6ff2db36937c	EDNA87	100
482df86be748a0a2e46f6ff2db36937c	EDNA69	56
482df86be748a0a2e46f6ff2db36937c	EDNA79	143
482df86be748a0a2e46f6ff2db36937c	MB21	1
482df86be748a0a2e46f6ff2db36937c	EDNA99	3
482df86be748a0a2e46f6ff2db36937c	EDNA50	1
482df86be748a0a2e46f6ff2db36937c	EDNA70	157
482df86be748a0a2e46f6ff2db36937c	EDNA80	356
482df86be748a0a2e46f6ff2db36937c	EDNA71	21
482df86be748a0a2e46f6ff2db36937c	EDNA81	518
482df86be748a0a2e46f6ff2db36937c	EDNA91	36
482df86be748a0a2e46f6ff2db36937c	EDNA82	3921
482df86be748a0a2e46f6ff2db36937c	EDNA73	342
482df86be748a0a2e46f6ff2db36937c	EDNA92	105
482df86be748a0a2e46f6ff2db36937c	EDNA83	4389
482df86be748a0a2e46f6ff2db36937c	EDNA74	888
482df86be748a0a2e46f6ff2db36937c	EDNA93	83
482df86be748a0a2e46f6ff2db36937c	EDNA84	5089
482df86be748a0a2e46f6ff2db36937c	EDNA75	727
482df86be748a0a2e46f6ff2db36937c	EDNA94	12
482df86be748a0a2e46f6ff2db36937c	EDNA85	164
482df86be748a0a2e46f6ff2db36937c	EDNA76	1
482df86be748a0a2e46f6ff2db36937c	EDNA67	4
482df86be748a0a2e46f6ff2db36937c	EDNA95	20
482df86be748a0a2e46f6ff2db36937c	EDNA86	206
482df86be748a0a2e46f6ff2db36937c	EDNA77	1
482df86be748a0a2e46f6ff2db36937c	EDNA68	31
482df86be748a0a2e46f6ff2db36937c	EDNA59	1
8f99887d6febc6a640f58a00f3ab4e1d	EDNA46	20
8f99887d6febc6a640f58a00f3ab4e1d	EDNA1	8
8f99887d6febc6a640f58a00f3ab4e1d	EDNA47	31
8f99887d6febc6a640f58a00f3ab4e1d	EDNA2	12
8f99887d6febc6a640f58a00f3ab4e1d	EDNA60	80
8f99887d6febc6a640f58a00f3ab4e1d	EDNA48	23
8f99887d6febc6a640f58a00f3ab4e1d	EDNA61	30
8f99887d6febc6a640f58a00f3ab4e1d	EDNA62	31
8f99887d6febc6a640f58a00f3ab4e1d	EDNA63	27
8f99887d6febc6a640f58a00f3ab4e1d	EDNA8	1
8f99887d6febc6a640f58a00f3ab4e1d	EDNA80	1175
8f99887d6febc6a640f58a00f3ab4e1d	EDNA67	13
8f99887d6febc6a640f58a00f3ab4e1d	EDNA81	1334
8f99887d6febc6a640f58a00f3ab4e1d	EDNA68	8
8f99887d6febc6a640f58a00f3ab4e1d	EDNA82	939
8f99887d6febc6a640f58a00f3ab4e1d	EDNA83	1150
8f99887d6febc6a640f58a00f3ab4e1d	EDNA84	1195
8f99887d6febc6a640f58a00f3ab4e1d	EDNA85	307
8f99887d6febc6a640f58a00f3ab4e1d	EDNA86	483
8f99887d6febc6a640f58a00f3ab4e1d	EDNA87	172
8f99887d6febc6a640f58a00f3ab4e1d	MB6	2
8f99887d6febc6a640f58a00f3ab4e1d	MB8	1
8f99887d6febc6a640f58a00f3ab4e1d	EDNA13	26
8f99887d6febc6a640f58a00f3ab4e1d	EDNA14	35
8f99887d6febc6a640f58a00f3ab4e1d	EDNA15	26
8f99887d6febc6a640f58a00f3ab4e1d	EDNA16	19
8f99887d6febc6a640f58a00f3ab4e1d	EDNA17	9
8f99887d6febc6a640f58a00f3ab4e1d	EDNA18	28
8f99887d6febc6a640f58a00f3ab4e1d	EDNA31	875
8f99887d6febc6a640f58a00f3ab4e1d	EDNA32	221
8f99887d6febc6a640f58a00f3ab4e1d	EDNA33	277
8f99887d6febc6a640f58a00f3ab4e1d	EDNA34	695
8f99887d6febc6a640f58a00f3ab4e1d	EDNA35	468
8f99887d6febc6a640f58a00f3ab4e1d	EDNA36	860
8f99887d6febc6a640f58a00f3ab4e1d	EDNA52	15
8f99887d6febc6a640f58a00f3ab4e1d	EDNA53	17
8f99887d6febc6a640f58a00f3ab4e1d	EDNA54	15
8f99887d6febc6a640f58a00f3ab4e1d	EDNA55	38
8f99887d6febc6a640f58a00f3ab4e1d	EDNA56	28
8f99887d6febc6a640f58a00f3ab4e1d	EDNA57	42
8f99887d6febc6a640f58a00f3ab4e1d	EDNA71	77
8f99887d6febc6a640f58a00f3ab4e1d	EDNA58	32
8f99887d6febc6a640f58a00f3ab4e1d	EDNA59	102
8f99887d6febc6a640f58a00f3ab4e1d	EDNA73	772
8f99887d6febc6a640f58a00f3ab4e1d	EDNA74	1083
8f99887d6febc6a640f58a00f3ab4e1d	EDNA75	861
8f99887d6febc6a640f58a00f3ab4e1d	EDNA91	166
8f99887d6febc6a640f58a00f3ab4e1d	EDNA92	180
8f99887d6febc6a640f58a00f3ab4e1d	EDNA79	754
8f99887d6febc6a640f58a00f3ab4e1d	EDNA93	277
8f99887d6febc6a640f58a00f3ab4e1d	EDNA94	131
8f99887d6febc6a640f58a00f3ab4e1d	EDNA95	170
8f99887d6febc6a640f58a00f3ab4e1d	EDNA96	161
8f99887d6febc6a640f58a00f3ab4e1d	EDNA97	151
8f99887d6febc6a640f58a00f3ab4e1d	EDNA98	139
8f99887d6febc6a640f58a00f3ab4e1d	EDNA99	70
8f99887d6febc6a640f58a00f3ab4e1d	EDNA22	131
8f99887d6febc6a640f58a00f3ab4e1d	EDNA23	172
8f99887d6febc6a640f58a00f3ab4e1d	EDNA24	317
8f99887d6febc6a640f58a00f3ab4e1d	EDNA25	380
8f99887d6febc6a640f58a00f3ab4e1d	EDNA26	136
8f99887d6febc6a640f58a00f3ab4e1d	EDNA27	193
8f99887d6febc6a640f58a00f3ab4e1d	EDNA45	2
b600e830f97d8f7083b2ab5f40cc3062	EDNA1	2999
b600e830f97d8f7083b2ab5f40cc3062	EDNA47	4
b600e830f97d8f7083b2ab5f40cc3062	EDNA2	2480
b600e830f97d8f7083b2ab5f40cc3062	EDNA3	2268
b600e830f97d8f7083b2ab5f40cc3062	EDNA7	241
b600e830f97d8f7083b2ab5f40cc3062	EDNA8	359
b600e830f97d8f7083b2ab5f40cc3062	EDNA9	195
b600e830f97d8f7083b2ab5f40cc3062	MB2	4
b600e830f97d8f7083b2ab5f40cc3062	CTRL2	4
b600e830f97d8f7083b2ab5f40cc3062	EDNA10	181
b600e830f97d8f7083b2ab5f40cc3062	EDNA11	463
b600e830f97d8f7083b2ab5f40cc3062	EDNA12	298
b600e830f97d8f7083b2ab5f40cc3062	EDNA13	417
b600e830f97d8f7083b2ab5f40cc3062	EDNA14	693
b600e830f97d8f7083b2ab5f40cc3062	EDNA15	284
b600e830f97d8f7083b2ab5f40cc3062	EDNA16	837
b600e830f97d8f7083b2ab5f40cc3062	EDNA17	708
b600e830f97d8f7083b2ab5f40cc3062	EDNA18	1569
b600e830f97d8f7083b2ab5f40cc3062	EDNA31	1386
b600e830f97d8f7083b2ab5f40cc3062	EDNA32	434
b600e830f97d8f7083b2ab5f40cc3062	EDNA33	282
b600e830f97d8f7083b2ab5f40cc3062	EDNA34	124
b600e830f97d8f7083b2ab5f40cc3062	EDNA35	65
b600e830f97d8f7083b2ab5f40cc3062	EDNA36	109
b600e830f97d8f7083b2ab5f40cc3062	EDNA55	7
b600e830f97d8f7083b2ab5f40cc3062	EDNA58	8
b600e830f97d8f7083b2ab5f40cc3062	EDNA59	6
b600e830f97d8f7083b2ab5f40cc3062	EDNA91	3
b600e830f97d8f7083b2ab5f40cc3062	EDNA92	7
b600e830f97d8f7083b2ab5f40cc3062	EDNA93	11
b600e830f97d8f7083b2ab5f40cc3062	EDNA94	4
b600e830f97d8f7083b2ab5f40cc3062	EDNA95	4
b600e830f97d8f7083b2ab5f40cc3062	EDNA96	6
b600e830f97d8f7083b2ab5f40cc3062	EDNA97	2
b600e830f97d8f7083b2ab5f40cc3062	EDNA98	10
b600e830f97d8f7083b2ab5f40cc3062	EDNA99	3
b600e830f97d8f7083b2ab5f40cc3062	EDNA22	43
b600e830f97d8f7083b2ab5f40cc3062	EDNA23	79
b600e830f97d8f7083b2ab5f40cc3062	EDNA24	150
b600e830f97d8f7083b2ab5f40cc3062	EDNA25	172
b600e830f97d8f7083b2ab5f40cc3062	EDNA26	41
b600e830f97d8f7083b2ab5f40cc3062	EDNA27	102
b600e830f97d8f7083b2ab5f40cc3062	EDNA43	2
b528b965cdc0d2b4e2d0cf0658bfda7e	EDNA96	2395
b528b965cdc0d2b4e2d0cf0658bfda7e	EDNA97	507
b528b965cdc0d2b4e2d0cf0658bfda7e	EDNA98	536
b528b965cdc0d2b4e2d0cf0658bfda7e	EDNA89	1
b528b965cdc0d2b4e2d0cf0658bfda7e	EDNA31	3578
b528b965cdc0d2b4e2d0cf0658bfda7e	EDNA99	295
b528b965cdc0d2b4e2d0cf0658bfda7e	EDNA32	1870
b528b965cdc0d2b4e2d0cf0658bfda7e	EDNA14	3
b528b965cdc0d2b4e2d0cf0658bfda7e	EDNA60	8
b528b965cdc0d2b4e2d0cf0658bfda7e	EDNA33	1438
b528b965cdc0d2b4e2d0cf0658bfda7e	EDNA61	8
b528b965cdc0d2b4e2d0cf0658bfda7e	EDNA34	413
b528b965cdc0d2b4e2d0cf0658bfda7e	EDNA2	10
b528b965cdc0d2b4e2d0cf0658bfda7e	EDNA25	6
b528b965cdc0d2b4e2d0cf0658bfda7e	EDNA3	17
b528b965cdc0d2b4e2d0cf0658bfda7e	EDNA35	253
b528b965cdc0d2b4e2d0cf0658bfda7e	EDNA17	3
b528b965cdc0d2b4e2d0cf0658bfda7e	EDNA63	7
b528b965cdc0d2b4e2d0cf0658bfda7e	EDNA54	2
b528b965cdc0d2b4e2d0cf0658bfda7e	EDNA36	309
b528b965cdc0d2b4e2d0cf0658bfda7e	EDNA91	304
b528b965cdc0d2b4e2d0cf0658bfda7e	EDNA55	4
b528b965cdc0d2b4e2d0cf0658bfda7e	EDNA92	388
b528b965cdc0d2b4e2d0cf0658bfda7e	EDNA47	3
b528b965cdc0d2b4e2d0cf0658bfda7e	EDNA93	585
b528b965cdc0d2b4e2d0cf0658bfda7e	EDNA94	1398
b528b965cdc0d2b4e2d0cf0658bfda7e	EDNA85	2
b528b965cdc0d2b4e2d0cf0658bfda7e	EDNA58	3
b528b965cdc0d2b4e2d0cf0658bfda7e	EDNA95	2066
b528b965cdc0d2b4e2d0cf0658bfda7e	EDNA59	21
b528b965cdc0d2b4e2d0cf0658bfda7e	EDNA10	1
047be919254a365f1ef51de16ce84016	EDNA69	1321
047be919254a365f1ef51de16ce84016	MB17	2344
047be919254a365f1ef51de16ce84016	MB18	89
047be919254a365f1ef51de16ce84016	EDNA75	97
047be919254a365f1ef51de16ce84016	EDNA67	162
047be919254a365f1ef51de16ce84016	EDNA68	11083
78c8f7d8d15b97b8a03279f9b8c9ad44	EDNA46	63
78c8f7d8d15b97b8a03279f9b8c9ad44	EDNA1	289
78c8f7d8d15b97b8a03279f9b8c9ad44	EDNA60	176
78c8f7d8d15b97b8a03279f9b8c9ad44	EDNA47	296
78c8f7d8d15b97b8a03279f9b8c9ad44	EDNA2	57
78c8f7d8d15b97b8a03279f9b8c9ad44	EDNA61	188
78c8f7d8d15b97b8a03279f9b8c9ad44	EDNA48	83
78c8f7d8d15b97b8a03279f9b8c9ad44	EDNA3	357
78c8f7d8d15b97b8a03279f9b8c9ad44	EDNA62	223
78c8f7d8d15b97b8a03279f9b8c9ad44	EDNA63	390
78c8f7d8d15b97b8a03279f9b8c9ad44	EDNA7	313
78c8f7d8d15b97b8a03279f9b8c9ad44	EDNA8	263
78c8f7d8d15b97b8a03279f9b8c9ad44	EDNA9	551
78c8f7d8d15b97b8a03279f9b8c9ad44	EDNA80	15
78c8f7d8d15b97b8a03279f9b8c9ad44	EDNA85	20
78c8f7d8d15b97b8a03279f9b8c9ad44	EDNA86	15
78c8f7d8d15b97b8a03279f9b8c9ad44	EDNA87	5
78c8f7d8d15b97b8a03279f9b8c9ad44	MB11	4
78c8f7d8d15b97b8a03279f9b8c9ad44	MB13	2
78c8f7d8d15b97b8a03279f9b8c9ad44	MB1	5
78c8f7d8d15b97b8a03279f9b8c9ad44	MB2	57
78c8f7d8d15b97b8a03279f9b8c9ad44	MB4	7
78c8f7d8d15b97b8a03279f9b8c9ad44	MB6	12
78c8f7d8d15b97b8a03279f9b8c9ad44	EDNA10	214
78c8f7d8d15b97b8a03279f9b8c9ad44	EDNA11	364
78c8f7d8d15b97b8a03279f9b8c9ad44	EDNA12	142
78c8f7d8d15b97b8a03279f9b8c9ad44	EDNA13	188
78c8f7d8d15b97b8a03279f9b8c9ad44	EDNA14	219
78c8f7d8d15b97b8a03279f9b8c9ad44	EDNA15	168
78c8f7d8d15b97b8a03279f9b8c9ad44	EDNA16	267
78c8f7d8d15b97b8a03279f9b8c9ad44	EDNA17	293
78c8f7d8d15b97b8a03279f9b8c9ad44	EDNA18	239
78c8f7d8d15b97b8a03279f9b8c9ad44	EDNA31	269
78c8f7d8d15b97b8a03279f9b8c9ad44	EDNA32	442
78c8f7d8d15b97b8a03279f9b8c9ad44	EDNA33	202
78c8f7d8d15b97b8a03279f9b8c9ad44	EDNA34	166
78c8f7d8d15b97b8a03279f9b8c9ad44	EDNA35	184
78c8f7d8d15b97b8a03279f9b8c9ad44	EDNA36	312
78c8f7d8d15b97b8a03279f9b8c9ad44	EDNA52	212
78c8f7d8d15b97b8a03279f9b8c9ad44	EDNA53	249
78c8f7d8d15b97b8a03279f9b8c9ad44	EDNA54	250
78c8f7d8d15b97b8a03279f9b8c9ad44	EDNA55	372
78c8f7d8d15b97b8a03279f9b8c9ad44	EDNA56	424
78c8f7d8d15b97b8a03279f9b8c9ad44	EDNA57	299
78c8f7d8d15b97b8a03279f9b8c9ad44	EDNA58	346
78c8f7d8d15b97b8a03279f9b8c9ad44	EDNA59	172
78c8f7d8d15b97b8a03279f9b8c9ad44	EDNA73	11
78c8f7d8d15b97b8a03279f9b8c9ad44	EDNA91	136
78c8f7d8d15b97b8a03279f9b8c9ad44	EDNA92	201
78c8f7d8d15b97b8a03279f9b8c9ad44	EDNA79	6
78c8f7d8d15b97b8a03279f9b8c9ad44	EDNA93	220
78c8f7d8d15b97b8a03279f9b8c9ad44	EDNA94	70
78c8f7d8d15b97b8a03279f9b8c9ad44	EDNA95	109
78c8f7d8d15b97b8a03279f9b8c9ad44	EDNA96	95
78c8f7d8d15b97b8a03279f9b8c9ad44	EDNA97	87
78c8f7d8d15b97b8a03279f9b8c9ad44	EDNA98	89
78c8f7d8d15b97b8a03279f9b8c9ad44	EDNA99	31
78c8f7d8d15b97b8a03279f9b8c9ad44	EDNA22	231
78c8f7d8d15b97b8a03279f9b8c9ad44	EDNA23	518
78c8f7d8d15b97b8a03279f9b8c9ad44	EDNA24	234
78c8f7d8d15b97b8a03279f9b8c9ad44	EDNA25	197
78c8f7d8d15b97b8a03279f9b8c9ad44	EDNA26	148
78c8f7d8d15b97b8a03279f9b8c9ad44	EDNA27	128
78c8f7d8d15b97b8a03279f9b8c9ad44	EDNA40	297
78c8f7d8d15b97b8a03279f9b8c9ad44	EDNA41	307
78c8f7d8d15b97b8a03279f9b8c9ad44	EDNA42	266
78c8f7d8d15b97b8a03279f9b8c9ad44	EDNA43	423
78c8f7d8d15b97b8a03279f9b8c9ad44	EDNA44	1141
78c8f7d8d15b97b8a03279f9b8c9ad44	EDNA45	309
2e887ef1013fd3874314619c66a3f42c	EDNA87	715
2e887ef1013fd3874314619c66a3f42c	EDNA69	942
2e887ef1013fd3874314619c66a3f42c	MB20	44
2e887ef1013fd3874314619c66a3f42c	MB22	60
2e887ef1013fd3874314619c66a3f42c	MB23	2
2e887ef1013fd3874314619c66a3f42c	EDNA70	703
2e887ef1013fd3874314619c66a3f42c	EDNA80	18
2e887ef1013fd3874314619c66a3f42c	EDNA71	1669
2e887ef1013fd3874314619c66a3f42c	MB17	1275
2e887ef1013fd3874314619c66a3f42c	MB18	3226
2e887ef1013fd3874314619c66a3f42c	EDNA91	5
2e887ef1013fd3874314619c66a3f42c	EDNA73	23
2e887ef1013fd3874314619c66a3f42c	MB19	2483
2e887ef1013fd3874314619c66a3f42c	EDNA74	1404
2e887ef1013fd3874314619c66a3f42c	EDNA75	386
2e887ef1013fd3874314619c66a3f42c	EDNA85	227
2e887ef1013fd3874314619c66a3f42c	EDNA67	406
2e887ef1013fd3874314619c66a3f42c	EDNA86	265
2e887ef1013fd3874314619c66a3f42c	EDNA68	770
0548d961a792d81daa92aabed37dd972	EDNA46	18
0548d961a792d81daa92aabed37dd972	EDNA47	22
0548d961a792d81daa92aabed37dd972	EDNA48	20
0548d961a792d81daa92aabed37dd972	EDNA7	1
0548d961a792d81daa92aabed37dd972	EDNA67	70
0548d961a792d81daa92aabed37dd972	EDNA80	120
0548d961a792d81daa92aabed37dd972	EDNA68	96
0548d961a792d81daa92aabed37dd972	EDNA81	77
0548d961a792d81daa92aabed37dd972	EDNA82	29
0548d961a792d81daa92aabed37dd972	EDNA69	21
0548d961a792d81daa92aabed37dd972	EDNA83	130
0548d961a792d81daa92aabed37dd972	EDNA84	37
0548d961a792d81daa92aabed37dd972	EDNA85	31
0548d961a792d81daa92aabed37dd972	EDNA86	4
0548d961a792d81daa92aabed37dd972	EDNA87	4
0548d961a792d81daa92aabed37dd972	MB11	4
0548d961a792d81daa92aabed37dd972	MB1	7
0548d961a792d81daa92aabed37dd972	MB18	5987
0548d961a792d81daa92aabed37dd972	MB19	17
0548d961a792d81daa92aabed37dd972	EDNA10	6
0548d961a792d81daa92aabed37dd972	EDNA12	3
0548d961a792d81daa92aabed37dd972	EDNA13	12
0548d961a792d81daa92aabed37dd972	EDNA14	7
0548d961a792d81daa92aabed37dd972	EDNA15	7
0548d961a792d81daa92aabed37dd972	EDNA18	4
0548d961a792d81daa92aabed37dd972	EDNA32	1
0548d961a792d81daa92aabed37dd972	EDNA33	3
0548d961a792d81daa92aabed37dd972	EDNA56	6
0548d961a792d81daa92aabed37dd972	EDNA57	4
0548d961a792d81daa92aabed37dd972	EDNA70	270
0548d961a792d81daa92aabed37dd972	EDNA71	945
0548d961a792d81daa92aabed37dd972	EDNA59	5
0548d961a792d81daa92aabed37dd972	EDNA73	2150
0548d961a792d81daa92aabed37dd972	EDNA74	1422
0548d961a792d81daa92aabed37dd972	EDNA75	1174
0548d961a792d81daa92aabed37dd972	EDNA91	5
0548d961a792d81daa92aabed37dd972	EDNA92	23
0548d961a792d81daa92aabed37dd972	EDNA79	53
0548d961a792d81daa92aabed37dd972	EDNA93	21
0548d961a792d81daa92aabed37dd972	EDNA95	9
0548d961a792d81daa92aabed37dd972	MB23	1054
0548d961a792d81daa92aabed37dd972	EDNA22	31
0548d961a792d81daa92aabed37dd972	EDNA24	11
0548d961a792d81daa92aabed37dd972	EDNA25	3
0548d961a792d81daa92aabed37dd972	EDNA40	10
0548d961a792d81daa92aabed37dd972	EDNA41	39
0548d961a792d81daa92aabed37dd972	EDNA45	6
a3091c83d62771f00fd374e5fb3cccc9	MB8	80
a3091c83d62771f00fd374e5fb3cccc9	EDNA11	81
a3091c83d62771f00fd374e5fb3cccc9	MB14	119
a3091c83d62771f00fd374e5fb3cccc9	EDNA24	138
a3091c83d62771f00fd374e5fb3cccc9	EDNA15	198
a3091c83d62771f00fd374e5fb3cccc9	MB25	88
a3091c83d62771f00fd374e5fb3cccc9	MB1	8174
a3091c83d62771f00fd374e5fb3cccc9	MB2	1180
a3091c83d62771f00fd374e5fb3cccc9	EDNA27	66
a3091c83d62771f00fd374e5fb3cccc9	MB18	1208
a3091c83d62771f00fd374e5fb3cccc9	MB4	11
a3091c83d62771f00fd374e5fb3cccc9	MB5	813
a3091c83d62771f00fd374e5fb3cccc9	MB6	34
a3091c83d62771f00fd374e5fb3cccc9	MB7	1722
a3091c83d62771f00fd374e5fb3cccc9	EDNA10	14
e1bd471a1276b40aeab4967f19724035	EDNA46	41
e1bd471a1276b40aeab4967f19724035	EDNA1	153
e1bd471a1276b40aeab4967f19724035	EDNA60	5
e1bd471a1276b40aeab4967f19724035	EDNA47	32
e1bd471a1276b40aeab4967f19724035	EDNA2	167
e1bd471a1276b40aeab4967f19724035	EDNA61	7
e1bd471a1276b40aeab4967f19724035	EDNA48	55
e1bd471a1276b40aeab4967f19724035	EDNA3	359
e1bd471a1276b40aeab4967f19724035	EDNA63	3
e1bd471a1276b40aeab4967f19724035	EDNA7	66
e1bd471a1276b40aeab4967f19724035	EDNA8	40
e1bd471a1276b40aeab4967f19724035	EDNA9	48
e1bd471a1276b40aeab4967f19724035	EDNA10	17
e1bd471a1276b40aeab4967f19724035	EDNA11	13
e1bd471a1276b40aeab4967f19724035	EDNA12	4
e1bd471a1276b40aeab4967f19724035	EDNA13	37
e1bd471a1276b40aeab4967f19724035	EDNA14	73
e1bd471a1276b40aeab4967f19724035	EDNA15	42
e1bd471a1276b40aeab4967f19724035	EDNA16	61
e1bd471a1276b40aeab4967f19724035	EDNA17	46
e1bd471a1276b40aeab4967f19724035	EDNA18	61
e1bd471a1276b40aeab4967f19724035	EDNA31	61
e1bd471a1276b40aeab4967f19724035	EDNA32	58
e1bd471a1276b40aeab4967f19724035	EDNA33	78
e1bd471a1276b40aeab4967f19724035	EDNA34	426
e1bd471a1276b40aeab4967f19724035	EDNA35	255
e1bd471a1276b40aeab4967f19724035	EDNA36	176
e1bd471a1276b40aeab4967f19724035	EDNA52	3
e1bd471a1276b40aeab4967f19724035	EDNA53	5
e1bd471a1276b40aeab4967f19724035	EDNA54	7
e1bd471a1276b40aeab4967f19724035	EDNA55	9
e1bd471a1276b40aeab4967f19724035	EDNA56	19
e1bd471a1276b40aeab4967f19724035	EDNA57	6
e1bd471a1276b40aeab4967f19724035	EDNA58	5
e1bd471a1276b40aeab4967f19724035	EDNA59	21
e1bd471a1276b40aeab4967f19724035	EDNA92	6
e1bd471a1276b40aeab4967f19724035	EDNA97	4
e1bd471a1276b40aeab4967f19724035	EDNA99	5
e1bd471a1276b40aeab4967f19724035	EDNA22	1382
e1bd471a1276b40aeab4967f19724035	EDNA23	2618
e1bd471a1276b40aeab4967f19724035	EDNA24	2582
e1bd471a1276b40aeab4967f19724035	EDNA25	1541
e1bd471a1276b40aeab4967f19724035	EDNA26	952
e1bd471a1276b40aeab4967f19724035	EDNA27	1374
e1bd471a1276b40aeab4967f19724035	EDNA40	25
e1bd471a1276b40aeab4967f19724035	EDNA28	1
e1bd471a1276b40aeab4967f19724035	EDNA41	72
e1bd471a1276b40aeab4967f19724035	EDNA42	84
e1bd471a1276b40aeab4967f19724035	EDNA43	126
e1bd471a1276b40aeab4967f19724035	EDNA44	97
e1bd471a1276b40aeab4967f19724035	EDNA45	55
0dcab872ae123dae2458105fe6e27188	EDNA46	84
0dcab872ae123dae2458105fe6e27188	EDNA1	12
0dcab872ae123dae2458105fe6e27188	EDNA47	55
0dcab872ae123dae2458105fe6e27188	EDNA2	3
0dcab872ae123dae2458105fe6e27188	EDNA60	20
0dcab872ae123dae2458105fe6e27188	EDNA48	53
0dcab872ae123dae2458105fe6e27188	EDNA3	4
0dcab872ae123dae2458105fe6e27188	EDNA61	14
0dcab872ae123dae2458105fe6e27188	EDNA62	13
0dcab872ae123dae2458105fe6e27188	EDNA63	15
0dcab872ae123dae2458105fe6e27188	EDNA7	7
0dcab872ae123dae2458105fe6e27188	EDNA8	16
0dcab872ae123dae2458105fe6e27188	EDNA9	6
0dcab872ae123dae2458105fe6e27188	EDNA80	288
0dcab872ae123dae2458105fe6e27188	EDNA81	313
0dcab872ae123dae2458105fe6e27188	EDNA82	1558
0dcab872ae123dae2458105fe6e27188	EDNA83	2403
0dcab872ae123dae2458105fe6e27188	EDNA84	2024
0dcab872ae123dae2458105fe6e27188	EDNA85	83
0dcab872ae123dae2458105fe6e27188	EDNA86	116
0dcab872ae123dae2458105fe6e27188	EDNA87	51
0dcab872ae123dae2458105fe6e27188	MB19	3
0dcab872ae123dae2458105fe6e27188	EDNA10	1
0dcab872ae123dae2458105fe6e27188	EDNA11	2
0dcab872ae123dae2458105fe6e27188	EDNA13	17
0dcab872ae123dae2458105fe6e27188	EDNA14	31
0dcab872ae123dae2458105fe6e27188	EDNA15	22
0dcab872ae123dae2458105fe6e27188	EDNA16	4
0dcab872ae123dae2458105fe6e27188	EDNA17	7
0dcab872ae123dae2458105fe6e27188	EDNA18	20
0dcab872ae123dae2458105fe6e27188	EDNA34	42
0dcab872ae123dae2458105fe6e27188	EDNA35	42
0dcab872ae123dae2458105fe6e27188	EDNA36	86
0dcab872ae123dae2458105fe6e27188	EDNA52	178
0dcab872ae123dae2458105fe6e27188	EDNA53	157
0dcab872ae123dae2458105fe6e27188	EDNA54	158
0dcab872ae123dae2458105fe6e27188	EDNA55	120
0dcab872ae123dae2458105fe6e27188	EDNA56	121
0dcab872ae123dae2458105fe6e27188	EDNA57	193
0dcab872ae123dae2458105fe6e27188	EDNA58	19
0dcab872ae123dae2458105fe6e27188	EDNA59	27
0dcab872ae123dae2458105fe6e27188	EDNA73	231
0dcab872ae123dae2458105fe6e27188	EDNA74	294
0dcab872ae123dae2458105fe6e27188	EDNA75	164
0dcab872ae123dae2458105fe6e27188	EDNA91	41
0dcab872ae123dae2458105fe6e27188	EDNA92	55
0dcab872ae123dae2458105fe6e27188	EDNA79	84
0dcab872ae123dae2458105fe6e27188	EDNA93	95
0dcab872ae123dae2458105fe6e27188	EDNA94	33
0dcab872ae123dae2458105fe6e27188	EDNA95	47
0dcab872ae123dae2458105fe6e27188	EDNA96	37
0dcab872ae123dae2458105fe6e27188	EDNA97	65
0dcab872ae123dae2458105fe6e27188	EDNA98	42
0dcab872ae123dae2458105fe6e27188	MB20	1
0dcab872ae123dae2458105fe6e27188	EDNA99	68
0dcab872ae123dae2458105fe6e27188	MB21	7
0dcab872ae123dae2458105fe6e27188	EDNA22	3
0dcab872ae123dae2458105fe6e27188	EDNA23	7
0dcab872ae123dae2458105fe6e27188	EDNA24	9
0dcab872ae123dae2458105fe6e27188	EDNA40	1013
0dcab872ae123dae2458105fe6e27188	EDNA41	408
0dcab872ae123dae2458105fe6e27188	EDNA42	772
0dcab872ae123dae2458105fe6e27188	EDNA43	688
0dcab872ae123dae2458105fe6e27188	EDNA44	382
0dcab872ae123dae2458105fe6e27188	EDNA45	412
1977076706891c88a24ff8f141e146c0	EDNA96	14
1977076706891c88a24ff8f141e146c0	EDNA87	57
1977076706891c88a24ff8f141e146c0	EDNA97	1
1977076706891c88a24ff8f141e146c0	EDNA79	381
1977076706891c88a24ff8f141e146c0	EDNA99	2
1977076706891c88a24ff8f141e146c0	EDNA80	547
1977076706891c88a24ff8f141e146c0	EDNA81	853
1977076706891c88a24ff8f141e146c0	EDNA91	44
1977076706891c88a24ff8f141e146c0	EDNA82	3154
1977076706891c88a24ff8f141e146c0	EDNA73	1
1977076706891c88a24ff8f141e146c0	EDNA92	64
1977076706891c88a24ff8f141e146c0	EDNA83	4086
1977076706891c88a24ff8f141e146c0	EDNA93	63
1977076706891c88a24ff8f141e146c0	EDNA84	3059
1977076706891c88a24ff8f141e146c0	EDNA94	9
1977076706891c88a24ff8f141e146c0	EDNA85	200
1977076706891c88a24ff8f141e146c0	EDNA95	5
1977076706891c88a24ff8f141e146c0	EDNA86	176
1535397b5abfbbffacd99855baa4748a	MB8	428
1535397b5abfbbffacd99855baa4748a	EDNA11	155
1535397b5abfbbffacd99855baa4748a	EDNA12	74
1535397b5abfbbffacd99855baa4748a	EDNA22	112
1535397b5abfbbffacd99855baa4748a	EDNA13	38
1535397b5abfbbffacd99855baa4748a	EDNA23	153
1535397b5abfbbffacd99855baa4748a	EDNA14	89
1535397b5abfbbffacd99855baa4748a	MB14	5
1535397b5abfbbffacd99855baa4748a	EDNA24	253
1535397b5abfbbffacd99855baa4748a	EDNA1	1371
1535397b5abfbbffacd99855baa4748a	EDNA15	31
1535397b5abfbbffacd99855baa4748a	EDNA34	17
1535397b5abfbbffacd99855baa4748a	EDNA2	439
1535397b5abfbbffacd99855baa4748a	EDNA25	426
1535397b5abfbbffacd99855baa4748a	EDNA16	84
1535397b5abfbbffacd99855baa4748a	MB1	3183
1535397b5abfbbffacd99855baa4748a	EDNA3	263
1535397b5abfbbffacd99855baa4748a	EDNA26	479
1535397b5abfbbffacd99855baa4748a	EDNA17	189
1535397b5abfbbffacd99855baa4748a	MB2	566
1535397b5abfbbffacd99855baa4748a	EDNA27	1501
1535397b5abfbbffacd99855baa4748a	EDNA18	60
1535397b5abfbbffacd99855baa4748a	MB3	175
1535397b5abfbbffacd99855baa4748a	MB4	73
1535397b5abfbbffacd99855baa4748a	MB5	476
1535397b5abfbbffacd99855baa4748a	EDNA7	196
1535397b5abfbbffacd99855baa4748a	EDNA8	294
1535397b5abfbbffacd99855baa4748a	MB7	1339
1535397b5abfbbffacd99855baa4748a	EDNA10	130
342060598f10f081738f7ee930b9f955	EDNA46	8
342060598f10f081738f7ee930b9f955	EDNA1	1320
342060598f10f081738f7ee930b9f955	EDNA60	22
342060598f10f081738f7ee930b9f955	EDNA47	20
342060598f10f081738f7ee930b9f955	EDNA2	1251
342060598f10f081738f7ee930b9f955	EDNA61	9
342060598f10f081738f7ee930b9f955	EDNA48	6
342060598f10f081738f7ee930b9f955	EDNA3	943
342060598f10f081738f7ee930b9f955	EDNA62	4
342060598f10f081738f7ee930b9f955	EDNA63	11
342060598f10f081738f7ee930b9f955	EDNA7	213
342060598f10f081738f7ee930b9f955	EDNA8	229
342060598f10f081738f7ee930b9f955	EDNA9	207
342060598f10f081738f7ee930b9f955	EDNA80	175
342060598f10f081738f7ee930b9f955	EDNA67	3
342060598f10f081738f7ee930b9f955	EDNA81	218
342060598f10f081738f7ee930b9f955	EDNA68	109
342060598f10f081738f7ee930b9f955	EDNA82	230
342060598f10f081738f7ee930b9f955	EDNA69	12
342060598f10f081738f7ee930b9f955	EDNA83	168
342060598f10f081738f7ee930b9f955	EDNA84	193
342060598f10f081738f7ee930b9f955	EDNA85	125
342060598f10f081738f7ee930b9f955	EDNA86	292
342060598f10f081738f7ee930b9f955	EDNA87	76
342060598f10f081738f7ee930b9f955	CTRL2	1
342060598f10f081738f7ee930b9f955	EDNA10	135
342060598f10f081738f7ee930b9f955	EDNA11	297
342060598f10f081738f7ee930b9f955	EDNA12	327
342060598f10f081738f7ee930b9f955	EDNA13	103
342060598f10f081738f7ee930b9f955	EDNA14	258
342060598f10f081738f7ee930b9f955	EDNA15	91
342060598f10f081738f7ee930b9f955	EDNA16	163
342060598f10f081738f7ee930b9f955	EDNA17	142
342060598f10f081738f7ee930b9f955	EDNA18	265
342060598f10f081738f7ee930b9f955	EDNA31	32
342060598f10f081738f7ee930b9f955	EDNA32	6
342060598f10f081738f7ee930b9f955	EDNA33	4
342060598f10f081738f7ee930b9f955	EDNA34	1
342060598f10f081738f7ee930b9f955	EDNA35	22
342060598f10f081738f7ee930b9f955	EDNA36	29
342060598f10f081738f7ee930b9f955	EDNA52	31
342060598f10f081738f7ee930b9f955	EDNA53	15
342060598f10f081738f7ee930b9f955	EDNA54	6
342060598f10f081738f7ee930b9f955	EDNA55	24
342060598f10f081738f7ee930b9f955	EDNA56	27
342060598f10f081738f7ee930b9f955	EDNA70	68
342060598f10f081738f7ee930b9f955	EDNA57	34
342060598f10f081738f7ee930b9f955	EDNA71	60
342060598f10f081738f7ee930b9f955	EDNA58	9
342060598f10f081738f7ee930b9f955	EDNA59	7
342060598f10f081738f7ee930b9f955	EDNA73	250
342060598f10f081738f7ee930b9f955	EDNA74	334
342060598f10f081738f7ee930b9f955	EDNA75	966
342060598f10f081738f7ee930b9f955	EDNA91	82
342060598f10f081738f7ee930b9f955	EDNA92	172
342060598f10f081738f7ee930b9f955	EDNA79	107
342060598f10f081738f7ee930b9f955	EDNA93	340
342060598f10f081738f7ee930b9f955	EDNA94	78
342060598f10f081738f7ee930b9f955	EDNA95	88
342060598f10f081738f7ee930b9f955	EDNA96	67
342060598f10f081738f7ee930b9f955	EDNA97	19
342060598f10f081738f7ee930b9f955	EDNA98	31
342060598f10f081738f7ee930b9f955	EDNA99	8
342060598f10f081738f7ee930b9f955	EDNA22	230
342060598f10f081738f7ee930b9f955	EDNA23	341
342060598f10f081738f7ee930b9f955	EDNA24	251
342060598f10f081738f7ee930b9f955	EDNA25	704
342060598f10f081738f7ee930b9f955	EDNA26	153
342060598f10f081738f7ee930b9f955	EDNA27	257
342060598f10f081738f7ee930b9f955	EDNA40	1
342060598f10f081738f7ee930b9f955	EDNA41	20
342060598f10f081738f7ee930b9f955	EDNA42	27
342060598f10f081738f7ee930b9f955	EDNA44	2
342060598f10f081738f7ee930b9f955	EDNA45	5
81519800597ecd27fefbc5e7ea735086	MB8	983
81519800597ecd27fefbc5e7ea735086	MB10	18
81519800597ecd27fefbc5e7ea735086	EDNA11	3
81519800597ecd27fefbc5e7ea735086	MB9	695
81519800597ecd27fefbc5e7ea735086	MB22	7
81519800597ecd27fefbc5e7ea735086	EDNA24	2369
81519800597ecd27fefbc5e7ea735086	MB25	27
81519800597ecd27fefbc5e7ea735086	MB1	4210
81519800597ecd27fefbc5e7ea735086	EDNA26	71
81519800597ecd27fefbc5e7ea735086	EDNA17	199
81519800597ecd27fefbc5e7ea735086	MB2	1565
81519800597ecd27fefbc5e7ea735086	MB17	289
81519800597ecd27fefbc5e7ea735086	EDNA27	5
81519800597ecd27fefbc5e7ea735086	MB3	265
81519800597ecd27fefbc5e7ea735086	MB18	335
81519800597ecd27fefbc5e7ea735086	MB4	58
81519800597ecd27fefbc5e7ea735086	EDNA38	5
81519800597ecd27fefbc5e7ea735086	EDNA48	42
81519800597ecd27fefbc5e7ea735086	MB6	5
81519800597ecd27fefbc5e7ea735086	MB7	1139
41c8a38ae5902b82a6d2a607aa6b55ca	MB8	8771
41c8a38ae5902b82a6d2a607aa6b55ca	MB10	65
41c8a38ae5902b82a6d2a607aa6b55ca	MB12	77
41c8a38ae5902b82a6d2a607aa6b55ca	MB13	288
41c8a38ae5902b82a6d2a607aa6b55ca	MB16	2273
41c8a38ae5902b82a6d2a607aa6b55ca	EDNA56	697
74310d9878e58a1621e5eadc50a82f80	EDNA46	13
74310d9878e58a1621e5eadc50a82f80	EDNA1	239
74310d9878e58a1621e5eadc50a82f80	EDNA60	2
74310d9878e58a1621e5eadc50a82f80	EDNA47	16
74310d9878e58a1621e5eadc50a82f80	EDNA2	254
74310d9878e58a1621e5eadc50a82f80	EDNA61	1
74310d9878e58a1621e5eadc50a82f80	EDNA48	2
74310d9878e58a1621e5eadc50a82f80	EDNA3	196
74310d9878e58a1621e5eadc50a82f80	EDNA62	4
74310d9878e58a1621e5eadc50a82f80	EDNA7	117
74310d9878e58a1621e5eadc50a82f80	EDNA8	73
74310d9878e58a1621e5eadc50a82f80	EDNA9	98
74310d9878e58a1621e5eadc50a82f80	EDNA10	48
74310d9878e58a1621e5eadc50a82f80	EDNA11	105
74310d9878e58a1621e5eadc50a82f80	EDNA12	119
74310d9878e58a1621e5eadc50a82f80	EDNA13	51
74310d9878e58a1621e5eadc50a82f80	EDNA14	99
74310d9878e58a1621e5eadc50a82f80	EDNA15	54
74310d9878e58a1621e5eadc50a82f80	EDNA16	64
74310d9878e58a1621e5eadc50a82f80	EDNA17	57
74310d9878e58a1621e5eadc50a82f80	EDNA18	90
74310d9878e58a1621e5eadc50a82f80	EDNA31	52
74310d9878e58a1621e5eadc50a82f80	EDNA32	20
74310d9878e58a1621e5eadc50a82f80	EDNA33	19
74310d9878e58a1621e5eadc50a82f80	EDNA34	9
74310d9878e58a1621e5eadc50a82f80	EDNA35	12
74310d9878e58a1621e5eadc50a82f80	EDNA52	9
74310d9878e58a1621e5eadc50a82f80	EDNA53	1
74310d9878e58a1621e5eadc50a82f80	EDNA54	13
74310d9878e58a1621e5eadc50a82f80	EDNA55	6
74310d9878e58a1621e5eadc50a82f80	EDNA56	6
74310d9878e58a1621e5eadc50a82f80	EDNA57	8
74310d9878e58a1621e5eadc50a82f80	EDNA58	1
74310d9878e58a1621e5eadc50a82f80	EDNA59	7
74310d9878e58a1621e5eadc50a82f80	EDNA93	2
74310d9878e58a1621e5eadc50a82f80	EDNA95	2
74310d9878e58a1621e5eadc50a82f80	EDNA96	1
74310d9878e58a1621e5eadc50a82f80	EDNA97	9
74310d9878e58a1621e5eadc50a82f80	EDNA98	4
74310d9878e58a1621e5eadc50a82f80	EDNA99	1
74310d9878e58a1621e5eadc50a82f80	EDNA22	1063
74310d9878e58a1621e5eadc50a82f80	EDNA23	1690
74310d9878e58a1621e5eadc50a82f80	EDNA24	2193
74310d9878e58a1621e5eadc50a82f80	EDNA25	2880
74310d9878e58a1621e5eadc50a82f80	EDNA26	654
74310d9878e58a1621e5eadc50a82f80	EDNA27	1294
74310d9878e58a1621e5eadc50a82f80	EDNA40	1
74310d9878e58a1621e5eadc50a82f80	EDNA41	5
74310d9878e58a1621e5eadc50a82f80	EDNA42	15
74310d9878e58a1621e5eadc50a82f80	EDNA43	10
74310d9878e58a1621e5eadc50a82f80	EDNA45	4
fd12931baba2e7cd19b5f49349952ccb	EDNA46	690
fd12931baba2e7cd19b5f49349952ccb	EDNA47	721
fd12931baba2e7cd19b5f49349952ccb	EDNA60	54
fd12931baba2e7cd19b5f49349952ccb	EDNA48	378
fd12931baba2e7cd19b5f49349952ccb	EDNA61	34
fd12931baba2e7cd19b5f49349952ccb	EDNA62	12
fd12931baba2e7cd19b5f49349952ccb	EDNA63	18
fd12931baba2e7cd19b5f49349952ccb	EDNA80	2
fd12931baba2e7cd19b5f49349952ccb	EDNA81	2
fd12931baba2e7cd19b5f49349952ccb	MB12	2
fd12931baba2e7cd19b5f49349952ccb	MB13	1
fd12931baba2e7cd19b5f49349952ccb	EDNA13	6
fd12931baba2e7cd19b5f49349952ccb	EDNA14	15
fd12931baba2e7cd19b5f49349952ccb	EDNA15	4
fd12931baba2e7cd19b5f49349952ccb	EDNA16	2
fd12931baba2e7cd19b5f49349952ccb	EDNA34	261
fd12931baba2e7cd19b5f49349952ccb	EDNA35	191
fd12931baba2e7cd19b5f49349952ccb	EDNA36	275
fd12931baba2e7cd19b5f49349952ccb	EDNA52	358
fd12931baba2e7cd19b5f49349952ccb	EDNA53	262
fd12931baba2e7cd19b5f49349952ccb	EDNA54	360
fd12931baba2e7cd19b5f49349952ccb	EDNA55	224
fd12931baba2e7cd19b5f49349952ccb	EDNA56	165
fd12931baba2e7cd19b5f49349952ccb	EDNA57	433
fd12931baba2e7cd19b5f49349952ccb	EDNA58	31
fd12931baba2e7cd19b5f49349952ccb	EDNA59	57
fd12931baba2e7cd19b5f49349952ccb	EDNA91	49
fd12931baba2e7cd19b5f49349952ccb	EDNA92	44
fd12931baba2e7cd19b5f49349952ccb	EDNA79	2
fd12931baba2e7cd19b5f49349952ccb	EDNA93	92
fd12931baba2e7cd19b5f49349952ccb	EDNA94	34
fd12931baba2e7cd19b5f49349952ccb	EDNA95	36
fd12931baba2e7cd19b5f49349952ccb	EDNA96	34
fd12931baba2e7cd19b5f49349952ccb	EDNA97	17
fd12931baba2e7cd19b5f49349952ccb	EDNA98	20
fd12931baba2e7cd19b5f49349952ccb	EDNA99	19
fd12931baba2e7cd19b5f49349952ccb	EDNA24	2
fd12931baba2e7cd19b5f49349952ccb	EDNA25	2
fd12931baba2e7cd19b5f49349952ccb	EDNA26	6
fd12931baba2e7cd19b5f49349952ccb	EDNA27	5
fd12931baba2e7cd19b5f49349952ccb	EDNA40	1760
fd12931baba2e7cd19b5f49349952ccb	EDNA41	1272
fd12931baba2e7cd19b5f49349952ccb	EDNA42	1453
fd12931baba2e7cd19b5f49349952ccb	EDNA43	871
fd12931baba2e7cd19b5f49349952ccb	EDNA44	544
fd12931baba2e7cd19b5f49349952ccb	EDNA45	725
872d01a62da64e70e4c072e1a7c5c0da	EDNA1	2118
872d01a62da64e70e4c072e1a7c5c0da	EDNA47	3
872d01a62da64e70e4c072e1a7c5c0da	EDNA2	1379
872d01a62da64e70e4c072e1a7c5c0da	EDNA60	4
872d01a62da64e70e4c072e1a7c5c0da	EDNA3	1296
872d01a62da64e70e4c072e1a7c5c0da	EDNA61	2
872d01a62da64e70e4c072e1a7c5c0da	EDNA62	2
872d01a62da64e70e4c072e1a7c5c0da	EDNA7	103
872d01a62da64e70e4c072e1a7c5c0da	EDNA8	110
872d01a62da64e70e4c072e1a7c5c0da	EDNA9	94
872d01a62da64e70e4c072e1a7c5c0da	EDNA80	87
872d01a62da64e70e4c072e1a7c5c0da	EDNA81	80
872d01a62da64e70e4c072e1a7c5c0da	EDNA69	4
872d01a62da64e70e4c072e1a7c5c0da	EDNA83	5
872d01a62da64e70e4c072e1a7c5c0da	EDNA84	2
872d01a62da64e70e4c072e1a7c5c0da	EDNA85	30
872d01a62da64e70e4c072e1a7c5c0da	EDNA86	100
872d01a62da64e70e4c072e1a7c5c0da	EDNA87	20
872d01a62da64e70e4c072e1a7c5c0da	EDNA10	67
872d01a62da64e70e4c072e1a7c5c0da	EDNA11	166
872d01a62da64e70e4c072e1a7c5c0da	EDNA12	149
872d01a62da64e70e4c072e1a7c5c0da	EDNA13	149
872d01a62da64e70e4c072e1a7c5c0da	EDNA14	347
872d01a62da64e70e4c072e1a7c5c0da	EDNA15	119
872d01a62da64e70e4c072e1a7c5c0da	EDNA16	387
872d01a62da64e70e4c072e1a7c5c0da	EDNA17	386
872d01a62da64e70e4c072e1a7c5c0da	EDNA18	709
872d01a62da64e70e4c072e1a7c5c0da	EDNA31	648
872d01a62da64e70e4c072e1a7c5c0da	EDNA32	121
872d01a62da64e70e4c072e1a7c5c0da	EDNA33	140
872d01a62da64e70e4c072e1a7c5c0da	EDNA34	277
872d01a62da64e70e4c072e1a7c5c0da	EDNA35	186
872d01a62da64e70e4c072e1a7c5c0da	EDNA36	314
872d01a62da64e70e4c072e1a7c5c0da	EDNA55	4
872d01a62da64e70e4c072e1a7c5c0da	EDNA58	10
872d01a62da64e70e4c072e1a7c5c0da	EDNA71	14
872d01a62da64e70e4c072e1a7c5c0da	EDNA73	3
872d01a62da64e70e4c072e1a7c5c0da	EDNA74	27
872d01a62da64e70e4c072e1a7c5c0da	EDNA75	97
872d01a62da64e70e4c072e1a7c5c0da	EDNA91	20
872d01a62da64e70e4c072e1a7c5c0da	EDNA92	47
872d01a62da64e70e4c072e1a7c5c0da	EDNA79	24
872d01a62da64e70e4c072e1a7c5c0da	EDNA93	41
872d01a62da64e70e4c072e1a7c5c0da	EDNA94	17
872d01a62da64e70e4c072e1a7c5c0da	EDNA95	20
872d01a62da64e70e4c072e1a7c5c0da	EDNA96	17
872d01a62da64e70e4c072e1a7c5c0da	EDNA97	4
872d01a62da64e70e4c072e1a7c5c0da	EDNA98	5
872d01a62da64e70e4c072e1a7c5c0da	EDNA99	2
872d01a62da64e70e4c072e1a7c5c0da	EDNA22	169
872d01a62da64e70e4c072e1a7c5c0da	EDNA23	383
872d01a62da64e70e4c072e1a7c5c0da	EDNA24	476
872d01a62da64e70e4c072e1a7c5c0da	EDNA25	297
872d01a62da64e70e4c072e1a7c5c0da	EDNA26	71
872d01a62da64e70e4c072e1a7c5c0da	EDNA27	147
d2fcf9b7b669558c007e5893be4547d1	EDNA1	96
d2fcf9b7b669558c007e5893be4547d1	EDNA2	10
d2fcf9b7b669558c007e5893be4547d1	EDNA60	4
d2fcf9b7b669558c007e5893be4547d1	EDNA3	243
d2fcf9b7b669558c007e5893be4547d1	EDNA61	10
d2fcf9b7b669558c007e5893be4547d1	EDNA62	2
d2fcf9b7b669558c007e5893be4547d1	EDNA63	3
d2fcf9b7b669558c007e5893be4547d1	EDNA7	191
d2fcf9b7b669558c007e5893be4547d1	EDNA8	263
d2fcf9b7b669558c007e5893be4547d1	EDNA9	927
d2fcf9b7b669558c007e5893be4547d1	MB11	8
d2fcf9b7b669558c007e5893be4547d1	MB15	2
d2fcf9b7b669558c007e5893be4547d1	MB1	26
d2fcf9b7b669558c007e5893be4547d1	MB2	1488
d2fcf9b7b669558c007e5893be4547d1	MB4	679
d2fcf9b7b669558c007e5893be4547d1	MB6	45
d2fcf9b7b669558c007e5893be4547d1	EDNA10	155
d2fcf9b7b669558c007e5893be4547d1	EDNA11	166
d2fcf9b7b669558c007e5893be4547d1	EDNA12	175
d2fcf9b7b669558c007e5893be4547d1	EDNA13	609
d2fcf9b7b669558c007e5893be4547d1	EDNA14	545
d2fcf9b7b669558c007e5893be4547d1	EDNA15	864
d2fcf9b7b669558c007e5893be4547d1	EDNA16	4
d2fcf9b7b669558c007e5893be4547d1	EDNA17	24
d2fcf9b7b669558c007e5893be4547d1	EDNA18	54
d2fcf9b7b669558c007e5893be4547d1	EDNA31	291
d2fcf9b7b669558c007e5893be4547d1	EDNA32	257
d2fcf9b7b669558c007e5893be4547d1	EDNA33	256
d2fcf9b7b669558c007e5893be4547d1	EDNA34	23
d2fcf9b7b669558c007e5893be4547d1	EDNA35	17
d2fcf9b7b669558c007e5893be4547d1	EDNA36	32
d2fcf9b7b669558c007e5893be4547d1	EDNA52	6
d2fcf9b7b669558c007e5893be4547d1	EDNA53	1
d2fcf9b7b669558c007e5893be4547d1	EDNA55	10
d2fcf9b7b669558c007e5893be4547d1	EDNA58	25
d2fcf9b7b669558c007e5893be4547d1	EDNA59	8
d2fcf9b7b669558c007e5893be4547d1	EDNA96	4
d2fcf9b7b669558c007e5893be4547d1	EDNA97	7
d2fcf9b7b669558c007e5893be4547d1	EDNA98	15
d2fcf9b7b669558c007e5893be4547d1	EDNA99	54
d2fcf9b7b669558c007e5893be4547d1	MB25	3186
d2fcf9b7b669558c007e5893be4547d1	EDNA22	77
d2fcf9b7b669558c007e5893be4547d1	EDNA24	22
d2fcf9b7b669558c007e5893be4547d1	EDNA25	58
d2fcf9b7b669558c007e5893be4547d1	EDNA26	138
d2fcf9b7b669558c007e5893be4547d1	EDNA27	25
7e251c4727d36a7fa24a83695f173649	EDNA87	8
7e251c4727d36a7fa24a83695f173649	EDNA69	311
7e251c4727d36a7fa24a83695f173649	MB20	4
7e251c4727d36a7fa24a83695f173649	MB21	131
7e251c4727d36a7fa24a83695f173649	MB23	6
7e251c4727d36a7fa24a83695f173649	EDNA70	172
7e251c4727d36a7fa24a83695f173649	EDNA71	704
7e251c4727d36a7fa24a83695f173649	MB17	3808
7e251c4727d36a7fa24a83695f173649	MB18	1664
7e251c4727d36a7fa24a83695f173649	EDNA82	16
7e251c4727d36a7fa24a83695f173649	EDNA73	515
7e251c4727d36a7fa24a83695f173649	MB19	1145
7e251c4727d36a7fa24a83695f173649	EDNA83	30
7e251c4727d36a7fa24a83695f173649	EDNA74	682
7e251c4727d36a7fa24a83695f173649	EDNA84	61
7e251c4727d36a7fa24a83695f173649	EDNA75	550
7e251c4727d36a7fa24a83695f173649	EDNA85	6
7e251c4727d36a7fa24a83695f173649	EDNA67	679
7e251c4727d36a7fa24a83695f173649	EDNA86	17
7e251c4727d36a7fa24a83695f173649	EDNA68	596
27707afe2b77b33f25e0c78922254a3a	MB8	1321
27707afe2b77b33f25e0c78922254a3a	MB10	20
27707afe2b77b33f25e0c78922254a3a	EDNA11	64
27707afe2b77b33f25e0c78922254a3a	MB9	116
27707afe2b77b33f25e0c78922254a3a	MB12	61
27707afe2b77b33f25e0c78922254a3a	EDNA98	12
27707afe2b77b33f25e0c78922254a3a	EDNA22	64
27707afe2b77b33f25e0c78922254a3a	MB22	2
27707afe2b77b33f25e0c78922254a3a	EDNA14	367
27707afe2b77b33f25e0c78922254a3a	EDNA15	4
27707afe2b77b33f25e0c78922254a3a	EDNA16	1
27707afe2b77b33f25e0c78922254a3a	MB1	1037
27707afe2b77b33f25e0c78922254a3a	EDNA17	9
27707afe2b77b33f25e0c78922254a3a	MB2	179
27707afe2b77b33f25e0c78922254a3a	EDNA18	2
27707afe2b77b33f25e0c78922254a3a	MB3	206
27707afe2b77b33f25e0c78922254a3a	MB18	888
27707afe2b77b33f25e0c78922254a3a	MB4	3167
27707afe2b77b33f25e0c78922254a3a	MB19	151
27707afe2b77b33f25e0c78922254a3a	MB5	1713
27707afe2b77b33f25e0c78922254a3a	MB6	46
27707afe2b77b33f25e0c78922254a3a	MB7	1466
c14ad1e1192f156db8e57e346fa72cbf	EDNA14	5
c14ad1e1192f156db8e57e346fa72cbf	CTRL2	2
c14ad1e1192f156db8e57e346fa72cbf	EDNA33	2
c14ad1e1192f156db8e57e346fa72cbf	EDNA61	4
c14ad1e1192f156db8e57e346fa72cbf	MB1	8593
c14ad1e1192f156db8e57e346fa72cbf	EDNA3	741
c14ad1e1192f156db8e57e346fa72cbf	EDNA35	29
c14ad1e1192f156db8e57e346fa72cbf	MB2	2
c14ad1e1192f156db8e57e346fa72cbf	EDNA54	6
c14ad1e1192f156db8e57e346fa72cbf	EDNA18	1091
c14ad1e1192f156db8e57e346fa72cbf	EDNA74	1
22cdd5c178187edf1f9accbaf15b5bb8	EDNA98	4
22cdd5c178187edf1f9accbaf15b5bb8	EDNA13	548
22cdd5c178187edf1f9accbaf15b5bb8	EDNA32	1
22cdd5c178187edf1f9accbaf15b5bb8	EDNA16	6
22cdd5c178187edf1f9accbaf15b5bb8	MB25	235
22cdd5c178187edf1f9accbaf15b5bb8	MB16	572
22cdd5c178187edf1f9accbaf15b5bb8	EDNA81	35
22cdd5c178187edf1f9accbaf15b5bb8	EDNA18	2
22cdd5c178187edf1f9accbaf15b5bb8	EDNA48	9028
88f18922fa33897c2104d26627f432cb	EDNA46	1
88f18922fa33897c2104d26627f432cb	EDNA1	421
88f18922fa33897c2104d26627f432cb	EDNA2	306
88f18922fa33897c2104d26627f432cb	EDNA48	1
88f18922fa33897c2104d26627f432cb	EDNA3	432
88f18922fa33897c2104d26627f432cb	EDNA7	243
88f18922fa33897c2104d26627f432cb	EDNA8	159
88f18922fa33897c2104d26627f432cb	EDNA9	179
88f18922fa33897c2104d26627f432cb	EDNA80	12
88f18922fa33897c2104d26627f432cb	EDNA81	14
88f18922fa33897c2104d26627f432cb	EDNA69	5
88f18922fa33897c2104d26627f432cb	EDNA85	28
88f18922fa33897c2104d26627f432cb	EDNA86	23
88f18922fa33897c2104d26627f432cb	EDNA87	8
88f18922fa33897c2104d26627f432cb	CTRL2	1
88f18922fa33897c2104d26627f432cb	EDNA10	92
88f18922fa33897c2104d26627f432cb	EDNA11	159
88f18922fa33897c2104d26627f432cb	EDNA12	119
88f18922fa33897c2104d26627f432cb	EDNA13	45
88f18922fa33897c2104d26627f432cb	EDNA14	144
88f18922fa33897c2104d26627f432cb	EDNA15	37
88f18922fa33897c2104d26627f432cb	EDNA16	101
88f18922fa33897c2104d26627f432cb	EDNA17	137
88f18922fa33897c2104d26627f432cb	EDNA18	212
88f18922fa33897c2104d26627f432cb	EDNA31	45
88f18922fa33897c2104d26627f432cb	EDNA32	6
88f18922fa33897c2104d26627f432cb	EDNA33	6
88f18922fa33897c2104d26627f432cb	EDNA34	5
88f18922fa33897c2104d26627f432cb	EDNA35	7
88f18922fa33897c2104d26627f432cb	EDNA36	21
88f18922fa33897c2104d26627f432cb	EDNA53	1
88f18922fa33897c2104d26627f432cb	EDNA54	6
88f18922fa33897c2104d26627f432cb	EDNA55	2
88f18922fa33897c2104d26627f432cb	EDNA57	3
88f18922fa33897c2104d26627f432cb	EDNA70	17
88f18922fa33897c2104d26627f432cb	EDNA71	6
88f18922fa33897c2104d26627f432cb	EDNA73	69
88f18922fa33897c2104d26627f432cb	EDNA74	131
88f18922fa33897c2104d26627f432cb	EDNA75	194
88f18922fa33897c2104d26627f432cb	EDNA91	27
88f18922fa33897c2104d26627f432cb	EDNA92	19
88f18922fa33897c2104d26627f432cb	EDNA79	10
88f18922fa33897c2104d26627f432cb	EDNA93	77
88f18922fa33897c2104d26627f432cb	EDNA94	3
88f18922fa33897c2104d26627f432cb	EDNA95	33
88f18922fa33897c2104d26627f432cb	EDNA96	20
88f18922fa33897c2104d26627f432cb	EDNA97	21
88f18922fa33897c2104d26627f432cb	EDNA98	2
88f18922fa33897c2104d26627f432cb	EDNA99	3
88f18922fa33897c2104d26627f432cb	EDNA22	656
88f18922fa33897c2104d26627f432cb	EDNA23	1395
88f18922fa33897c2104d26627f432cb	EDNA24	1417
88f18922fa33897c2104d26627f432cb	EDNA25	1747
88f18922fa33897c2104d26627f432cb	EDNA26	545
88f18922fa33897c2104d26627f432cb	EDNA27	997
88f18922fa33897c2104d26627f432cb	EDNA40	21
88f18922fa33897c2104d26627f432cb	EDNA28	1
88f18922fa33897c2104d26627f432cb	EDNA41	10
88f18922fa33897c2104d26627f432cb	EDNA42	1
88f18922fa33897c2104d26627f432cb	EDNA43	13
35a4c0c2626b1a239e1ccd8b14f2014d	MB23	2490
35a4c0c2626b1a239e1ccd8b14f2014d	EDNA92	7454
4c83289e34a4daa63be248f162bb0401	EDNA96	2
4c83289e34a4daa63be248f162bb0401	EDNA87	61
4c83289e34a4daa63be248f162bb0401	EDNA69	27
4c83289e34a4daa63be248f162bb0401	EDNA79	168
4c83289e34a4daa63be248f162bb0401	EDNA98	4
4c83289e34a4daa63be248f162bb0401	EDNA70	13
4c83289e34a4daa63be248f162bb0401	EDNA80	235
4c83289e34a4daa63be248f162bb0401	EDNA71	80
4c83289e34a4daa63be248f162bb0401	EDNA81	226
4c83289e34a4daa63be248f162bb0401	EDNA91	26
4c83289e34a4daa63be248f162bb0401	EDNA82	2242
4c83289e34a4daa63be248f162bb0401	EDNA73	553
4c83289e34a4daa63be248f162bb0401	EDNA92	36
4c83289e34a4daa63be248f162bb0401	EDNA83	2492
4c83289e34a4daa63be248f162bb0401	EDNA74	227
4c83289e34a4daa63be248f162bb0401	EDNA93	36
4c83289e34a4daa63be248f162bb0401	EDNA84	2728
4c83289e34a4daa63be248f162bb0401	EDNA75	212
4c83289e34a4daa63be248f162bb0401	EDNA85	144
4c83289e34a4daa63be248f162bb0401	EDNA67	3
4c83289e34a4daa63be248f162bb0401	EDNA95	25
4c83289e34a4daa63be248f162bb0401	EDNA86	130
4c83289e34a4daa63be248f162bb0401	EDNA68	21
5877dec1ee537633a21cbaa3eeb22550	EDNA46	123
5877dec1ee537633a21cbaa3eeb22550	EDNA1	558
5877dec1ee537633a21cbaa3eeb22550	EDNA47	184
5877dec1ee537633a21cbaa3eeb22550	EDNA2	145
5877dec1ee537633a21cbaa3eeb22550	EDNA60	9
5877dec1ee537633a21cbaa3eeb22550	EDNA48	121
5877dec1ee537633a21cbaa3eeb22550	EDNA3	183
5877dec1ee537633a21cbaa3eeb22550	EDNA61	5
5877dec1ee537633a21cbaa3eeb22550	EDNA62	4
5877dec1ee537633a21cbaa3eeb22550	EDNA63	1
5877dec1ee537633a21cbaa3eeb22550	EDNA8	7
5877dec1ee537633a21cbaa3eeb22550	EDNA67	42
5877dec1ee537633a21cbaa3eeb22550	EDNA69	64
5877dec1ee537633a21cbaa3eeb22550	EDNA84	18
5877dec1ee537633a21cbaa3eeb22550	EDNA85	43
5877dec1ee537633a21cbaa3eeb22550	EDNA86	1
5877dec1ee537633a21cbaa3eeb22550	EDNA87	4
5877dec1ee537633a21cbaa3eeb22550	MB1	36
5877dec1ee537633a21cbaa3eeb22550	MB18	1774
5877dec1ee537633a21cbaa3eeb22550	MB19	37
5877dec1ee537633a21cbaa3eeb22550	EDNA17	7
5877dec1ee537633a21cbaa3eeb22550	EDNA18	17
5877dec1ee537633a21cbaa3eeb22550	EDNA31	20
5877dec1ee537633a21cbaa3eeb22550	EDNA32	12
5877dec1ee537633a21cbaa3eeb22550	EDNA33	61
5877dec1ee537633a21cbaa3eeb22550	EDNA52	4
5877dec1ee537633a21cbaa3eeb22550	EDNA56	19
5877dec1ee537633a21cbaa3eeb22550	EDNA57	3
5877dec1ee537633a21cbaa3eeb22550	EDNA70	318
5877dec1ee537633a21cbaa3eeb22550	EDNA58	15
5877dec1ee537633a21cbaa3eeb22550	EDNA71	897
5877dec1ee537633a21cbaa3eeb22550	EDNA59	5
5877dec1ee537633a21cbaa3eeb22550	EDNA73	1622
5877dec1ee537633a21cbaa3eeb22550	EDNA74	735
5877dec1ee537633a21cbaa3eeb22550	EDNA75	1115
5877dec1ee537633a21cbaa3eeb22550	EDNA91	81
5877dec1ee537633a21cbaa3eeb22550	EDNA92	70
5877dec1ee537633a21cbaa3eeb22550	EDNA79	3
5877dec1ee537633a21cbaa3eeb22550	EDNA93	25
5877dec1ee537633a21cbaa3eeb22550	EDNA94	4
5877dec1ee537633a21cbaa3eeb22550	EDNA95	10
5877dec1ee537633a21cbaa3eeb22550	EDNA96	42
5877dec1ee537633a21cbaa3eeb22550	EDNA24	2
5877dec1ee537633a21cbaa3eeb22550	EDNA40	108
5877dec1ee537633a21cbaa3eeb22550	EDNA41	101
5877dec1ee537633a21cbaa3eeb22550	EDNA42	318
5877dec1ee537633a21cbaa3eeb22550	EDNA43	204
5877dec1ee537633a21cbaa3eeb22550	EDNA44	292
5877dec1ee537633a21cbaa3eeb22550	EDNA45	47
9c5f1615c6c1800c3ee0fab7b5c6d540	EDNA46	318
9c5f1615c6c1800c3ee0fab7b5c6d540	EDNA47	312
9c5f1615c6c1800c3ee0fab7b5c6d540	EDNA60	17
9c5f1615c6c1800c3ee0fab7b5c6d540	EDNA48	248
9c5f1615c6c1800c3ee0fab7b5c6d540	EDNA61	5
9c5f1615c6c1800c3ee0fab7b5c6d540	EDNA62	2
9c5f1615c6c1800c3ee0fab7b5c6d540	EDNA63	6
9c5f1615c6c1800c3ee0fab7b5c6d540	EDNA86	2
9c5f1615c6c1800c3ee0fab7b5c6d540	EDNA87	3
9c5f1615c6c1800c3ee0fab7b5c6d540	MB12	1
9c5f1615c6c1800c3ee0fab7b5c6d540	MB13	4
9c5f1615c6c1800c3ee0fab7b5c6d540	EDNA13	1
9c5f1615c6c1800c3ee0fab7b5c6d540	EDNA14	4
9c5f1615c6c1800c3ee0fab7b5c6d540	EDNA15	6
9c5f1615c6c1800c3ee0fab7b5c6d540	EDNA34	106
9c5f1615c6c1800c3ee0fab7b5c6d540	EDNA35	80
9c5f1615c6c1800c3ee0fab7b5c6d540	EDNA36	116
9c5f1615c6c1800c3ee0fab7b5c6d540	EDNA52	84
9c5f1615c6c1800c3ee0fab7b5c6d540	EDNA53	78
9c5f1615c6c1800c3ee0fab7b5c6d540	EDNA54	110
9c5f1615c6c1800c3ee0fab7b5c6d540	EDNA55	62
9c5f1615c6c1800c3ee0fab7b5c6d540	EDNA56	35
9c5f1615c6c1800c3ee0fab7b5c6d540	EDNA57	80
9c5f1615c6c1800c3ee0fab7b5c6d540	EDNA58	17
9c5f1615c6c1800c3ee0fab7b5c6d540	EDNA59	13
9c5f1615c6c1800c3ee0fab7b5c6d540	EDNA91	8
9c5f1615c6c1800c3ee0fab7b5c6d540	EDNA92	9
9c5f1615c6c1800c3ee0fab7b5c6d540	EDNA93	26
9c5f1615c6c1800c3ee0fab7b5c6d540	EDNA94	1
9c5f1615c6c1800c3ee0fab7b5c6d540	EDNA95	13
9c5f1615c6c1800c3ee0fab7b5c6d540	EDNA96	10
9c5f1615c6c1800c3ee0fab7b5c6d540	EDNA97	3
9c5f1615c6c1800c3ee0fab7b5c6d540	EDNA98	3
9c5f1615c6c1800c3ee0fab7b5c6d540	EDNA24	5
9c5f1615c6c1800c3ee0fab7b5c6d540	EDNA26	4
9c5f1615c6c1800c3ee0fab7b5c6d540	EDNA27	1
9c5f1615c6c1800c3ee0fab7b5c6d540	EDNA40	1959
9c5f1615c6c1800c3ee0fab7b5c6d540	EDNA41	1483
9c5f1615c6c1800c3ee0fab7b5c6d540	EDNA42	1789
9c5f1615c6c1800c3ee0fab7b5c6d540	EDNA43	860
9c5f1615c6c1800c3ee0fab7b5c6d540	EDNA44	512
9c5f1615c6c1800c3ee0fab7b5c6d540	EDNA45	553
3605ffbee9543af5d6c1db96549bf7ec	EDNA87	2
3605ffbee9543af5d6c1db96549bf7ec	MB20	85
3605ffbee9543af5d6c1db96549bf7ec	MB13	53
3605ffbee9543af5d6c1db96549bf7ec	EDNA23	3624
3605ffbee9543af5d6c1db96549bf7ec	MB23	63
3605ffbee9543af5d6c1db96549bf7ec	EDNA24	1780
3605ffbee9543af5d6c1db96549bf7ec	EDNA81	12
3605ffbee9543af5d6c1db96549bf7ec	EDNA91	192
3605ffbee9543af5d6c1db96549bf7ec	EDNA47	150
3605ffbee9543af5d6c1db96549bf7ec	MB7	2844
232ca64e6ab2e9951b82e7430a3a7fd4	EDNA46	272
232ca64e6ab2e9951b82e7430a3a7fd4	EDNA47	371
232ca64e6ab2e9951b82e7430a3a7fd4	EDNA60	19
232ca64e6ab2e9951b82e7430a3a7fd4	EDNA48	253
232ca64e6ab2e9951b82e7430a3a7fd4	EDNA61	9
232ca64e6ab2e9951b82e7430a3a7fd4	EDNA62	4
232ca64e6ab2e9951b82e7430a3a7fd4	EDNA63	4
232ca64e6ab2e9951b82e7430a3a7fd4	EDNA81	1
232ca64e6ab2e9951b82e7430a3a7fd4	EDNA87	2
232ca64e6ab2e9951b82e7430a3a7fd4	MB12	4
232ca64e6ab2e9951b82e7430a3a7fd4	EDNA13	3
232ca64e6ab2e9951b82e7430a3a7fd4	EDNA14	6
232ca64e6ab2e9951b82e7430a3a7fd4	EDNA15	6
232ca64e6ab2e9951b82e7430a3a7fd4	EDNA34	119
232ca64e6ab2e9951b82e7430a3a7fd4	EDNA35	93
232ca64e6ab2e9951b82e7430a3a7fd4	EDNA36	65
232ca64e6ab2e9951b82e7430a3a7fd4	EDNA52	98
232ca64e6ab2e9951b82e7430a3a7fd4	EDNA53	88
232ca64e6ab2e9951b82e7430a3a7fd4	EDNA54	90
232ca64e6ab2e9951b82e7430a3a7fd4	EDNA55	46
232ca64e6ab2e9951b82e7430a3a7fd4	EDNA56	28
232ca64e6ab2e9951b82e7430a3a7fd4	EDNA57	79
232ca64e6ab2e9951b82e7430a3a7fd4	EDNA58	20
232ca64e6ab2e9951b82e7430a3a7fd4	EDNA59	16
232ca64e6ab2e9951b82e7430a3a7fd4	EDNA91	2
232ca64e6ab2e9951b82e7430a3a7fd4	EDNA92	5
232ca64e6ab2e9951b82e7430a3a7fd4	EDNA93	7
232ca64e6ab2e9951b82e7430a3a7fd4	EDNA94	3
232ca64e6ab2e9951b82e7430a3a7fd4	EDNA95	6
232ca64e6ab2e9951b82e7430a3a7fd4	EDNA96	4
232ca64e6ab2e9951b82e7430a3a7fd4	EDNA97	9
232ca64e6ab2e9951b82e7430a3a7fd4	EDNA98	9
232ca64e6ab2e9951b82e7430a3a7fd4	EDNA99	3
232ca64e6ab2e9951b82e7430a3a7fd4	EDNA24	1
232ca64e6ab2e9951b82e7430a3a7fd4	EDNA26	2
232ca64e6ab2e9951b82e7430a3a7fd4	EDNA27	14
232ca64e6ab2e9951b82e7430a3a7fd4	EDNA40	1754
232ca64e6ab2e9951b82e7430a3a7fd4	EDNA41	1623
232ca64e6ab2e9951b82e7430a3a7fd4	EDNA42	1758
232ca64e6ab2e9951b82e7430a3a7fd4	EDNA43	680
232ca64e6ab2e9951b82e7430a3a7fd4	EDNA44	444
232ca64e6ab2e9951b82e7430a3a7fd4	EDNA45	533
a92719b19c6da0daf979c6982a1b4b7e	EDNA46	47
a92719b19c6da0daf979c6982a1b4b7e	EDNA1	29
a92719b19c6da0daf979c6982a1b4b7e	EDNA60	54
a92719b19c6da0daf979c6982a1b4b7e	EDNA47	99
a92719b19c6da0daf979c6982a1b4b7e	EDNA2	21
a92719b19c6da0daf979c6982a1b4b7e	EDNA61	166
a92719b19c6da0daf979c6982a1b4b7e	EDNA48	53
a92719b19c6da0daf979c6982a1b4b7e	EDNA3	64
a92719b19c6da0daf979c6982a1b4b7e	EDNA62	138
a92719b19c6da0daf979c6982a1b4b7e	EDNA63	132
a92719b19c6da0daf979c6982a1b4b7e	EDNA7	18
a92719b19c6da0daf979c6982a1b4b7e	EDNA8	17
a92719b19c6da0daf979c6982a1b4b7e	EDNA9	6
a92719b19c6da0daf979c6982a1b4b7e	EDNA80	338
a92719b19c6da0daf979c6982a1b4b7e	EDNA81	454
a92719b19c6da0daf979c6982a1b4b7e	EDNA82	37
a92719b19c6da0daf979c6982a1b4b7e	EDNA83	84
a92719b19c6da0daf979c6982a1b4b7e	EDNA84	78
a92719b19c6da0daf979c6982a1b4b7e	EDNA85	120
a92719b19c6da0daf979c6982a1b4b7e	EDNA86	136
a92719b19c6da0daf979c6982a1b4b7e	EDNA87	67
a92719b19c6da0daf979c6982a1b4b7e	EDNA10	2
a92719b19c6da0daf979c6982a1b4b7e	EDNA11	8
a92719b19c6da0daf979c6982a1b4b7e	EDNA12	1
a92719b19c6da0daf979c6982a1b4b7e	EDNA13	9
a92719b19c6da0daf979c6982a1b4b7e	EDNA14	23
a92719b19c6da0daf979c6982a1b4b7e	EDNA15	12
a92719b19c6da0daf979c6982a1b4b7e	EDNA16	6
a92719b19c6da0daf979c6982a1b4b7e	EDNA17	6
a92719b19c6da0daf979c6982a1b4b7e	EDNA18	3
a92719b19c6da0daf979c6982a1b4b7e	EDNA31	10
a92719b19c6da0daf979c6982a1b4b7e	EDNA32	14
a92719b19c6da0daf979c6982a1b4b7e	EDNA33	5
a92719b19c6da0daf979c6982a1b4b7e	EDNA34	960
a92719b19c6da0daf979c6982a1b4b7e	EDNA35	464
a92719b19c6da0daf979c6982a1b4b7e	EDNA36	658
a92719b19c6da0daf979c6982a1b4b7e	EDNA52	55
a92719b19c6da0daf979c6982a1b4b7e	EDNA53	56
a92719b19c6da0daf979c6982a1b4b7e	EDNA54	55
a92719b19c6da0daf979c6982a1b4b7e	EDNA55	82
a92719b19c6da0daf979c6982a1b4b7e	EDNA56	64
a92719b19c6da0daf979c6982a1b4b7e	EDNA57	82
a92719b19c6da0daf979c6982a1b4b7e	EDNA71	7
a92719b19c6da0daf979c6982a1b4b7e	EDNA58	63
a92719b19c6da0daf979c6982a1b4b7e	EDNA59	71
a92719b19c6da0daf979c6982a1b4b7e	EDNA73	54
a92719b19c6da0daf979c6982a1b4b7e	EDNA74	99
a92719b19c6da0daf979c6982a1b4b7e	EDNA75	53
a92719b19c6da0daf979c6982a1b4b7e	EDNA91	120
a92719b19c6da0daf979c6982a1b4b7e	EDNA92	125
a92719b19c6da0daf979c6982a1b4b7e	EDNA79	140
a92719b19c6da0daf979c6982a1b4b7e	EDNA93	157
a92719b19c6da0daf979c6982a1b4b7e	EDNA94	40
a92719b19c6da0daf979c6982a1b4b7e	EDNA95	46
a92719b19c6da0daf979c6982a1b4b7e	EDNA96	48
a92719b19c6da0daf979c6982a1b4b7e	EDNA97	17
a92719b19c6da0daf979c6982a1b4b7e	EDNA98	20
a92719b19c6da0daf979c6982a1b4b7e	EDNA99	6
a92719b19c6da0daf979c6982a1b4b7e	EDNA22	8
a92719b19c6da0daf979c6982a1b4b7e	EDNA23	45
a92719b19c6da0daf979c6982a1b4b7e	EDNA24	39
a92719b19c6da0daf979c6982a1b4b7e	EDNA25	8
a92719b19c6da0daf979c6982a1b4b7e	EDNA26	1
a92719b19c6da0daf979c6982a1b4b7e	EDNA27	4
a92719b19c6da0daf979c6982a1b4b7e	EDNA40	448
a92719b19c6da0daf979c6982a1b4b7e	EDNA41	244
a92719b19c6da0daf979c6982a1b4b7e	EDNA42	378
a92719b19c6da0daf979c6982a1b4b7e	EDNA43	630
a92719b19c6da0daf979c6982a1b4b7e	EDNA44	377
a92719b19c6da0daf979c6982a1b4b7e	EDNA45	394
aba983472004ea825e4b14591dcc4d49	EDNA46	154
aba983472004ea825e4b14591dcc4d49	EDNA1	80
aba983472004ea825e4b14591dcc4d49	EDNA60	47
aba983472004ea825e4b14591dcc4d49	EDNA47	188
aba983472004ea825e4b14591dcc4d49	EDNA2	107
aba983472004ea825e4b14591dcc4d49	EDNA61	24
aba983472004ea825e4b14591dcc4d49	EDNA48	112
aba983472004ea825e4b14591dcc4d49	EDNA3	67
aba983472004ea825e4b14591dcc4d49	EDNA62	27
aba983472004ea825e4b14591dcc4d49	EDNA63	23
aba983472004ea825e4b14591dcc4d49	EDNA7	20
aba983472004ea825e4b14591dcc4d49	EDNA8	21
aba983472004ea825e4b14591dcc4d49	EDNA9	8
aba983472004ea825e4b14591dcc4d49	EDNA80	107
aba983472004ea825e4b14591dcc4d49	EDNA67	5
aba983472004ea825e4b14591dcc4d49	EDNA81	68
aba983472004ea825e4b14591dcc4d49	EDNA68	20
aba983472004ea825e4b14591dcc4d49	EDNA82	48
aba983472004ea825e4b14591dcc4d49	EDNA69	4
aba983472004ea825e4b14591dcc4d49	EDNA83	131
aba983472004ea825e4b14591dcc4d49	EDNA84	66
aba983472004ea825e4b14591dcc4d49	EDNA85	47
aba983472004ea825e4b14591dcc4d49	EDNA86	119
aba983472004ea825e4b14591dcc4d49	EDNA87	32
aba983472004ea825e4b14591dcc4d49	EDNA10	27
aba983472004ea825e4b14591dcc4d49	EDNA11	52
aba983472004ea825e4b14591dcc4d49	EDNA12	22
aba983472004ea825e4b14591dcc4d49	EDNA13	38
aba983472004ea825e4b14591dcc4d49	EDNA14	104
aba983472004ea825e4b14591dcc4d49	EDNA15	21
aba983472004ea825e4b14591dcc4d49	EDNA16	43
aba983472004ea825e4b14591dcc4d49	EDNA17	31
aba983472004ea825e4b14591dcc4d49	EDNA18	39
aba983472004ea825e4b14591dcc4d49	EDNA31	1250
aba983472004ea825e4b14591dcc4d49	EDNA32	516
aba983472004ea825e4b14591dcc4d49	EDNA33	348
aba983472004ea825e4b14591dcc4d49	EDNA34	546
aba983472004ea825e4b14591dcc4d49	EDNA35	348
aba983472004ea825e4b14591dcc4d49	EDNA36	548
aba983472004ea825e4b14591dcc4d49	EDNA52	35
aba983472004ea825e4b14591dcc4d49	EDNA53	37
aba983472004ea825e4b14591dcc4d49	EDNA54	49
aba983472004ea825e4b14591dcc4d49	EDNA55	49
aba983472004ea825e4b14591dcc4d49	EDNA56	49
aba983472004ea825e4b14591dcc4d49	EDNA70	33
aba983472004ea825e4b14591dcc4d49	EDNA57	80
aba983472004ea825e4b14591dcc4d49	EDNA71	82
aba983472004ea825e4b14591dcc4d49	EDNA58	14
aba983472004ea825e4b14591dcc4d49	EDNA59	43
aba983472004ea825e4b14591dcc4d49	EDNA73	271
aba983472004ea825e4b14591dcc4d49	EDNA74	132
aba983472004ea825e4b14591dcc4d49	EDNA75	379
aba983472004ea825e4b14591dcc4d49	EDNA91	62
aba983472004ea825e4b14591dcc4d49	EDNA92	117
aba983472004ea825e4b14591dcc4d49	EDNA79	24
aba983472004ea825e4b14591dcc4d49	EDNA93	74
aba983472004ea825e4b14591dcc4d49	EDNA94	44
aba983472004ea825e4b14591dcc4d49	EDNA95	86
aba983472004ea825e4b14591dcc4d49	EDNA96	68
aba983472004ea825e4b14591dcc4d49	EDNA97	59
aba983472004ea825e4b14591dcc4d49	EDNA98	44
aba983472004ea825e4b14591dcc4d49	EDNA99	46
aba983472004ea825e4b14591dcc4d49	EDNA22	36
aba983472004ea825e4b14591dcc4d49	EDNA23	66
aba983472004ea825e4b14591dcc4d49	EDNA24	48
aba983472004ea825e4b14591dcc4d49	EDNA25	109
aba983472004ea825e4b14591dcc4d49	EDNA26	51
aba983472004ea825e4b14591dcc4d49	EDNA27	74
aba983472004ea825e4b14591dcc4d49	EDNA40	49
aba983472004ea825e4b14591dcc4d49	EDNA41	63
aba983472004ea825e4b14591dcc4d49	EDNA42	91
aba983472004ea825e4b14591dcc4d49	EDNA43	77
aba983472004ea825e4b14591dcc4d49	EDNA44	88
aba983472004ea825e4b14591dcc4d49	EDNA45	113
fa5e9bd7ded1de6bf5f4470c0f874510	EDNA96	24
fa5e9bd7ded1de6bf5f4470c0f874510	EDNA87	168
fa5e9bd7ded1de6bf5f4470c0f874510	MB20	7
fa5e9bd7ded1de6bf5f4470c0f874510	EDNA97	4
fa5e9bd7ded1de6bf5f4470c0f874510	EDNA79	458
fa5e9bd7ded1de6bf5f4470c0f874510	MB21	6
fa5e9bd7ded1de6bf5f4470c0f874510	EDNA40	400
fa5e9bd7ded1de6bf5f4470c0f874510	EDNA41	496
fa5e9bd7ded1de6bf5f4470c0f874510	EDNA42	295
fa5e9bd7ded1de6bf5f4470c0f874510	EDNA52	2
fa5e9bd7ded1de6bf5f4470c0f874510	EDNA43	47
fa5e9bd7ded1de6bf5f4470c0f874510	EDNA34	50
fa5e9bd7ded1de6bf5f4470c0f874510	EDNA80	1402
fa5e9bd7ded1de6bf5f4470c0f874510	EDNA53	2
fa5e9bd7ded1de6bf5f4470c0f874510	EDNA44	118
fa5e9bd7ded1de6bf5f4470c0f874510	EDNA81	2274
fa5e9bd7ded1de6bf5f4470c0f874510	EDNA54	4
fa5e9bd7ded1de6bf5f4470c0f874510	EDNA45	32
fa5e9bd7ded1de6bf5f4470c0f874510	EDNA36	11
fa5e9bd7ded1de6bf5f4470c0f874510	EDNA91	146
fa5e9bd7ded1de6bf5f4470c0f874510	EDNA82	385
fa5e9bd7ded1de6bf5f4470c0f874510	EDNA73	7
fa5e9bd7ded1de6bf5f4470c0f874510	EDNA55	6
fa5e9bd7ded1de6bf5f4470c0f874510	EDNA46	25
fa5e9bd7ded1de6bf5f4470c0f874510	EDNA92	62
fa5e9bd7ded1de6bf5f4470c0f874510	EDNA83	538
fa5e9bd7ded1de6bf5f4470c0f874510	EDNA56	12
fa5e9bd7ded1de6bf5f4470c0f874510	EDNA47	14
fa5e9bd7ded1de6bf5f4470c0f874510	EDNA93	185
fa5e9bd7ded1de6bf5f4470c0f874510	EDNA84	413
fa5e9bd7ded1de6bf5f4470c0f874510	EDNA75	56
fa5e9bd7ded1de6bf5f4470c0f874510	EDNA57	4
fa5e9bd7ded1de6bf5f4470c0f874510	EDNA48	7
fa5e9bd7ded1de6bf5f4470c0f874510	EDNA94	12
fa5e9bd7ded1de6bf5f4470c0f874510	EDNA85	155
fa5e9bd7ded1de6bf5f4470c0f874510	EDNA95	22
fa5e9bd7ded1de6bf5f4470c0f874510	EDNA86	109
0d48b425258b9b16e6c71550c52a27b2	EDNA69	850
0d48b425258b9b16e6c71550c52a27b2	MB20	24
0d48b425258b9b16e6c71550c52a27b2	EDNA79	16
0d48b425258b9b16e6c71550c52a27b2	MB21	3
0d48b425258b9b16e6c71550c52a27b2	MB22	3
0d48b425258b9b16e6c71550c52a27b2	MB23	5
0d48b425258b9b16e6c71550c52a27b2	EDNA70	170
0d48b425258b9b16e6c71550c52a27b2	EDNA80	51
0d48b425258b9b16e6c71550c52a27b2	EDNA71	1176
0d48b425258b9b16e6c71550c52a27b2	MB17	976
0d48b425258b9b16e6c71550c52a27b2	EDNA81	44
0d48b425258b9b16e6c71550c52a27b2	MB18	655
0d48b425258b9b16e6c71550c52a27b2	EDNA73	1283
0d48b425258b9b16e6c71550c52a27b2	MB19	602
0d48b425258b9b16e6c71550c52a27b2	EDNA74	358
0d48b425258b9b16e6c71550c52a27b2	EDNA93	5
0d48b425258b9b16e6c71550c52a27b2	EDNA84	14
0d48b425258b9b16e6c71550c52a27b2	EDNA75	445
0d48b425258b9b16e6c71550c52a27b2	EDNA85	14
0d48b425258b9b16e6c71550c52a27b2	EDNA67	654
0d48b425258b9b16e6c71550c52a27b2	EDNA68	575
9ea648a55da2d93583319584d68b122c	MB21	5
9ea648a55da2d93583319584d68b122c	EDNA40	2
9ea648a55da2d93583319584d68b122c	MB22	1
9ea648a55da2d93583319584d68b122c	MB13	5
9ea648a55da2d93583319584d68b122c	MB24	1
9ea648a55da2d93583319584d68b122c	EDNA70	55
9ea648a55da2d93583319584d68b122c	EDNA43	4
9ea648a55da2d93583319584d68b122c	EDNA71	31
9ea648a55da2d93583319584d68b122c	EDNA44	7
9ea648a55da2d93583319584d68b122c	MB17	168
9ea648a55da2d93583319584d68b122c	EDNA45	4
9ea648a55da2d93583319584d68b122c	MB18	7492
9ea648a55da2d93583319584d68b122c	EDNA73	5
9ea648a55da2d93583319584d68b122c	MB19	42
9ea648a55da2d93583319584d68b122c	EDNA68	44
20cc384c9520f693460d865accaee2c9	EDNA87	133
20cc384c9520f693460d865accaee2c9	EDNA69	545
20cc384c9520f693460d865accaee2c9	MB20	15
20cc384c9520f693460d865accaee2c9	EDNA79	2
20cc384c9520f693460d865accaee2c9	MB22	20
20cc384c9520f693460d865accaee2c9	EDNA70	681
20cc384c9520f693460d865accaee2c9	EDNA71	611
20cc384c9520f693460d865accaee2c9	MB17	681
20cc384c9520f693460d865accaee2c9	EDNA81	92
20cc384c9520f693460d865accaee2c9	MB18	955
20cc384c9520f693460d865accaee2c9	EDNA73	55
20cc384c9520f693460d865accaee2c9	MB19	772
20cc384c9520f693460d865accaee2c9	EDNA74	1737
20cc384c9520f693460d865accaee2c9	EDNA75	849
20cc384c9520f693460d865accaee2c9	EDNA85	124
20cc384c9520f693460d865accaee2c9	EDNA67	5
20cc384c9520f693460d865accaee2c9	EDNA86	20
20cc384c9520f693460d865accaee2c9	EDNA68	478
003c426f2d720232c5fe0225a3d56183	MB22	138
003c426f2d720232c5fe0225a3d56183	EDNA23	7276
009894e66cf0d3859cdbe87211eb54db	EDNA46	22
009894e66cf0d3859cdbe87211eb54db	EDNA1	51
009894e66cf0d3859cdbe87211eb54db	EDNA47	35
009894e66cf0d3859cdbe87211eb54db	EDNA2	33
009894e66cf0d3859cdbe87211eb54db	EDNA60	2
009894e66cf0d3859cdbe87211eb54db	EDNA61	8
009894e66cf0d3859cdbe87211eb54db	EDNA48	5
009894e66cf0d3859cdbe87211eb54db	EDNA3	63
009894e66cf0d3859cdbe87211eb54db	EDNA62	6
009894e66cf0d3859cdbe87211eb54db	EDNA63	14
009894e66cf0d3859cdbe87211eb54db	EDNA7	3
009894e66cf0d3859cdbe87211eb54db	EDNA8	11
009894e66cf0d3859cdbe87211eb54db	EDNA80	142
009894e66cf0d3859cdbe87211eb54db	EDNA67	91
009894e66cf0d3859cdbe87211eb54db	EDNA81	59
009894e66cf0d3859cdbe87211eb54db	EDNA68	103
009894e66cf0d3859cdbe87211eb54db	EDNA82	9
009894e66cf0d3859cdbe87211eb54db	EDNA69	135
009894e66cf0d3859cdbe87211eb54db	EDNA83	2
009894e66cf0d3859cdbe87211eb54db	EDNA84	19
009894e66cf0d3859cdbe87211eb54db	EDNA85	71
009894e66cf0d3859cdbe87211eb54db	EDNA86	41
009894e66cf0d3859cdbe87211eb54db	EDNA87	29
009894e66cf0d3859cdbe87211eb54db	MB1	8
009894e66cf0d3859cdbe87211eb54db	MB2	5
009894e66cf0d3859cdbe87211eb54db	MB17	36
009894e66cf0d3859cdbe87211eb54db	MB18	32
009894e66cf0d3859cdbe87211eb54db	MB19	125
009894e66cf0d3859cdbe87211eb54db	EDNA11	1
009894e66cf0d3859cdbe87211eb54db	EDNA12	10
009894e66cf0d3859cdbe87211eb54db	EDNA13	5
009894e66cf0d3859cdbe87211eb54db	EDNA14	10
009894e66cf0d3859cdbe87211eb54db	EDNA15	1
009894e66cf0d3859cdbe87211eb54db	EDNA16	8
009894e66cf0d3859cdbe87211eb54db	EDNA17	8
009894e66cf0d3859cdbe87211eb54db	EDNA18	5
009894e66cf0d3859cdbe87211eb54db	EDNA31	236
009894e66cf0d3859cdbe87211eb54db	EDNA32	121
009894e66cf0d3859cdbe87211eb54db	EDNA33	61
009894e66cf0d3859cdbe87211eb54db	EDNA34	309
009894e66cf0d3859cdbe87211eb54db	EDNA35	68
009894e66cf0d3859cdbe87211eb54db	EDNA36	227
009894e66cf0d3859cdbe87211eb54db	EDNA39	1
009894e66cf0d3859cdbe87211eb54db	EDNA52	14
009894e66cf0d3859cdbe87211eb54db	EDNA53	11
009894e66cf0d3859cdbe87211eb54db	EDNA54	26
009894e66cf0d3859cdbe87211eb54db	EDNA55	14
009894e66cf0d3859cdbe87211eb54db	EDNA56	19
009894e66cf0d3859cdbe87211eb54db	EDNA70	346
009894e66cf0d3859cdbe87211eb54db	EDNA57	29
009894e66cf0d3859cdbe87211eb54db	EDNA71	327
009894e66cf0d3859cdbe87211eb54db	EDNA58	3
009894e66cf0d3859cdbe87211eb54db	EDNA59	5
009894e66cf0d3859cdbe87211eb54db	EDNA73	1186
009894e66cf0d3859cdbe87211eb54db	EDNA74	788
009894e66cf0d3859cdbe87211eb54db	EDNA75	953
009894e66cf0d3859cdbe87211eb54db	EDNA91	8
009894e66cf0d3859cdbe87211eb54db	EDNA92	15
009894e66cf0d3859cdbe87211eb54db	EDNA79	21
009894e66cf0d3859cdbe87211eb54db	EDNA93	34
009894e66cf0d3859cdbe87211eb54db	EDNA94	7
009894e66cf0d3859cdbe87211eb54db	EDNA95	22
009894e66cf0d3859cdbe87211eb54db	EDNA96	22
009894e66cf0d3859cdbe87211eb54db	EDNA97	9
009894e66cf0d3859cdbe87211eb54db	EDNA98	18
009894e66cf0d3859cdbe87211eb54db	MB20	5
009894e66cf0d3859cdbe87211eb54db	EDNA99	10
009894e66cf0d3859cdbe87211eb54db	MB22	3
009894e66cf0d3859cdbe87211eb54db	MB23	3
009894e66cf0d3859cdbe87211eb54db	EDNA25	11
009894e66cf0d3859cdbe87211eb54db	EDNA27	37
009894e66cf0d3859cdbe87211eb54db	EDNA40	299
009894e66cf0d3859cdbe87211eb54db	EDNA41	101
009894e66cf0d3859cdbe87211eb54db	EDNA42	209
009894e66cf0d3859cdbe87211eb54db	EDNA43	163
009894e66cf0d3859cdbe87211eb54db	EDNA44	74
009894e66cf0d3859cdbe87211eb54db	EDNA45	116
b965a35c76e17194a9117227f949fc70	EDNA69	50
b965a35c76e17194a9117227f949fc70	MB20	19
b965a35c76e17194a9117227f949fc70	MB21	74
b965a35c76e17194a9117227f949fc70	MB12	18
b965a35c76e17194a9117227f949fc70	MB22	4
b965a35c76e17194a9117227f949fc70	MB13	57
b965a35c76e17194a9117227f949fc70	MB23	1
b965a35c76e17194a9117227f949fc70	EDNA70	1370
b965a35c76e17194a9117227f949fc70	EDNA80	2
b965a35c76e17194a9117227f949fc70	EDNA71	1090
b965a35c76e17194a9117227f949fc70	MB17	987
b965a35c76e17194a9117227f949fc70	MB18	1820
b965a35c76e17194a9117227f949fc70	EDNA82	42
b965a35c76e17194a9117227f949fc70	EDNA73	40
b965a35c76e17194a9117227f949fc70	MB19	677
b965a35c76e17194a9117227f949fc70	EDNA84	5
b965a35c76e17194a9117227f949fc70	EDNA75	444
b965a35c76e17194a9117227f949fc70	EDNA67	245
b965a35c76e17194a9117227f949fc70	EDNA102	1
b965a35c76e17194a9117227f949fc70	MB7	76
b965a35c76e17194a9117227f949fc70	EDNA86	23
b965a35c76e17194a9117227f949fc70	EDNA68	33
87e6966b9555d2782fd1ada51b390494	EDNA96	48
87e6966b9555d2782fd1ada51b390494	EDNA87	21
87e6966b9555d2782fd1ada51b390494	EDNA97	35
87e6966b9555d2782fd1ada51b390494	EDNA79	8
87e6966b9555d2782fd1ada51b390494	EDNA98	7
87e6966b9555d2782fd1ada51b390494	EDNA40	762
87e6966b9555d2782fd1ada51b390494	EDNA13	3
87e6966b9555d2782fd1ada51b390494	EDNA99	13
87e6966b9555d2782fd1ada51b390494	EDNA41	658
87e6966b9555d2782fd1ada51b390494	EDNA14	9
87e6966b9555d2782fd1ada51b390494	EDNA60	9
87e6966b9555d2782fd1ada51b390494	EDNA42	1166
87e6966b9555d2782fd1ada51b390494	EDNA61	40
87e6966b9555d2782fd1ada51b390494	EDNA52	364
87e6966b9555d2782fd1ada51b390494	EDNA43	382
87e6966b9555d2782fd1ada51b390494	EDNA34	11
87e6966b9555d2782fd1ada51b390494	EDNA80	35
87e6966b9555d2782fd1ada51b390494	EDNA62	33
87e6966b9555d2782fd1ada51b390494	EDNA53	303
87e6966b9555d2782fd1ada51b390494	EDNA44	206
87e6966b9555d2782fd1ada51b390494	EDNA81	23
87e6966b9555d2782fd1ada51b390494	EDNA63	32
87e6966b9555d2782fd1ada51b390494	EDNA54	257
87e6966b9555d2782fd1ada51b390494	EDNA45	293
87e6966b9555d2782fd1ada51b390494	EDNA91	24
87e6966b9555d2782fd1ada51b390494	EDNA55	490
87e6966b9555d2782fd1ada51b390494	EDNA46	1
87e6966b9555d2782fd1ada51b390494	EDNA92	42
87e6966b9555d2782fd1ada51b390494	EDNA56	482
87e6966b9555d2782fd1ada51b390494	EDNA93	26
87e6966b9555d2782fd1ada51b390494	EDNA57	722
87e6966b9555d2782fd1ada51b390494	EDNA94	30
87e6966b9555d2782fd1ada51b390494	EDNA85	40
87e6966b9555d2782fd1ada51b390494	EDNA95	24
87e6966b9555d2782fd1ada51b390494	EDNA86	45
87e6966b9555d2782fd1ada51b390494	EDNA59	11
832d1e9c479124b5b6eb4a5448874e59	EDNA87	53
832d1e9c479124b5b6eb4a5448874e59	EDNA69	1099
832d1e9c479124b5b6eb4a5448874e59	MB20	19
832d1e9c479124b5b6eb4a5448874e59	EDNA79	22
832d1e9c479124b5b6eb4a5448874e59	MB21	2
832d1e9c479124b5b6eb4a5448874e59	EDNA70	235
832d1e9c479124b5b6eb4a5448874e59	EDNA80	23
832d1e9c479124b5b6eb4a5448874e59	EDNA71	448
832d1e9c479124b5b6eb4a5448874e59	MB17	846
832d1e9c479124b5b6eb4a5448874e59	EDNA81	50
832d1e9c479124b5b6eb4a5448874e59	MB18	417
832d1e9c479124b5b6eb4a5448874e59	EDNA73	119
832d1e9c479124b5b6eb4a5448874e59	MB19	569
832d1e9c479124b5b6eb4a5448874e59	EDNA74	291
832d1e9c479124b5b6eb4a5448874e59	EDNA75	653
832d1e9c479124b5b6eb4a5448874e59	EDNA94	15
832d1e9c479124b5b6eb4a5448874e59	EDNA85	21
832d1e9c479124b5b6eb4a5448874e59	EDNA67	721
832d1e9c479124b5b6eb4a5448874e59	EDNA68	691
83608a622119e8e2e039407373b9145a	MB8	21
83608a622119e8e2e039407373b9145a	MB10	8
83608a622119e8e2e039407373b9145a	MB9	191
83608a622119e8e2e039407373b9145a	MB20	44
83608a622119e8e2e039407373b9145a	MB11	8
83608a622119e8e2e039407373b9145a	MB21	7
83608a622119e8e2e039407373b9145a	MB12	40
83608a622119e8e2e039407373b9145a	EDNA13	51
83608a622119e8e2e039407373b9145a	MB22	15
83608a622119e8e2e039407373b9145a	MB13	224
83608a622119e8e2e039407373b9145a	EDNA99	141
83608a622119e8e2e039407373b9145a	EDNA41	2651
83608a622119e8e2e039407373b9145a	MB23	76
83608a622119e8e2e039407373b9145a	MB14	95
83608a622119e8e2e039407373b9145a	EDNA60	379
83608a622119e8e2e039407373b9145a	EDNA15	93
83608a622119e8e2e039407373b9145a	MB24	64
83608a622119e8e2e039407373b9145a	EDNA61	26
83608a622119e8e2e039407373b9145a	MB16	143
83608a622119e8e2e039407373b9145a	EDNA80	20
83608a622119e8e2e039407373b9145a	EDNA44	1379
83608a622119e8e2e039407373b9145a	MB2	309
83608a622119e8e2e039407373b9145a	MB4	107
83608a622119e8e2e039407373b9145a	EDNA56	37
83608a622119e8e2e039407373b9145a	EDNA57	20
83608a622119e8e2e039407373b9145a	MB6	32
83608a622119e8e2e039407373b9145a	EDNA49	1
83608a622119e8e2e039407373b9145a	EDNA59	10
311fae63469f94f7b2fa11cecf1f3b77	MB9	2713
311fae63469f94f7b2fa11cecf1f3b77	MB5	3465
49decb98c0b0a7a3a1c3c7c674466d84	EDNA46	134
49decb98c0b0a7a3a1c3c7c674466d84	EDNA1	91
49decb98c0b0a7a3a1c3c7c674466d84	EDNA47	179
49decb98c0b0a7a3a1c3c7c674466d84	EDNA2	68
49decb98c0b0a7a3a1c3c7c674466d84	EDNA48	106
49decb98c0b0a7a3a1c3c7c674466d84	EDNA3	118
49decb98c0b0a7a3a1c3c7c674466d84	EDNA62	4
49decb98c0b0a7a3a1c3c7c674466d84	EDNA63	1
49decb98c0b0a7a3a1c3c7c674466d84	EDNA7	31
49decb98c0b0a7a3a1c3c7c674466d84	EDNA8	43
49decb98c0b0a7a3a1c3c7c674466d84	EDNA9	29
49decb98c0b0a7a3a1c3c7c674466d84	EDNA81	11
49decb98c0b0a7a3a1c3c7c674466d84	EDNA83	5
49decb98c0b0a7a3a1c3c7c674466d84	EDNA85	6
49decb98c0b0a7a3a1c3c7c674466d84	EDNA87	1
49decb98c0b0a7a3a1c3c7c674466d84	EDNA10	16
49decb98c0b0a7a3a1c3c7c674466d84	EDNA11	64
49decb98c0b0a7a3a1c3c7c674466d84	EDNA12	37
49decb98c0b0a7a3a1c3c7c674466d84	EDNA13	18
49decb98c0b0a7a3a1c3c7c674466d84	EDNA14	22
49decb98c0b0a7a3a1c3c7c674466d84	EDNA15	7
49decb98c0b0a7a3a1c3c7c674466d84	EDNA16	28
49decb98c0b0a7a3a1c3c7c674466d84	EDNA17	19
49decb98c0b0a7a3a1c3c7c674466d84	EDNA18	55
49decb98c0b0a7a3a1c3c7c674466d84	EDNA31	40
49decb98c0b0a7a3a1c3c7c674466d84	EDNA32	9
49decb98c0b0a7a3a1c3c7c674466d84	EDNA33	11
49decb98c0b0a7a3a1c3c7c674466d84	EDNA34	20
49decb98c0b0a7a3a1c3c7c674466d84	EDNA35	69
49decb98c0b0a7a3a1c3c7c674466d84	EDNA36	36
49decb98c0b0a7a3a1c3c7c674466d84	EDNA39	1
49decb98c0b0a7a3a1c3c7c674466d84	EDNA52	5
49decb98c0b0a7a3a1c3c7c674466d84	EDNA53	19
49decb98c0b0a7a3a1c3c7c674466d84	EDNA54	10
49decb98c0b0a7a3a1c3c7c674466d84	EDNA55	16
49decb98c0b0a7a3a1c3c7c674466d84	EDNA56	11
49decb98c0b0a7a3a1c3c7c674466d84	EDNA57	22
49decb98c0b0a7a3a1c3c7c674466d84	EDNA58	6
49decb98c0b0a7a3a1c3c7c674466d84	EDNA91	24
49decb98c0b0a7a3a1c3c7c674466d84	EDNA92	6
49decb98c0b0a7a3a1c3c7c674466d84	EDNA79	8
49decb98c0b0a7a3a1c3c7c674466d84	EDNA93	48
49decb98c0b0a7a3a1c3c7c674466d84	EDNA94	12
49decb98c0b0a7a3a1c3c7c674466d84	EDNA95	15
49decb98c0b0a7a3a1c3c7c674466d84	EDNA96	27
49decb98c0b0a7a3a1c3c7c674466d84	EDNA97	15
49decb98c0b0a7a3a1c3c7c674466d84	EDNA98	2
49decb98c0b0a7a3a1c3c7c674466d84	EDNA99	3
49decb98c0b0a7a3a1c3c7c674466d84	EDNA22	258
49decb98c0b0a7a3a1c3c7c674466d84	EDNA23	691
49decb98c0b0a7a3a1c3c7c674466d84	EDNA24	821
49decb98c0b0a7a3a1c3c7c674466d84	EDNA25	702
49decb98c0b0a7a3a1c3c7c674466d84	EDNA26	167
49decb98c0b0a7a3a1c3c7c674466d84	EDNA27	334
49decb98c0b0a7a3a1c3c7c674466d84	EDNA40	399
49decb98c0b0a7a3a1c3c7c674466d84	EDNA41	286
49decb98c0b0a7a3a1c3c7c674466d84	EDNA42	362
49decb98c0b0a7a3a1c3c7c674466d84	EDNA43	312
49decb98c0b0a7a3a1c3c7c674466d84	EDNA44	116
49decb98c0b0a7a3a1c3c7c674466d84	EDNA45	188
9311294cacda678bf011ee0b84bb9cc6	MB8	51
9311294cacda678bf011ee0b84bb9cc6	MB10	2
9311294cacda678bf011ee0b84bb9cc6	EDNA96	1
9311294cacda678bf011ee0b84bb9cc6	MB9	218
9311294cacda678bf011ee0b84bb9cc6	EDNA31	29
9311294cacda678bf011ee0b84bb9cc6	EDNA22	18
9311294cacda678bf011ee0b84bb9cc6	EDNA13	2
9311294cacda678bf011ee0b84bb9cc6	MB13	92
9311294cacda678bf011ee0b84bb9cc6	EDNA32	38
9311294cacda678bf011ee0b84bb9cc6	EDNA23	23
9311294cacda678bf011ee0b84bb9cc6	EDNA14	142
9311294cacda678bf011ee0b84bb9cc6	EDNA33	8
9311294cacda678bf011ee0b84bb9cc6	EDNA24	38
9311294cacda678bf011ee0b84bb9cc6	EDNA1	2
9311294cacda678bf011ee0b84bb9cc6	EDNA15	5
9311294cacda678bf011ee0b84bb9cc6	EDNA43	5
9311294cacda678bf011ee0b84bb9cc6	EDNA34	28
9311294cacda678bf011ee0b84bb9cc6	EDNA2	8
9311294cacda678bf011ee0b84bb9cc6	EDNA25	1096
9311294cacda678bf011ee0b84bb9cc6	MB25	712
9311294cacda678bf011ee0b84bb9cc6	EDNA44	366
9311294cacda678bf011ee0b84bb9cc6	EDNA3	36
9311294cacda678bf011ee0b84bb9cc6	EDNA35	4
9311294cacda678bf011ee0b84bb9cc6	EDNA26	293
9311294cacda678bf011ee0b84bb9cc6	MB2	203
9311294cacda678bf011ee0b84bb9cc6	EDNA45	87
9311294cacda678bf011ee0b84bb9cc6	EDNA36	2183
9311294cacda678bf011ee0b84bb9cc6	EDNA27	67
9311294cacda678bf011ee0b84bb9cc6	EDNA46	9
9311294cacda678bf011ee0b84bb9cc6	MB4	4
9311294cacda678bf011ee0b84bb9cc6	EDNA92	1
9311294cacda678bf011ee0b84bb9cc6	EDNA7	21
9311294cacda678bf011ee0b84bb9cc6	MB6	151
9311294cacda678bf011ee0b84bb9cc6	EDNA94	1
9311294cacda678bf011ee0b84bb9cc6	EDNA8	34
9311294cacda678bf011ee0b84bb9cc6	EDNA9	18
9311294cacda678bf011ee0b84bb9cc6	EDNA95	2
9311294cacda678bf011ee0b84bb9cc6	EDNA10	73
15f4cbbc8ec0dc71bd34c0a1a180d81c	EDNA96	6
15f4cbbc8ec0dc71bd34c0a1a180d81c	EDNA87	9
15f4cbbc8ec0dc71bd34c0a1a180d81c	EDNA97	6
15f4cbbc8ec0dc71bd34c0a1a180d81c	EDNA79	73
15f4cbbc8ec0dc71bd34c0a1a180d81c	EDNA98	2
15f4cbbc8ec0dc71bd34c0a1a180d81c	EDNA40	1073
15f4cbbc8ec0dc71bd34c0a1a180d81c	EDNA41	711
15f4cbbc8ec0dc71bd34c0a1a180d81c	EDNA42	1045
15f4cbbc8ec0dc71bd34c0a1a180d81c	EDNA52	105
15f4cbbc8ec0dc71bd34c0a1a180d81c	EDNA43	434
15f4cbbc8ec0dc71bd34c0a1a180d81c	EDNA34	71
15f4cbbc8ec0dc71bd34c0a1a180d81c	EDNA80	162
15f4cbbc8ec0dc71bd34c0a1a180d81c	EDNA62	3
15f4cbbc8ec0dc71bd34c0a1a180d81c	EDNA53	66
15f4cbbc8ec0dc71bd34c0a1a180d81c	EDNA44	213
15f4cbbc8ec0dc71bd34c0a1a180d81c	EDNA35	52
15f4cbbc8ec0dc71bd34c0a1a180d81c	EDNA81	178
15f4cbbc8ec0dc71bd34c0a1a180d81c	EDNA54	81
15f4cbbc8ec0dc71bd34c0a1a180d81c	EDNA45	237
15f4cbbc8ec0dc71bd34c0a1a180d81c	EDNA36	76
15f4cbbc8ec0dc71bd34c0a1a180d81c	EDNA91	29
15f4cbbc8ec0dc71bd34c0a1a180d81c	EDNA82	43
15f4cbbc8ec0dc71bd34c0a1a180d81c	EDNA55	24
15f4cbbc8ec0dc71bd34c0a1a180d81c	EDNA46	461
15f4cbbc8ec0dc71bd34c0a1a180d81c	EDNA92	29
15f4cbbc8ec0dc71bd34c0a1a180d81c	EDNA83	33
15f4cbbc8ec0dc71bd34c0a1a180d81c	EDNA56	20
15f4cbbc8ec0dc71bd34c0a1a180d81c	EDNA47	345
15f4cbbc8ec0dc71bd34c0a1a180d81c	EDNA93	30
15f4cbbc8ec0dc71bd34c0a1a180d81c	EDNA84	34
15f4cbbc8ec0dc71bd34c0a1a180d81c	EDNA57	53
15f4cbbc8ec0dc71bd34c0a1a180d81c	EDNA48	279
15f4cbbc8ec0dc71bd34c0a1a180d81c	EDNA94	3
15f4cbbc8ec0dc71bd34c0a1a180d81c	EDNA85	18
15f4cbbc8ec0dc71bd34c0a1a180d81c	EDNA58	2
15f4cbbc8ec0dc71bd34c0a1a180d81c	EDNA95	9
15f4cbbc8ec0dc71bd34c0a1a180d81c	EDNA86	19
90a5131fb1973d4b29ea31383e28b143	EDNA96	58
90a5131fb1973d4b29ea31383e28b143	EDNA87	179
90a5131fb1973d4b29ea31383e28b143	EDNA69	406
90a5131fb1973d4b29ea31383e28b143	MB20	9
90a5131fb1973d4b29ea31383e28b143	MB21	21
90a5131fb1973d4b29ea31383e28b143	MB22	11
90a5131fb1973d4b29ea31383e28b143	EDNA50	1
90a5131fb1973d4b29ea31383e28b143	MB23	34
90a5131fb1973d4b29ea31383e28b143	MB24	11
90a5131fb1973d4b29ea31383e28b143	EDNA70	81
90a5131fb1973d4b29ea31383e28b143	EDNA80	55
90a5131fb1973d4b29ea31383e28b143	EDNA71	422
90a5131fb1973d4b29ea31383e28b143	MB17	1126
90a5131fb1973d4b29ea31383e28b143	MB18	896
90a5131fb1973d4b29ea31383e28b143	EDNA91	5
90a5131fb1973d4b29ea31383e28b143	EDNA73	301
90a5131fb1973d4b29ea31383e28b143	MB19	263
90a5131fb1973d4b29ea31383e28b143	EDNA92	25
90a5131fb1973d4b29ea31383e28b143	EDNA74	199
90a5131fb1973d4b29ea31383e28b143	EDNA94	207
90a5131fb1973d4b29ea31383e28b143	EDNA85	223
90a5131fb1973d4b29ea31383e28b143	EDNA67	359
90a5131fb1973d4b29ea31383e28b143	EDNA86	359
90a5131fb1973d4b29ea31383e28b143	EDNA68	768
8b0f27f6527817d316de0557aadeb637	EDNA46	120
8b0f27f6527817d316de0557aadeb637	EDNA1	7
8b0f27f6527817d316de0557aadeb637	EDNA60	17
8b0f27f6527817d316de0557aadeb637	EDNA47	99
8b0f27f6527817d316de0557aadeb637	EDNA2	5
8b0f27f6527817d316de0557aadeb637	EDNA61	41
8b0f27f6527817d316de0557aadeb637	EDNA48	52
8b0f27f6527817d316de0557aadeb637	EDNA3	17
8b0f27f6527817d316de0557aadeb637	EDNA62	19
8b0f27f6527817d316de0557aadeb637	EDNA63	25
8b0f27f6527817d316de0557aadeb637	EDNA7	4
8b0f27f6527817d316de0557aadeb637	EDNA8	5
8b0f27f6527817d316de0557aadeb637	EDNA9	3
8b0f27f6527817d316de0557aadeb637	EDNA80	47
8b0f27f6527817d316de0557aadeb637	EDNA81	48
8b0f27f6527817d316de0557aadeb637	EDNA82	4
8b0f27f6527817d316de0557aadeb637	EDNA83	4
8b0f27f6527817d316de0557aadeb637	EDNA85	63
8b0f27f6527817d316de0557aadeb637	EDNA86	29
8b0f27f6527817d316de0557aadeb637	EDNA87	22
8b0f27f6527817d316de0557aadeb637	EDNA10	2
8b0f27f6527817d316de0557aadeb637	EDNA11	12
8b0f27f6527817d316de0557aadeb637	EDNA12	2
8b0f27f6527817d316de0557aadeb637	EDNA13	67
8b0f27f6527817d316de0557aadeb637	EDNA14	90
8b0f27f6527817d316de0557aadeb637	EDNA15	37
8b0f27f6527817d316de0557aadeb637	EDNA16	3
8b0f27f6527817d316de0557aadeb637	EDNA17	15
8b0f27f6527817d316de0557aadeb637	EDNA18	13
8b0f27f6527817d316de0557aadeb637	EDNA31	74
8b0f27f6527817d316de0557aadeb637	EDNA32	33
8b0f27f6527817d316de0557aadeb637	EDNA33	10
8b0f27f6527817d316de0557aadeb637	EDNA34	281
8b0f27f6527817d316de0557aadeb637	EDNA35	148
8b0f27f6527817d316de0557aadeb637	EDNA36	161
8b0f27f6527817d316de0557aadeb637	EDNA52	47
8b0f27f6527817d316de0557aadeb637	EDNA53	33
8b0f27f6527817d316de0557aadeb637	EDNA54	53
8b0f27f6527817d316de0557aadeb637	EDNA55	62
8b0f27f6527817d316de0557aadeb637	EDNA56	30
8b0f27f6527817d316de0557aadeb637	EDNA57	76
8b0f27f6527817d316de0557aadeb637	EDNA58	69
8b0f27f6527817d316de0557aadeb637	EDNA59	21
8b0f27f6527817d316de0557aadeb637	EDNA73	44
8b0f27f6527817d316de0557aadeb637	EDNA74	40
8b0f27f6527817d316de0557aadeb637	EDNA91	51
8b0f27f6527817d316de0557aadeb637	EDNA92	57
8b0f27f6527817d316de0557aadeb637	EDNA79	48
8b0f27f6527817d316de0557aadeb637	EDNA93	116
8b0f27f6527817d316de0557aadeb637	EDNA94	65
8b0f27f6527817d316de0557aadeb637	EDNA95	79
8b0f27f6527817d316de0557aadeb637	EDNA96	108
8b0f27f6527817d316de0557aadeb637	EDNA97	85
8b0f27f6527817d316de0557aadeb637	EDNA98	59
8b0f27f6527817d316de0557aadeb637	EDNA99	64
8b0f27f6527817d316de0557aadeb637	EDNA22	14
8b0f27f6527817d316de0557aadeb637	EDNA23	21
8b0f27f6527817d316de0557aadeb637	EDNA24	28
8b0f27f6527817d316de0557aadeb637	EDNA25	59
8b0f27f6527817d316de0557aadeb637	EDNA26	9
8b0f27f6527817d316de0557aadeb637	EDNA27	51
8b0f27f6527817d316de0557aadeb637	EDNA40	740
8b0f27f6527817d316de0557aadeb637	EDNA41	657
8b0f27f6527817d316de0557aadeb637	EDNA42	630
8b0f27f6527817d316de0557aadeb637	EDNA43	238
8b0f27f6527817d316de0557aadeb637	EDNA44	303
8b0f27f6527817d316de0557aadeb637	EDNA45	245
f0b321ea8028302ee6901e7de3ce6caf	EDNA87	39
f0b321ea8028302ee6901e7de3ce6caf	MB9	1
f0b321ea8028302ee6901e7de3ce6caf	MB20	9
f0b321ea8028302ee6901e7de3ce6caf	EDNA79	75
f0b321ea8028302ee6901e7de3ce6caf	MB12	54
f0b321ea8028302ee6901e7de3ce6caf	EDNA98	13
f0b321ea8028302ee6901e7de3ce6caf	EDNA40	1573
f0b321ea8028302ee6901e7de3ce6caf	MB13	24
f0b321ea8028302ee6901e7de3ce6caf	EDNA41	866
f0b321ea8028302ee6901e7de3ce6caf	EDNA42	1303
f0b321ea8028302ee6901e7de3ce6caf	EDNA52	11
f0b321ea8028302ee6901e7de3ce6caf	EDNA43	357
f0b321ea8028302ee6901e7de3ce6caf	EDNA80	202
f0b321ea8028302ee6901e7de3ce6caf	EDNA53	4
f0b321ea8028302ee6901e7de3ce6caf	EDNA44	182
f0b321ea8028302ee6901e7de3ce6caf	EDNA81	223
f0b321ea8028302ee6901e7de3ce6caf	EDNA54	2
f0b321ea8028302ee6901e7de3ce6caf	EDNA45	368
f0b321ea8028302ee6901e7de3ce6caf	EDNA91	7
f0b321ea8028302ee6901e7de3ce6caf	EDNA82	8
f0b321ea8028302ee6901e7de3ce6caf	EDNA55	2
f0b321ea8028302ee6901e7de3ce6caf	EDNA46	8
f0b321ea8028302ee6901e7de3ce6caf	MB19	4
f0b321ea8028302ee6901e7de3ce6caf	EDNA92	13
f0b321ea8028302ee6901e7de3ce6caf	EDNA74	7
f0b321ea8028302ee6901e7de3ce6caf	EDNA56	2
f0b321ea8028302ee6901e7de3ce6caf	EDNA47	9
f0b321ea8028302ee6901e7de3ce6caf	EDNA93	23
f0b321ea8028302ee6901e7de3ce6caf	EDNA75	21
f0b321ea8028302ee6901e7de3ce6caf	EDNA57	9
f0b321ea8028302ee6901e7de3ce6caf	EDNA48	10
f0b321ea8028302ee6901e7de3ce6caf	EDNA94	3
f0b321ea8028302ee6901e7de3ce6caf	EDNA85	51
f0b321ea8028302ee6901e7de3ce6caf	EDNA86	98
feeb5a4aac4f5eb49de009f1567a76ca	MB8	848
feeb5a4aac4f5eb49de009f1567a76ca	MB10	13
feeb5a4aac4f5eb49de009f1567a76ca	MB9	472
feeb5a4aac4f5eb49de009f1567a76ca	MB14	3
feeb5a4aac4f5eb49de009f1567a76ca	EDNA24	42
feeb5a4aac4f5eb49de009f1567a76ca	MB2	71
feeb5a4aac4f5eb49de009f1567a76ca	EDNA54	6
feeb5a4aac4f5eb49de009f1567a76ca	MB4	122
feeb5a4aac4f5eb49de009f1567a76ca	MB7	348
feeb5a4aac4f5eb49de009f1567a76ca	EDNA10	3208
f20f232bcc1b952713c1817b31e29c98	EDNA98	2
f20f232bcc1b952713c1817b31e29c98	EDNA40	1031
f20f232bcc1b952713c1817b31e29c98	EDNA41	891
f20f232bcc1b952713c1817b31e29c98	EDNA14	5
f20f232bcc1b952713c1817b31e29c98	EDNA42	1128
f20f232bcc1b952713c1817b31e29c98	EDNA15	5
f20f232bcc1b952713c1817b31e29c98	EDNA52	71
f20f232bcc1b952713c1817b31e29c98	EDNA43	481
f20f232bcc1b952713c1817b31e29c98	EDNA34	26
f20f232bcc1b952713c1817b31e29c98	EDNA53	50
f20f232bcc1b952713c1817b31e29c98	EDNA44	211
f20f232bcc1b952713c1817b31e29c98	EDNA35	50
f20f232bcc1b952713c1817b31e29c98	EDNA26	4
f20f232bcc1b952713c1817b31e29c98	EDNA54	67
f20f232bcc1b952713c1817b31e29c98	EDNA45	300
f20f232bcc1b952713c1817b31e29c98	EDNA36	65
f20f232bcc1b952713c1817b31e29c98	EDNA91	4
f20f232bcc1b952713c1817b31e29c98	EDNA55	22
f20f232bcc1b952713c1817b31e29c98	EDNA46	193
f20f232bcc1b952713c1817b31e29c98	EDNA92	9
f20f232bcc1b952713c1817b31e29c98	EDNA56	27
f20f232bcc1b952713c1817b31e29c98	EDNA47	207
f20f232bcc1b952713c1817b31e29c98	EDNA93	6
f20f232bcc1b952713c1817b31e29c98	EDNA57	62
f20f232bcc1b952713c1817b31e29c98	EDNA48	113
f20f232bcc1b952713c1817b31e29c98	EDNA94	2
f20f232bcc1b952713c1817b31e29c98	EDNA58	4
f20f232bcc1b952713c1817b31e29c98	EDNA95	10
647c3dcb1ac3b78fb692cd553b3869fd	EDNA46	33
647c3dcb1ac3b78fb692cd553b3869fd	EDNA1	256
647c3dcb1ac3b78fb692cd553b3869fd	EDNA47	28
647c3dcb1ac3b78fb692cd553b3869fd	EDNA2	130
647c3dcb1ac3b78fb692cd553b3869fd	EDNA48	48
647c3dcb1ac3b78fb692cd553b3869fd	EDNA3	137
647c3dcb1ac3b78fb692cd553b3869fd	EDNA62	1
647c3dcb1ac3b78fb692cd553b3869fd	EDNA7	52
647c3dcb1ac3b78fb692cd553b3869fd	EDNA8	75
647c3dcb1ac3b78fb692cd553b3869fd	EDNA9	53
647c3dcb1ac3b78fb692cd553b3869fd	EDNA10	27
647c3dcb1ac3b78fb692cd553b3869fd	EDNA11	116
647c3dcb1ac3b78fb692cd553b3869fd	EDNA12	50
647c3dcb1ac3b78fb692cd553b3869fd	EDNA13	14
647c3dcb1ac3b78fb692cd553b3869fd	EDNA14	24
647c3dcb1ac3b78fb692cd553b3869fd	EDNA15	13
647c3dcb1ac3b78fb692cd553b3869fd	EDNA16	36
647c3dcb1ac3b78fb692cd553b3869fd	EDNA17	29
647c3dcb1ac3b78fb692cd553b3869fd	EDNA18	38
647c3dcb1ac3b78fb692cd553b3869fd	EDNA31	59
647c3dcb1ac3b78fb692cd553b3869fd	EDNA32	27
647c3dcb1ac3b78fb692cd553b3869fd	EDNA33	25
647c3dcb1ac3b78fb692cd553b3869fd	EDNA34	53
647c3dcb1ac3b78fb692cd553b3869fd	EDNA35	33
647c3dcb1ac3b78fb692cd553b3869fd	EDNA36	29
647c3dcb1ac3b78fb692cd553b3869fd	EDNA52	4
647c3dcb1ac3b78fb692cd553b3869fd	EDNA55	5
647c3dcb1ac3b78fb692cd553b3869fd	EDNA56	8
647c3dcb1ac3b78fb692cd553b3869fd	EDNA57	4
647c3dcb1ac3b78fb692cd553b3869fd	EDNA94	4
647c3dcb1ac3b78fb692cd553b3869fd	EDNA95	12
647c3dcb1ac3b78fb692cd553b3869fd	EDNA96	16
647c3dcb1ac3b78fb692cd553b3869fd	EDNA97	10
647c3dcb1ac3b78fb692cd553b3869fd	EDNA98	13
647c3dcb1ac3b78fb692cd553b3869fd	EDNA99	5
647c3dcb1ac3b78fb692cd553b3869fd	EDNA22	318
647c3dcb1ac3b78fb692cd553b3869fd	EDNA23	456
647c3dcb1ac3b78fb692cd553b3869fd	EDNA24	731
647c3dcb1ac3b78fb692cd553b3869fd	EDNA25	1007
647c3dcb1ac3b78fb692cd553b3869fd	EDNA26	270
647c3dcb1ac3b78fb692cd553b3869fd	EDNA27	586
647c3dcb1ac3b78fb692cd553b3869fd	EDNA41	20
647c3dcb1ac3b78fb692cd553b3869fd	EDNA42	49
647c3dcb1ac3b78fb692cd553b3869fd	EDNA43	14
f229bd984d909ec81a51a6b93f380dad	MB22	102
f229bd984d909ec81a51a6b93f380dad	EDNA15	181
f229bd984d909ec81a51a6b93f380dad	EDNA16	283
f229bd984d909ec81a51a6b93f380dad	MB1	1733
f229bd984d909ec81a51a6b93f380dad	EDNA44	291
f229bd984d909ec81a51a6b93f380dad	MB3	2258
46e74919d934313e7a621134ad01cc09	EDNA46	46
46e74919d934313e7a621134ad01cc09	EDNA47	38
46e74919d934313e7a621134ad01cc09	EDNA60	6
46e74919d934313e7a621134ad01cc09	EDNA61	330
46e74919d934313e7a621134ad01cc09	EDNA48	67
46e74919d934313e7a621134ad01cc09	EDNA62	180
46e74919d934313e7a621134ad01cc09	EDNA63	45
46e74919d934313e7a621134ad01cc09	EDNA8	39
46e74919d934313e7a621134ad01cc09	EDNA9	8
46e74919d934313e7a621134ad01cc09	MB11	1
46e74919d934313e7a621134ad01cc09	MB15	23
46e74919d934313e7a621134ad01cc09	MB5	498
46e74919d934313e7a621134ad01cc09	EDNA10	4
46e74919d934313e7a621134ad01cc09	EDNA11	3
46e74919d934313e7a621134ad01cc09	EDNA12	10
46e74919d934313e7a621134ad01cc09	EDNA13	37
46e74919d934313e7a621134ad01cc09	EDNA14	64
46e74919d934313e7a621134ad01cc09	EDNA15	32
46e74919d934313e7a621134ad01cc09	EDNA16	315
46e74919d934313e7a621134ad01cc09	EDNA17	240
46e74919d934313e7a621134ad01cc09	EDNA18	429
46e74919d934313e7a621134ad01cc09	EDNA31	34
46e74919d934313e7a621134ad01cc09	EDNA33	19
46e74919d934313e7a621134ad01cc09	EDNA34	151
46e74919d934313e7a621134ad01cc09	EDNA35	208
46e74919d934313e7a621134ad01cc09	EDNA36	191
46e74919d934313e7a621134ad01cc09	EDNA52	31
46e74919d934313e7a621134ad01cc09	EDNA53	56
46e74919d934313e7a621134ad01cc09	EDNA54	29
46e74919d934313e7a621134ad01cc09	EDNA55	64
46e74919d934313e7a621134ad01cc09	EDNA56	25
46e74919d934313e7a621134ad01cc09	EDNA57	53
46e74919d934313e7a621134ad01cc09	EDNA58	2
46e74919d934313e7a621134ad01cc09	EDNA59	11
46e74919d934313e7a621134ad01cc09	EDNA91	37
46e74919d934313e7a621134ad01cc09	EDNA92	16
46e74919d934313e7a621134ad01cc09	EDNA93	1
46e74919d934313e7a621134ad01cc09	EDNA94	14
46e74919d934313e7a621134ad01cc09	EDNA95	85
46e74919d934313e7a621134ad01cc09	EDNA96	53
46e74919d934313e7a621134ad01cc09	EDNA97	23
46e74919d934313e7a621134ad01cc09	EDNA99	12
46e74919d934313e7a621134ad01cc09	EDNA22	42
46e74919d934313e7a621134ad01cc09	EDNA23	45
46e74919d934313e7a621134ad01cc09	EDNA24	58
46e74919d934313e7a621134ad01cc09	EDNA25	371
46e74919d934313e7a621134ad01cc09	EDNA26	183
46e74919d934313e7a621134ad01cc09	EDNA27	308
46e74919d934313e7a621134ad01cc09	EDNA40	2
46e74919d934313e7a621134ad01cc09	EDNA41	3
46e74919d934313e7a621134ad01cc09	EDNA42	16
46e74919d934313e7a621134ad01cc09	EDNA43	240
46e74919d934313e7a621134ad01cc09	EDNA44	25
46e74919d934313e7a621134ad01cc09	EDNA45	18
a014e28a4890a46bcf78594acc55aea0	EDNA69	57
a014e28a4890a46bcf78594acc55aea0	EDNA70	10
a014e28a4890a46bcf78594acc55aea0	EDNA71	204
a014e28a4890a46bcf78594acc55aea0	MB18	81
a014e28a4890a46bcf78594acc55aea0	EDNA73	2168
a014e28a4890a46bcf78594acc55aea0	MB19	8
a014e28a4890a46bcf78594acc55aea0	EDNA74	636
a014e28a4890a46bcf78594acc55aea0	EDNA75	1662
a014e28a4890a46bcf78594acc55aea0	EDNA85	4
0f26717693c2b0ade032fb1502a00de3	EDNA46	154
0f26717693c2b0ade032fb1502a00de3	EDNA47	104
0f26717693c2b0ade032fb1502a00de3	EDNA60	7
0f26717693c2b0ade032fb1502a00de3	EDNA48	114
0f26717693c2b0ade032fb1502a00de3	EDNA61	36
0f26717693c2b0ade032fb1502a00de3	EDNA62	41
0f26717693c2b0ade032fb1502a00de3	EDNA63	38
0f26717693c2b0ade032fb1502a00de3	EDNA80	5
0f26717693c2b0ade032fb1502a00de3	EDNA81	2
0f26717693c2b0ade032fb1502a00de3	EDNA85	13
0f26717693c2b0ade032fb1502a00de3	EDNA86	4
0f26717693c2b0ade032fb1502a00de3	EDNA87	3
0f26717693c2b0ade032fb1502a00de3	EDNA13	3
0f26717693c2b0ade032fb1502a00de3	EDNA17	1
0f26717693c2b0ade032fb1502a00de3	EDNA34	41
0f26717693c2b0ade032fb1502a00de3	EDNA35	11
0f26717693c2b0ade032fb1502a00de3	EDNA36	73
0f26717693c2b0ade032fb1502a00de3	EDNA52	127
0f26717693c2b0ade032fb1502a00de3	EDNA53	54
0f26717693c2b0ade032fb1502a00de3	EDNA54	55
0f26717693c2b0ade032fb1502a00de3	EDNA55	54
0f26717693c2b0ade032fb1502a00de3	EDNA56	27
0f26717693c2b0ade032fb1502a00de3	EDNA57	39
0f26717693c2b0ade032fb1502a00de3	EDNA58	6
0f26717693c2b0ade032fb1502a00de3	EDNA59	9
0f26717693c2b0ade032fb1502a00de3	EDNA91	8
0f26717693c2b0ade032fb1502a00de3	EDNA92	19
0f26717693c2b0ade032fb1502a00de3	EDNA79	1
0f26717693c2b0ade032fb1502a00de3	EDNA93	15
0f26717693c2b0ade032fb1502a00de3	EDNA94	7
0f26717693c2b0ade032fb1502a00de3	EDNA95	11
0f26717693c2b0ade032fb1502a00de3	EDNA96	17
0f26717693c2b0ade032fb1502a00de3	EDNA97	7
0f26717693c2b0ade032fb1502a00de3	EDNA98	5
0f26717693c2b0ade032fb1502a00de3	EDNA99	10
0f26717693c2b0ade032fb1502a00de3	EDNA22	3
0f26717693c2b0ade032fb1502a00de3	EDNA23	11
0f26717693c2b0ade032fb1502a00de3	EDNA24	14
0f26717693c2b0ade032fb1502a00de3	EDNA25	11
0f26717693c2b0ade032fb1502a00de3	EDNA26	8
0f26717693c2b0ade032fb1502a00de3	EDNA40	1075
0f26717693c2b0ade032fb1502a00de3	EDNA41	696
0f26717693c2b0ade032fb1502a00de3	EDNA42	1129
0f26717693c2b0ade032fb1502a00de3	EDNA43	319
0f26717693c2b0ade032fb1502a00de3	EDNA44	190
0f26717693c2b0ade032fb1502a00de3	EDNA45	157
7099027a826a61c30435d0f1ef88ea17	EDNA87	253
7099027a826a61c30435d0f1ef88ea17	MB20	60
7099027a826a61c30435d0f1ef88ea17	EDNA79	860
7099027a826a61c30435d0f1ef88ea17	MB21	36
7099027a826a61c30435d0f1ef88ea17	MB12	3
7099027a826a61c30435d0f1ef88ea17	MB22	14
7099027a826a61c30435d0f1ef88ea17	MB13	2
7099027a826a61c30435d0f1ef88ea17	EDNA99	8
7099027a826a61c30435d0f1ef88ea17	MB23	15
7099027a826a61c30435d0f1ef88ea17	EDNA42	309
7099027a826a61c30435d0f1ef88ea17	EDNA80	505
7099027a826a61c30435d0f1ef88ea17	EDNA81	743
7099027a826a61c30435d0f1ef88ea17	EDNA45	7
7099027a826a61c30435d0f1ef88ea17	EDNA91	10
7099027a826a61c30435d0f1ef88ea17	EDNA82	193
7099027a826a61c30435d0f1ef88ea17	MB19	92
7099027a826a61c30435d0f1ef88ea17	EDNA92	126
7099027a826a61c30435d0f1ef88ea17	EDNA93	77
7099027a826a61c30435d0f1ef88ea17	EDNA84	526
7099027a826a61c30435d0f1ef88ea17	EDNA75	203
7099027a826a61c30435d0f1ef88ea17	EDNA85	448
7099027a826a61c30435d0f1ef88ea17	EDNA95	41
7099027a826a61c30435d0f1ef88ea17	EDNA86	127
1c9670fe7539eafd526160fc8844ae7c	EDNA22	1942
1c9670fe7539eafd526160fc8844ae7c	EDNA13	6
1c9670fe7539eafd526160fc8844ae7c	MB13	774
1c9670fe7539eafd526160fc8844ae7c	EDNA32	22
1c9670fe7539eafd526160fc8844ae7c	EDNA47	7
1c9670fe7539eafd526160fc8844ae7c	MB6	1828
b43d19c6734061aba20cde4334b0c772	EDNA46	28
b43d19c6734061aba20cde4334b0c772	EDNA1	30
b43d19c6734061aba20cde4334b0c772	EDNA47	121
b43d19c6734061aba20cde4334b0c772	EDNA2	19
b43d19c6734061aba20cde4334b0c772	EDNA48	8
b43d19c6734061aba20cde4334b0c772	EDNA3	34
b43d19c6734061aba20cde4334b0c772	EDNA61	12
b43d19c6734061aba20cde4334b0c772	EDNA62	5
b43d19c6734061aba20cde4334b0c772	EDNA63	5
b43d19c6734061aba20cde4334b0c772	EDNA7	34
b43d19c6734061aba20cde4334b0c772	EDNA8	41
b43d19c6734061aba20cde4334b0c772	EDNA9	109
b43d19c6734061aba20cde4334b0c772	EDNA67	27
b43d19c6734061aba20cde4334b0c772	EDNA81	26
b43d19c6734061aba20cde4334b0c772	EDNA68	6
b43d19c6734061aba20cde4334b0c772	EDNA82	7
b43d19c6734061aba20cde4334b0c772	EDNA69	15
b43d19c6734061aba20cde4334b0c772	EDNA84	5
b43d19c6734061aba20cde4334b0c772	EDNA86	15
b43d19c6734061aba20cde4334b0c772	EDNA87	5
b43d19c6734061aba20cde4334b0c772	MB11	8
b43d19c6734061aba20cde4334b0c772	MB12	3
b43d19c6734061aba20cde4334b0c772	MB13	31
b43d19c6734061aba20cde4334b0c772	MB1	38
b43d19c6734061aba20cde4334b0c772	MB2	63
b43d19c6734061aba20cde4334b0c772	MB4	21
b43d19c6734061aba20cde4334b0c772	MB19	20
b43d19c6734061aba20cde4334b0c772	MB6	10
b43d19c6734061aba20cde4334b0c772	MB7	10
b43d19c6734061aba20cde4334b0c772	MB8	33
b43d19c6734061aba20cde4334b0c772	MB9	6
b43d19c6734061aba20cde4334b0c772	EDNA10	93
b43d19c6734061aba20cde4334b0c772	EDNA11	62
b43d19c6734061aba20cde4334b0c772	EDNA12	96
b43d19c6734061aba20cde4334b0c772	EDNA13	45
b43d19c6734061aba20cde4334b0c772	EDNA14	26
b43d19c6734061aba20cde4334b0c772	EDNA15	67
b43d19c6734061aba20cde4334b0c772	EDNA16	36
b43d19c6734061aba20cde4334b0c772	EDNA17	45
b43d19c6734061aba20cde4334b0c772	EDNA18	86
b43d19c6734061aba20cde4334b0c772	EDNA31	4
b43d19c6734061aba20cde4334b0c772	EDNA32	20
b43d19c6734061aba20cde4334b0c772	EDNA33	7
b43d19c6734061aba20cde4334b0c772	EDNA34	2
b43d19c6734061aba20cde4334b0c772	EDNA35	4
b43d19c6734061aba20cde4334b0c772	EDNA36	5
b43d19c6734061aba20cde4334b0c772	EDNA52	1
b43d19c6734061aba20cde4334b0c772	EDNA54	5
b43d19c6734061aba20cde4334b0c772	EDNA55	9
b43d19c6734061aba20cde4334b0c772	EDNA70	43
b43d19c6734061aba20cde4334b0c772	EDNA71	6
b43d19c6734061aba20cde4334b0c772	EDNA73	157
b43d19c6734061aba20cde4334b0c772	EDNA74	74
b43d19c6734061aba20cde4334b0c772	EDNA75	163
b43d19c6734061aba20cde4334b0c772	EDNA91	13
b43d19c6734061aba20cde4334b0c772	EDNA92	24
b43d19c6734061aba20cde4334b0c772	EDNA79	6
b43d19c6734061aba20cde4334b0c772	EDNA93	20
b43d19c6734061aba20cde4334b0c772	EDNA94	10
b43d19c6734061aba20cde4334b0c772	EDNA96	5
b43d19c6734061aba20cde4334b0c772	MB20	3
b43d19c6734061aba20cde4334b0c772	MB23	4
b43d19c6734061aba20cde4334b0c772	EDNA22	56
b43d19c6734061aba20cde4334b0c772	EDNA23	166
b43d19c6734061aba20cde4334b0c772	EDNA24	137
b43d19c6734061aba20cde4334b0c772	EDNA25	57
b43d19c6734061aba20cde4334b0c772	EDNA26	22
b43d19c6734061aba20cde4334b0c772	EDNA40	118
b43d19c6734061aba20cde4334b0c772	EDNA41	1007
b43d19c6734061aba20cde4334b0c772	EDNA42	116
b43d19c6734061aba20cde4334b0c772	EDNA43	231
b43d19c6734061aba20cde4334b0c772	EDNA44	597
b43d19c6734061aba20cde4334b0c772	EDNA45	51
7d0a4cf8be705274309462d229b0ddeb	MB20	1
7d0a4cf8be705274309462d229b0ddeb	MB21	68
7d0a4cf8be705274309462d229b0ddeb	MB18	385
7d0a4cf8be705274309462d229b0ddeb	EDNA73	539
7d0a4cf8be705274309462d229b0ddeb	MB19	3386
7d0a4cf8be705274309462d229b0ddeb	EDNA75	2
91fdc2e18cdc7d1b5c6b6dd9f546c3de	EDNA46	83
91fdc2e18cdc7d1b5c6b6dd9f546c3de	EDNA1	4
91fdc2e18cdc7d1b5c6b6dd9f546c3de	EDNA60	13
91fdc2e18cdc7d1b5c6b6dd9f546c3de	EDNA47	85
91fdc2e18cdc7d1b5c6b6dd9f546c3de	EDNA61	19
91fdc2e18cdc7d1b5c6b6dd9f546c3de	EDNA48	38
91fdc2e18cdc7d1b5c6b6dd9f546c3de	EDNA3	3
91fdc2e18cdc7d1b5c6b6dd9f546c3de	EDNA62	20
91fdc2e18cdc7d1b5c6b6dd9f546c3de	EDNA63	22
91fdc2e18cdc7d1b5c6b6dd9f546c3de	EDNA7	5
91fdc2e18cdc7d1b5c6b6dd9f546c3de	EDNA9	5
91fdc2e18cdc7d1b5c6b6dd9f546c3de	EDNA80	10
91fdc2e18cdc7d1b5c6b6dd9f546c3de	EDNA81	37
91fdc2e18cdc7d1b5c6b6dd9f546c3de	EDNA84	1
91fdc2e18cdc7d1b5c6b6dd9f546c3de	EDNA85	63
91fdc2e18cdc7d1b5c6b6dd9f546c3de	EDNA86	27
91fdc2e18cdc7d1b5c6b6dd9f546c3de	EDNA87	7
91fdc2e18cdc7d1b5c6b6dd9f546c3de	MB11	1
91fdc2e18cdc7d1b5c6b6dd9f546c3de	MB2	1
91fdc2e18cdc7d1b5c6b6dd9f546c3de	EDNA10	3
91fdc2e18cdc7d1b5c6b6dd9f546c3de	EDNA11	3
91fdc2e18cdc7d1b5c6b6dd9f546c3de	EDNA12	2
91fdc2e18cdc7d1b5c6b6dd9f546c3de	EDNA13	38
91fdc2e18cdc7d1b5c6b6dd9f546c3de	EDNA14	60
91fdc2e18cdc7d1b5c6b6dd9f546c3de	EDNA15	23
91fdc2e18cdc7d1b5c6b6dd9f546c3de	EDNA17	4
91fdc2e18cdc7d1b5c6b6dd9f546c3de	EDNA18	6
91fdc2e18cdc7d1b5c6b6dd9f546c3de	EDNA31	20
91fdc2e18cdc7d1b5c6b6dd9f546c3de	EDNA32	8
91fdc2e18cdc7d1b5c6b6dd9f546c3de	EDNA33	5
91fdc2e18cdc7d1b5c6b6dd9f546c3de	EDNA34	148
91fdc2e18cdc7d1b5c6b6dd9f546c3de	EDNA35	203
91fdc2e18cdc7d1b5c6b6dd9f546c3de	EDNA36	146
91fdc2e18cdc7d1b5c6b6dd9f546c3de	EDNA52	44
91fdc2e18cdc7d1b5c6b6dd9f546c3de	EDNA53	21
91fdc2e18cdc7d1b5c6b6dd9f546c3de	EDNA54	51
91fdc2e18cdc7d1b5c6b6dd9f546c3de	EDNA55	25
91fdc2e18cdc7d1b5c6b6dd9f546c3de	EDNA56	38
91fdc2e18cdc7d1b5c6b6dd9f546c3de	EDNA57	33
91fdc2e18cdc7d1b5c6b6dd9f546c3de	EDNA58	36
91fdc2e18cdc7d1b5c6b6dd9f546c3de	EDNA59	17
91fdc2e18cdc7d1b5c6b6dd9f546c3de	EDNA73	38
91fdc2e18cdc7d1b5c6b6dd9f546c3de	EDNA74	38
91fdc2e18cdc7d1b5c6b6dd9f546c3de	EDNA75	13
91fdc2e18cdc7d1b5c6b6dd9f546c3de	EDNA91	56
91fdc2e18cdc7d1b5c6b6dd9f546c3de	EDNA92	56
91fdc2e18cdc7d1b5c6b6dd9f546c3de	EDNA79	21
91fdc2e18cdc7d1b5c6b6dd9f546c3de	EDNA93	56
91fdc2e18cdc7d1b5c6b6dd9f546c3de	EDNA94	56
91fdc2e18cdc7d1b5c6b6dd9f546c3de	EDNA95	55
91fdc2e18cdc7d1b5c6b6dd9f546c3de	EDNA96	102
91fdc2e18cdc7d1b5c6b6dd9f546c3de	EDNA97	58
91fdc2e18cdc7d1b5c6b6dd9f546c3de	EDNA98	47
91fdc2e18cdc7d1b5c6b6dd9f546c3de	EDNA99	49
91fdc2e18cdc7d1b5c6b6dd9f546c3de	MB25	2
91fdc2e18cdc7d1b5c6b6dd9f546c3de	EDNA22	29
91fdc2e18cdc7d1b5c6b6dd9f546c3de	EDNA23	63
91fdc2e18cdc7d1b5c6b6dd9f546c3de	EDNA24	24
91fdc2e18cdc7d1b5c6b6dd9f546c3de	EDNA25	26
91fdc2e18cdc7d1b5c6b6dd9f546c3de	EDNA26	15
91fdc2e18cdc7d1b5c6b6dd9f546c3de	EDNA27	27
91fdc2e18cdc7d1b5c6b6dd9f546c3de	EDNA40	587
91fdc2e18cdc7d1b5c6b6dd9f546c3de	EDNA41	462
91fdc2e18cdc7d1b5c6b6dd9f546c3de	EDNA42	419
91fdc2e18cdc7d1b5c6b6dd9f546c3de	EDNA43	239
91fdc2e18cdc7d1b5c6b6dd9f546c3de	EDNA44	171
91fdc2e18cdc7d1b5c6b6dd9f546c3de	EDNA45	178
6935bf5f05d2fa01f86e1a125ecae63c	EDNA69	1
6935bf5f05d2fa01f86e1a125ecae63c	EDNA31	19
6935bf5f05d2fa01f86e1a125ecae63c	EDNA22	321
6935bf5f05d2fa01f86e1a125ecae63c	EDNA23	801
6935bf5f05d2fa01f86e1a125ecae63c	EDNA24	532
6935bf5f05d2fa01f86e1a125ecae63c	EDNA16	4
6935bf5f05d2fa01f86e1a125ecae63c	EDNA80	12
6935bf5f05d2fa01f86e1a125ecae63c	EDNA26	13
6935bf5f05d2fa01f86e1a125ecae63c	MB2	387
6935bf5f05d2fa01f86e1a125ecae63c	EDNA63	1966
6935bf5f05d2fa01f86e1a125ecae63c	EDNA82	13
6935bf5f05d2fa01f86e1a125ecae63c	EDNA73	135
6935bf5f05d2fa01f86e1a125ecae63c	EDNA7	2
6935bf5f05d2fa01f86e1a125ecae63c	EDNA8	3
6935bf5f05d2fa01f86e1a125ecae63c	EDNA9	19
cb0ef68c324c83f22568671c774be0bd	EDNA87	17
cb0ef68c324c83f22568671c774be0bd	EDNA69	26
cb0ef68c324c83f22568671c774be0bd	EDNA79	47
cb0ef68c324c83f22568671c774be0bd	EDNA70	10
cb0ef68c324c83f22568671c774be0bd	EDNA80	138
cb0ef68c324c83f22568671c774be0bd	EDNA71	1
cb0ef68c324c83f22568671c774be0bd	EDNA81	161
cb0ef68c324c83f22568671c774be0bd	EDNA91	13
cb0ef68c324c83f22568671c774be0bd	EDNA82	852
cb0ef68c324c83f22568671c774be0bd	EDNA73	331
cb0ef68c324c83f22568671c774be0bd	EDNA92	4
cb0ef68c324c83f22568671c774be0bd	EDNA83	901
cb0ef68c324c83f22568671c774be0bd	EDNA74	242
cb0ef68c324c83f22568671c774be0bd	EDNA93	42
cb0ef68c324c83f22568671c774be0bd	EDNA84	1009
cb0ef68c324c83f22568671c774be0bd	EDNA75	139
cb0ef68c324c83f22568671c774be0bd	EDNA94	1
cb0ef68c324c83f22568671c774be0bd	EDNA85	26
cb0ef68c324c83f22568671c774be0bd	EDNA67	98
cb0ef68c324c83f22568671c774be0bd	EDNA86	50
cb0ef68c324c83f22568671c774be0bd	EDNA68	93
3670c13113ba24947f051ede3b5607df	EDNA46	1
3670c13113ba24947f051ede3b5607df	EDNA1	6
3670c13113ba24947f051ede3b5607df	EDNA61	5
3670c13113ba24947f051ede3b5607df	EDNA62	2
3670c13113ba24947f051ede3b5607df	EDNA63	5
3670c13113ba24947f051ede3b5607df	EDNA67	50
3670c13113ba24947f051ede3b5607df	EDNA80	81
3670c13113ba24947f051ede3b5607df	EDNA68	58
3670c13113ba24947f051ede3b5607df	EDNA81	99
3670c13113ba24947f051ede3b5607df	EDNA82	298
3670c13113ba24947f051ede3b5607df	EDNA69	34
3670c13113ba24947f051ede3b5607df	EDNA83	293
3670c13113ba24947f051ede3b5607df	EDNA84	306
3670c13113ba24947f051ede3b5607df	EDNA85	32
3670c13113ba24947f051ede3b5607df	EDNA86	2
3670c13113ba24947f051ede3b5607df	EDNA87	16
3670c13113ba24947f051ede3b5607df	MB13	4
3670c13113ba24947f051ede3b5607df	MB15	6
3670c13113ba24947f051ede3b5607df	MB19	20
3670c13113ba24947f051ede3b5607df	EDNA11	4
3670c13113ba24947f051ede3b5607df	EDNA53	3
3670c13113ba24947f051ede3b5607df	EDNA70	188
3670c13113ba24947f051ede3b5607df	EDNA71	77
3670c13113ba24947f051ede3b5607df	EDNA59	1
3670c13113ba24947f051ede3b5607df	EDNA73	1282
3670c13113ba24947f051ede3b5607df	EDNA74	354
3670c13113ba24947f051ede3b5607df	EDNA75	95
3670c13113ba24947f051ede3b5607df	EDNA92	2
3670c13113ba24947f051ede3b5607df	EDNA79	69
3670c13113ba24947f051ede3b5607df	EDNA93	5
3670c13113ba24947f051ede3b5607df	EDNA94	35
3670c13113ba24947f051ede3b5607df	EDNA96	1
3670c13113ba24947f051ede3b5607df	EDNA97	3
3670c13113ba24947f051ede3b5607df	EDNA22	1
3670c13113ba24947f051ede3b5607df	EDNA23	5
3670c13113ba24947f051ede3b5607df	EDNA40	11
3670c13113ba24947f051ede3b5607df	EDNA41	27
3670c13113ba24947f051ede3b5607df	EDNA43	100
3670c13113ba24947f051ede3b5607df	EDNA44	444
3670c13113ba24947f051ede3b5607df	EDNA45	136
c067e8f35039ceb4f875740cede4a452	EDNA96	12
c067e8f35039ceb4f875740cede4a452	EDNA11	1
c067e8f35039ceb4f875740cede4a452	EDNA97	34
c067e8f35039ceb4f875740cede4a452	EDNA98	17
c067e8f35039ceb4f875740cede4a452	EDNA31	1742
c067e8f35039ceb4f875740cede4a452	EDNA13	7
c067e8f35039ceb4f875740cede4a452	EDNA99	22
c067e8f35039ceb4f875740cede4a452	EDNA32	369
c067e8f35039ceb4f875740cede4a452	EDNA60	11
c067e8f35039ceb4f875740cede4a452	EDNA33	669
c067e8f35039ceb4f875740cede4a452	EDNA61	5
c067e8f35039ceb4f875740cede4a452	EDNA52	8
c067e8f35039ceb4f875740cede4a452	EDNA34	373
c067e8f35039ceb4f875740cede4a452	EDNA2	3
c067e8f35039ceb4f875740cede4a452	EDNA25	6
c067e8f35039ceb4f875740cede4a452	EDNA62	9
c067e8f35039ceb4f875740cede4a452	EDNA53	16
c067e8f35039ceb4f875740cede4a452	EDNA35	344
c067e8f35039ceb4f875740cede4a452	EDNA17	8
c067e8f35039ceb4f875740cede4a452	EDNA63	25
c067e8f35039ceb4f875740cede4a452	EDNA36	330
c067e8f35039ceb4f875740cede4a452	EDNA27	40
c067e8f35039ceb4f875740cede4a452	EDNA91	8
c067e8f35039ceb4f875740cede4a452	EDNA55	4
c067e8f35039ceb4f875740cede4a452	EDNA46	22
c067e8f35039ceb4f875740cede4a452	EDNA92	3
c067e8f35039ceb4f875740cede4a452	EDNA47	11
c067e8f35039ceb4f875740cede4a452	EDNA57	7
c067e8f35039ceb4f875740cede4a452	EDNA48	14
c067e8f35039ceb4f875740cede4a452	EDNA58	14
c067e8f35039ceb4f875740cede4a452	EDNA59	10
1cccc26c2dc7bd01f01942af641d993e	EDNA87	4
1cccc26c2dc7bd01f01942af641d993e	EDNA69	370
1cccc26c2dc7bd01f01942af641d993e	EDNA79	27
1cccc26c2dc7bd01f01942af641d993e	EDNA40	3
1cccc26c2dc7bd01f01942af641d993e	MB13	1
1cccc26c2dc7bd01f01942af641d993e	EDNA41	5
1cccc26c2dc7bd01f01942af641d993e	EDNA42	22
1cccc26c2dc7bd01f01942af641d993e	EDNA70	128
1cccc26c2dc7bd01f01942af641d993e	EDNA61	8
1cccc26c2dc7bd01f01942af641d993e	EDNA43	128
1cccc26c2dc7bd01f01942af641d993e	EDNA80	20
1cccc26c2dc7bd01f01942af641d993e	EDNA71	249
1cccc26c2dc7bd01f01942af641d993e	EDNA62	4
1cccc26c2dc7bd01f01942af641d993e	EDNA53	1
1cccc26c2dc7bd01f01942af641d993e	EDNA44	121
1cccc26c2dc7bd01f01942af641d993e	EDNA81	111
1cccc26c2dc7bd01f01942af641d993e	EDNA63	6
1cccc26c2dc7bd01f01942af641d993e	EDNA45	97
1cccc26c2dc7bd01f01942af641d993e	EDNA91	3
1cccc26c2dc7bd01f01942af641d993e	EDNA82	205
1cccc26c2dc7bd01f01942af641d993e	EDNA73	834
1cccc26c2dc7bd01f01942af641d993e	EDNA64	1
1cccc26c2dc7bd01f01942af641d993e	EDNA92	13
1cccc26c2dc7bd01f01942af641d993e	EDNA83	246
1cccc26c2dc7bd01f01942af641d993e	EDNA74	189
1cccc26c2dc7bd01f01942af641d993e	EDNA93	3
1cccc26c2dc7bd01f01942af641d993e	EDNA84	213
1cccc26c2dc7bd01f01942af641d993e	EDNA75	328
1cccc26c2dc7bd01f01942af641d993e	EDNA85	60
1cccc26c2dc7bd01f01942af641d993e	EDNA67	224
1cccc26c2dc7bd01f01942af641d993e	EDNA95	1
1cccc26c2dc7bd01f01942af641d993e	EDNA86	21
1cccc26c2dc7bd01f01942af641d993e	EDNA68	469
ef960ef87a0556d9e306e49bc506e5e2	MB22	16
ef960ef87a0556d9e306e49bc506e5e2	EDNA24	59
ef960ef87a0556d9e306e49bc506e5e2	EDNA15	12
ef960ef87a0556d9e306e49bc506e5e2	MB1	4011
ef960ef87a0556d9e306e49bc506e5e2	MB18	5
ef960ef87a0556d9e306e49bc506e5e2	MB4	3
3b32bc797d226092dfd7389044eae7b7	MB10	16
3b32bc797d226092dfd7389044eae7b7	MB9	484
3b32bc797d226092dfd7389044eae7b7	MB11	231
3b32bc797d226092dfd7389044eae7b7	MB12	9
3b32bc797d226092dfd7389044eae7b7	EDNA98	50
3b32bc797d226092dfd7389044eae7b7	MB14	28
3b32bc797d226092dfd7389044eae7b7	EDNA60	141
3b32bc797d226092dfd7389044eae7b7	MB24	19
3b32bc797d226092dfd7389044eae7b7	MB15	1425
3b32bc797d226092dfd7389044eae7b7	EDNA52	67
3b32bc797d226092dfd7389044eae7b7	MB16	12
3b32bc797d226092dfd7389044eae7b7	EDNA62	132
3b32bc797d226092dfd7389044eae7b7	EDNA48	84
3b32bc797d226092dfd7389044eae7b7	MB6	250
3b32bc797d226092dfd7389044eae7b7	EDNA58	697
3b32bc797d226092dfd7389044eae7b7	MB7	378
5d344ad9cce8d63a6efe86dccb6820be	EDNA96	2315
5d344ad9cce8d63a6efe86dccb6820be	EDNA97	86
5d344ad9cce8d63a6efe86dccb6820be	EDNA13	257
5d344ad9cce8d63a6efe86dccb6820be	MB22	100
5d344ad9cce8d63a6efe86dccb6820be	EDNA99	348
5d344ad9cce8d63a6efe86dccb6820be	MB23	236
5d344ad9cce8d63a6efe86dccb6820be	MB14	86
5d344ad9cce8d63a6efe86dccb6820be	EDNA26	166
5d344ad9cce8d63a6efe86dccb6820be	EDNA54	69
5d344ad9cce8d63a6efe86dccb6820be	EDNA45	204
5d344ad9cce8d63a6efe86dccb6820be	EDNA36	79
863631c47035bde17b71d3b8fac48e86	EDNA1	210
863631c47035bde17b71d3b8fac48e86	EDNA2	101
863631c47035bde17b71d3b8fac48e86	EDNA60	2
863631c47035bde17b71d3b8fac48e86	EDNA3	81
863631c47035bde17b71d3b8fac48e86	EDNA61	6
863631c47035bde17b71d3b8fac48e86	EDNA62	2
863631c47035bde17b71d3b8fac48e86	EDNA63	6
863631c47035bde17b71d3b8fac48e86	EDNA7	24
863631c47035bde17b71d3b8fac48e86	EDNA8	29
863631c47035bde17b71d3b8fac48e86	EDNA9	17
863631c47035bde17b71d3b8fac48e86	CTRL2	1
863631c47035bde17b71d3b8fac48e86	EDNA10	30
863631c47035bde17b71d3b8fac48e86	EDNA11	55
863631c47035bde17b71d3b8fac48e86	EDNA12	39
863631c47035bde17b71d3b8fac48e86	EDNA13	25
863631c47035bde17b71d3b8fac48e86	EDNA14	64
863631c47035bde17b71d3b8fac48e86	EDNA15	35
863631c47035bde17b71d3b8fac48e86	EDNA16	52
863631c47035bde17b71d3b8fac48e86	EDNA17	38
863631c47035bde17b71d3b8fac48e86	EDNA18	98
863631c47035bde17b71d3b8fac48e86	EDNA31	122
863631c47035bde17b71d3b8fac48e86	EDNA32	46
863631c47035bde17b71d3b8fac48e86	EDNA33	39
863631c47035bde17b71d3b8fac48e86	EDNA35	3
863631c47035bde17b71d3b8fac48e86	EDNA36	27
863631c47035bde17b71d3b8fac48e86	EDNA52	2
863631c47035bde17b71d3b8fac48e86	EDNA53	8
863631c47035bde17b71d3b8fac48e86	EDNA54	6
863631c47035bde17b71d3b8fac48e86	EDNA55	6
863631c47035bde17b71d3b8fac48e86	EDNA56	5
863631c47035bde17b71d3b8fac48e86	EDNA57	17
863631c47035bde17b71d3b8fac48e86	EDNA58	7
863631c47035bde17b71d3b8fac48e86	EDNA59	1
863631c47035bde17b71d3b8fac48e86	EDNA94	4
863631c47035bde17b71d3b8fac48e86	EDNA97	3
863631c47035bde17b71d3b8fac48e86	EDNA98	7
863631c47035bde17b71d3b8fac48e86	EDNA99	7
863631c47035bde17b71d3b8fac48e86	EDNA22	195
863631c47035bde17b71d3b8fac48e86	EDNA23	368
863631c47035bde17b71d3b8fac48e86	EDNA24	528
863631c47035bde17b71d3b8fac48e86	EDNA25	758
863631c47035bde17b71d3b8fac48e86	EDNA26	187
863631c47035bde17b71d3b8fac48e86	EDNA27	636
863631c47035bde17b71d3b8fac48e86	EDNA43	4
863631c47035bde17b71d3b8fac48e86	EDNA45	4
a8d1b6fd231ba29183b187932bad1e56	EDNA46	3
a8d1b6fd231ba29183b187932bad1e56	EDNA1	25
a8d1b6fd231ba29183b187932bad1e56	EDNA47	4
a8d1b6fd231ba29183b187932bad1e56	EDNA2	59
a8d1b6fd231ba29183b187932bad1e56	EDNA60	3
a8d1b6fd231ba29183b187932bad1e56	EDNA3	61
a8d1b6fd231ba29183b187932bad1e56	EDNA61	1
a8d1b6fd231ba29183b187932bad1e56	EDNA62	2
a8d1b6fd231ba29183b187932bad1e56	EDNA63	1
a8d1b6fd231ba29183b187932bad1e56	EDNA7	11
a8d1b6fd231ba29183b187932bad1e56	EDNA8	23
a8d1b6fd231ba29183b187932bad1e56	EDNA66	1
a8d1b6fd231ba29183b187932bad1e56	EDNA9	7
a8d1b6fd231ba29183b187932bad1e56	EDNA80	138
a8d1b6fd231ba29183b187932bad1e56	EDNA67	41
a8d1b6fd231ba29183b187932bad1e56	EDNA81	125
a8d1b6fd231ba29183b187932bad1e56	EDNA68	56
a8d1b6fd231ba29183b187932bad1e56	EDNA69	57
a8d1b6fd231ba29183b187932bad1e56	EDNA85	62
a8d1b6fd231ba29183b187932bad1e56	EDNA86	114
a8d1b6fd231ba29183b187932bad1e56	EDNA87	43
a8d1b6fd231ba29183b187932bad1e56	CTRL2	1
a8d1b6fd231ba29183b187932bad1e56	EDNA10	13
a8d1b6fd231ba29183b187932bad1e56	EDNA11	26
a8d1b6fd231ba29183b187932bad1e56	EDNA12	11
a8d1b6fd231ba29183b187932bad1e56	EDNA13	16
a8d1b6fd231ba29183b187932bad1e56	EDNA14	20
a8d1b6fd231ba29183b187932bad1e56	EDNA15	10
a8d1b6fd231ba29183b187932bad1e56	EDNA16	52
a8d1b6fd231ba29183b187932bad1e56	EDNA17	26
a8d1b6fd231ba29183b187932bad1e56	EDNA18	41
a8d1b6fd231ba29183b187932bad1e56	EDNA31	40
a8d1b6fd231ba29183b187932bad1e56	EDNA32	16
a8d1b6fd231ba29183b187932bad1e56	EDNA33	25
a8d1b6fd231ba29183b187932bad1e56	EDNA34	33
a8d1b6fd231ba29183b187932bad1e56	EDNA35	18
a8d1b6fd231ba29183b187932bad1e56	EDNA36	23
a8d1b6fd231ba29183b187932bad1e56	EDNA54	1
a8d1b6fd231ba29183b187932bad1e56	EDNA70	126
a8d1b6fd231ba29183b187932bad1e56	EDNA57	2
a8d1b6fd231ba29183b187932bad1e56	EDNA71	162
a8d1b6fd231ba29183b187932bad1e56	EDNA59	2
a8d1b6fd231ba29183b187932bad1e56	EDNA73	699
a8d1b6fd231ba29183b187932bad1e56	EDNA74	523
a8d1b6fd231ba29183b187932bad1e56	EDNA75	622
a8d1b6fd231ba29183b187932bad1e56	EDNA91	21
a8d1b6fd231ba29183b187932bad1e56	EDNA92	30
a8d1b6fd231ba29183b187932bad1e56	EDNA79	43
a8d1b6fd231ba29183b187932bad1e56	EDNA93	30
a8d1b6fd231ba29183b187932bad1e56	EDNA94	11
a8d1b6fd231ba29183b187932bad1e56	EDNA95	28
a8d1b6fd231ba29183b187932bad1e56	EDNA96	15
a8d1b6fd231ba29183b187932bad1e56	EDNA97	5
a8d1b6fd231ba29183b187932bad1e56	EDNA98	13
a8d1b6fd231ba29183b187932bad1e56	EDNA99	12
a8d1b6fd231ba29183b187932bad1e56	EDNA24	13
a8d1b6fd231ba29183b187932bad1e56	EDNA26	5
a8d1b6fd231ba29183b187932bad1e56	EDNA27	11
a8d1b6fd231ba29183b187932bad1e56	EDNA40	30
a8d1b6fd231ba29183b187932bad1e56	EDNA41	11
a8d1b6fd231ba29183b187932bad1e56	EDNA42	26
a8d1b6fd231ba29183b187932bad1e56	EDNA43	72
a8d1b6fd231ba29183b187932bad1e56	EDNA44	19
a8d1b6fd231ba29183b187932bad1e56	EDNA45	34
b540ae2541eb94250adc8dd5eabfcf75	EDNA46	35
b540ae2541eb94250adc8dd5eabfcf75	EDNA1	29
b540ae2541eb94250adc8dd5eabfcf75	EDNA47	27
b540ae2541eb94250adc8dd5eabfcf75	EDNA2	24
b540ae2541eb94250adc8dd5eabfcf75	EDNA48	10
b540ae2541eb94250adc8dd5eabfcf75	EDNA3	46
b540ae2541eb94250adc8dd5eabfcf75	EDNA63	13
b540ae2541eb94250adc8dd5eabfcf75	EDNA7	19
b540ae2541eb94250adc8dd5eabfcf75	EDNA8	13
b540ae2541eb94250adc8dd5eabfcf75	EDNA9	33
b540ae2541eb94250adc8dd5eabfcf75	EDNA80	74
b540ae2541eb94250adc8dd5eabfcf75	EDNA67	31
b540ae2541eb94250adc8dd5eabfcf75	EDNA81	93
b540ae2541eb94250adc8dd5eabfcf75	EDNA68	64
b540ae2541eb94250adc8dd5eabfcf75	EDNA82	30
b540ae2541eb94250adc8dd5eabfcf75	EDNA69	49
b540ae2541eb94250adc8dd5eabfcf75	EDNA83	26
b540ae2541eb94250adc8dd5eabfcf75	EDNA84	82
b540ae2541eb94250adc8dd5eabfcf75	EDNA85	15
b540ae2541eb94250adc8dd5eabfcf75	EDNA86	7
b540ae2541eb94250adc8dd5eabfcf75	EDNA87	9
b540ae2541eb94250adc8dd5eabfcf75	CTRL2	1
b540ae2541eb94250adc8dd5eabfcf75	EDNA10	14
b540ae2541eb94250adc8dd5eabfcf75	EDNA11	36
b540ae2541eb94250adc8dd5eabfcf75	EDNA12	13
b540ae2541eb94250adc8dd5eabfcf75	EDNA13	28
b540ae2541eb94250adc8dd5eabfcf75	EDNA14	31
b540ae2541eb94250adc8dd5eabfcf75	EDNA15	8
b540ae2541eb94250adc8dd5eabfcf75	EDNA16	11
b540ae2541eb94250adc8dd5eabfcf75	EDNA17	16
b540ae2541eb94250adc8dd5eabfcf75	EDNA18	22
b540ae2541eb94250adc8dd5eabfcf75	EDNA31	34
b540ae2541eb94250adc8dd5eabfcf75	EDNA32	30
b540ae2541eb94250adc8dd5eabfcf75	EDNA33	12
b540ae2541eb94250adc8dd5eabfcf75	EDNA34	27
b540ae2541eb94250adc8dd5eabfcf75	EDNA35	14
b540ae2541eb94250adc8dd5eabfcf75	EDNA36	26
b540ae2541eb94250adc8dd5eabfcf75	EDNA52	3
b540ae2541eb94250adc8dd5eabfcf75	EDNA54	5
b540ae2541eb94250adc8dd5eabfcf75	EDNA70	123
b540ae2541eb94250adc8dd5eabfcf75	EDNA57	3
b540ae2541eb94250adc8dd5eabfcf75	EDNA71	232
b540ae2541eb94250adc8dd5eabfcf75	EDNA58	4
b540ae2541eb94250adc8dd5eabfcf75	EDNA59	1
b540ae2541eb94250adc8dd5eabfcf75	EDNA73	559
b540ae2541eb94250adc8dd5eabfcf75	EDNA74	447
b540ae2541eb94250adc8dd5eabfcf75	EDNA75	598
b540ae2541eb94250adc8dd5eabfcf75	EDNA91	8
b540ae2541eb94250adc8dd5eabfcf75	EDNA79	21
b540ae2541eb94250adc8dd5eabfcf75	EDNA93	18
b540ae2541eb94250adc8dd5eabfcf75	EDNA98	1
b540ae2541eb94250adc8dd5eabfcf75	EDNA22	32
b540ae2541eb94250adc8dd5eabfcf75	EDNA23	96
b540ae2541eb94250adc8dd5eabfcf75	EDNA24	128
b540ae2541eb94250adc8dd5eabfcf75	EDNA25	102
b540ae2541eb94250adc8dd5eabfcf75	EDNA26	58
b540ae2541eb94250adc8dd5eabfcf75	EDNA27	81
b540ae2541eb94250adc8dd5eabfcf75	EDNA40	41
b540ae2541eb94250adc8dd5eabfcf75	EDNA41	22
b540ae2541eb94250adc8dd5eabfcf75	EDNA42	40
b540ae2541eb94250adc8dd5eabfcf75	EDNA43	29
b540ae2541eb94250adc8dd5eabfcf75	EDNA44	21
b540ae2541eb94250adc8dd5eabfcf75	EDNA45	22
d589feabf8c8783f72dd11782169b0d3	EDNA87	14
d589feabf8c8783f72dd11782169b0d3	EDNA69	80
d589feabf8c8783f72dd11782169b0d3	MB21	55
d589feabf8c8783f72dd11782169b0d3	MB12	60
d589feabf8c8783f72dd11782169b0d3	MB13	133
d589feabf8c8783f72dd11782169b0d3	MB24	1
d589feabf8c8783f72dd11782169b0d3	EDNA70	141
d589feabf8c8783f72dd11782169b0d3	EDNA43	57
d589feabf8c8783f72dd11782169b0d3	EDNA71	380
d589feabf8c8783f72dd11782169b0d3	EDNA44	104
d589feabf8c8783f72dd11782169b0d3	MB17	700
d589feabf8c8783f72dd11782169b0d3	EDNA72	1
d589feabf8c8783f72dd11782169b0d3	EDNA45	6
d589feabf8c8783f72dd11782169b0d3	MB18	1424
d589feabf8c8783f72dd11782169b0d3	MB19	287
d589feabf8c8783f72dd11782169b0d3	EDNA84	4
d589feabf8c8783f72dd11782169b0d3	EDNA75	124
d589feabf8c8783f72dd11782169b0d3	EDNA67	16
d589feabf8c8783f72dd11782169b0d3	EDNA68	159
91d0adeaeb1ba46a45811cf64b90330f	EDNA46	57
91d0adeaeb1ba46a45811cf64b90330f	EDNA1	89
91d0adeaeb1ba46a45811cf64b90330f	EDNA60	8
91d0adeaeb1ba46a45811cf64b90330f	EDNA47	90
91d0adeaeb1ba46a45811cf64b90330f	EDNA2	30
91d0adeaeb1ba46a45811cf64b90330f	EDNA61	87
91d0adeaeb1ba46a45811cf64b90330f	EDNA48	33
91d0adeaeb1ba46a45811cf64b90330f	EDNA3	76
91d0adeaeb1ba46a45811cf64b90330f	EDNA62	63
91d0adeaeb1ba46a45811cf64b90330f	EDNA63	96
91d0adeaeb1ba46a45811cf64b90330f	EDNA7	85
91d0adeaeb1ba46a45811cf64b90330f	EDNA8	68
91d0adeaeb1ba46a45811cf64b90330f	EDNA9	30
91d0adeaeb1ba46a45811cf64b90330f	EDNA80	5
91d0adeaeb1ba46a45811cf64b90330f	EDNA81	5
91d0adeaeb1ba46a45811cf64b90330f	EDNA82	4
91d0adeaeb1ba46a45811cf64b90330f	EDNA85	2
91d0adeaeb1ba46a45811cf64b90330f	EDNA86	2
91d0adeaeb1ba46a45811cf64b90330f	MB13	2
91d0adeaeb1ba46a45811cf64b90330f	MB2	3
91d0adeaeb1ba46a45811cf64b90330f	EDNA10	22
91d0adeaeb1ba46a45811cf64b90330f	EDNA11	52
91d0adeaeb1ba46a45811cf64b90330f	EDNA12	15
91d0adeaeb1ba46a45811cf64b90330f	EDNA13	56
91d0adeaeb1ba46a45811cf64b90330f	EDNA14	41
91d0adeaeb1ba46a45811cf64b90330f	EDNA15	13
91d0adeaeb1ba46a45811cf64b90330f	EDNA16	27
91d0adeaeb1ba46a45811cf64b90330f	EDNA17	51
91d0adeaeb1ba46a45811cf64b90330f	EDNA18	13
91d0adeaeb1ba46a45811cf64b90330f	EDNA31	27
91d0adeaeb1ba46a45811cf64b90330f	EDNA32	11
91d0adeaeb1ba46a45811cf64b90330f	EDNA33	12
91d0adeaeb1ba46a45811cf64b90330f	EDNA34	33
91d0adeaeb1ba46a45811cf64b90330f	EDNA35	70
91d0adeaeb1ba46a45811cf64b90330f	EDNA36	7
91d0adeaeb1ba46a45811cf64b90330f	EDNA52	79
91d0adeaeb1ba46a45811cf64b90330f	EDNA53	72
91d0adeaeb1ba46a45811cf64b90330f	EDNA54	115
91d0adeaeb1ba46a45811cf64b90330f	EDNA55	82
91d0adeaeb1ba46a45811cf64b90330f	EDNA56	66
91d0adeaeb1ba46a45811cf64b90330f	EDNA57	116
91d0adeaeb1ba46a45811cf64b90330f	EDNA58	52
91d0adeaeb1ba46a45811cf64b90330f	EDNA59	20
91d0adeaeb1ba46a45811cf64b90330f	EDNA91	33
91d0adeaeb1ba46a45811cf64b90330f	EDNA92	38
91d0adeaeb1ba46a45811cf64b90330f	EDNA93	132
91d0adeaeb1ba46a45811cf64b90330f	EDNA94	51
91d0adeaeb1ba46a45811cf64b90330f	EDNA95	60
91d0adeaeb1ba46a45811cf64b90330f	EDNA96	63
91d0adeaeb1ba46a45811cf64b90330f	EDNA97	71
91d0adeaeb1ba46a45811cf64b90330f	EDNA98	48
91d0adeaeb1ba46a45811cf64b90330f	EDNA99	20
91d0adeaeb1ba46a45811cf64b90330f	EDNA22	44
91d0adeaeb1ba46a45811cf64b90330f	EDNA23	135
91d0adeaeb1ba46a45811cf64b90330f	EDNA24	71
91d0adeaeb1ba46a45811cf64b90330f	EDNA25	89
91d0adeaeb1ba46a45811cf64b90330f	EDNA26	46
91d0adeaeb1ba46a45811cf64b90330f	EDNA27	54
91d0adeaeb1ba46a45811cf64b90330f	EDNA40	293
91d0adeaeb1ba46a45811cf64b90330f	EDNA41	180
91d0adeaeb1ba46a45811cf64b90330f	EDNA42	138
91d0adeaeb1ba46a45811cf64b90330f	EDNA43	61
91d0adeaeb1ba46a45811cf64b90330f	EDNA44	106
91d0adeaeb1ba46a45811cf64b90330f	EDNA45	77
c82d961f85599b3cd3a51fde53dfc7b0	EDNA46	14
c82d961f85599b3cd3a51fde53dfc7b0	EDNA47	14
c82d961f85599b3cd3a51fde53dfc7b0	EDNA60	1
c82d961f85599b3cd3a51fde53dfc7b0	EDNA48	9
c82d961f85599b3cd3a51fde53dfc7b0	EDNA61	33
c82d961f85599b3cd3a51fde53dfc7b0	EDNA62	20
c82d961f85599b3cd3a51fde53dfc7b0	EDNA63	21
c82d961f85599b3cd3a51fde53dfc7b0	EDNA87	1
c82d961f85599b3cd3a51fde53dfc7b0	EDNA13	12
c82d961f85599b3cd3a51fde53dfc7b0	EDNA14	22
c82d961f85599b3cd3a51fde53dfc7b0	EDNA15	13
c82d961f85599b3cd3a51fde53dfc7b0	EDNA16	9
c82d961f85599b3cd3a51fde53dfc7b0	EDNA17	13
c82d961f85599b3cd3a51fde53dfc7b0	EDNA18	7
c82d961f85599b3cd3a51fde53dfc7b0	EDNA34	45
c82d961f85599b3cd3a51fde53dfc7b0	EDNA35	59
c82d961f85599b3cd3a51fde53dfc7b0	EDNA36	96
c82d961f85599b3cd3a51fde53dfc7b0	EDNA52	8
c82d961f85599b3cd3a51fde53dfc7b0	EDNA53	4
c82d961f85599b3cd3a51fde53dfc7b0	EDNA55	13
c82d961f85599b3cd3a51fde53dfc7b0	EDNA56	11
c82d961f85599b3cd3a51fde53dfc7b0	EDNA57	7
c82d961f85599b3cd3a51fde53dfc7b0	EDNA58	15
c82d961f85599b3cd3a51fde53dfc7b0	EDNA59	12
c82d961f85599b3cd3a51fde53dfc7b0	EDNA92	6
c82d961f85599b3cd3a51fde53dfc7b0	EDNA93	8
c82d961f85599b3cd3a51fde53dfc7b0	EDNA94	15
c82d961f85599b3cd3a51fde53dfc7b0	EDNA95	4
c82d961f85599b3cd3a51fde53dfc7b0	EDNA96	25
c82d961f85599b3cd3a51fde53dfc7b0	EDNA97	11
c82d961f85599b3cd3a51fde53dfc7b0	EDNA98	11
c82d961f85599b3cd3a51fde53dfc7b0	EDNA99	8
c82d961f85599b3cd3a51fde53dfc7b0	EDNA22	467
c82d961f85599b3cd3a51fde53dfc7b0	EDNA23	438
c82d961f85599b3cd3a51fde53dfc7b0	EDNA24	634
c82d961f85599b3cd3a51fde53dfc7b0	EDNA25	593
c82d961f85599b3cd3a51fde53dfc7b0	EDNA26	229
c82d961f85599b3cd3a51fde53dfc7b0	EDNA27	597
c82d961f85599b3cd3a51fde53dfc7b0	EDNA40	36
c82d961f85599b3cd3a51fde53dfc7b0	EDNA41	12
c82d961f85599b3cd3a51fde53dfc7b0	EDNA42	35
c82d961f85599b3cd3a51fde53dfc7b0	EDNA43	21
c82d961f85599b3cd3a51fde53dfc7b0	EDNA44	6
c82d961f85599b3cd3a51fde53dfc7b0	EDNA45	2
9b1fbe82ce03bf9327f6fbb5c4d8f762	EDNA69	1124
9b1fbe82ce03bf9327f6fbb5c4d8f762	MB17	551
9b1fbe82ce03bf9327f6fbb5c4d8f762	MB18	64
9b1fbe82ce03bf9327f6fbb5c4d8f762	EDNA68	1823
2ef799670f8a7d6b84f93f340143a728	MB10	848
2ef799670f8a7d6b84f93f340143a728	MB16	2685
6c28990a5f2ba65c26cdd387fc335f6f	MB8	30
6c28990a5f2ba65c26cdd387fc335f6f	MB9	259
6c28990a5f2ba65c26cdd387fc335f6f	MB13	18
6c28990a5f2ba65c26cdd387fc335f6f	MB23	5
6c28990a5f2ba65c26cdd387fc335f6f	MB14	8
6c28990a5f2ba65c26cdd387fc335f6f	MB24	21
6c28990a5f2ba65c26cdd387fc335f6f	MB25	1921
6c28990a5f2ba65c26cdd387fc335f6f	MB16	38
6c28990a5f2ba65c26cdd387fc335f6f	EDNA94	435
6c28990a5f2ba65c26cdd387fc335f6f	MB7	714
be8dc1271132728b62d899f6fe83b643	EDNA46	254
be8dc1271132728b62d899f6fe83b643	EDNA47	917
be8dc1271132728b62d899f6fe83b643	EDNA2	9
be8dc1271132728b62d899f6fe83b643	EDNA48	181
be8dc1271132728b62d899f6fe83b643	EDNA61	1
be8dc1271132728b62d899f6fe83b643	EDNA62	2
be8dc1271132728b62d899f6fe83b643	EDNA63	7
be8dc1271132728b62d899f6fe83b643	EDNA68	21
be8dc1271132728b62d899f6fe83b643	EDNA82	3
be8dc1271132728b62d899f6fe83b643	EDNA83	27
be8dc1271132728b62d899f6fe83b643	EDNA84	1
be8dc1271132728b62d899f6fe83b643	EDNA85	2
be8dc1271132728b62d899f6fe83b643	EDNA87	2
be8dc1271132728b62d899f6fe83b643	MB13	25
be8dc1271132728b62d899f6fe83b643	MB2	1
be8dc1271132728b62d899f6fe83b643	MB4	5
be8dc1271132728b62d899f6fe83b643	EDNA12	1
be8dc1271132728b62d899f6fe83b643	EDNA13	13
be8dc1271132728b62d899f6fe83b643	EDNA14	4
be8dc1271132728b62d899f6fe83b643	EDNA15	11
be8dc1271132728b62d899f6fe83b643	EDNA36	12
be8dc1271132728b62d899f6fe83b643	EDNA54	1
be8dc1271132728b62d899f6fe83b643	EDNA55	2
be8dc1271132728b62d899f6fe83b643	EDNA56	8
be8dc1271132728b62d899f6fe83b643	EDNA71	9
be8dc1271132728b62d899f6fe83b643	EDNA59	4
be8dc1271132728b62d899f6fe83b643	EDNA73	96
be8dc1271132728b62d899f6fe83b643	EDNA74	241
be8dc1271132728b62d899f6fe83b643	EDNA75	96
be8dc1271132728b62d899f6fe83b643	EDNA79	4
be8dc1271132728b62d899f6fe83b643	EDNA97	6
be8dc1271132728b62d899f6fe83b643	EDNA98	3
be8dc1271132728b62d899f6fe83b643	MB20	1
be8dc1271132728b62d899f6fe83b643	EDNA24	3
be8dc1271132728b62d899f6fe83b643	EDNA25	27
be8dc1271132728b62d899f6fe83b643	EDNA26	12
be8dc1271132728b62d899f6fe83b643	EDNA40	129
be8dc1271132728b62d899f6fe83b643	EDNA41	227
be8dc1271132728b62d899f6fe83b643	EDNA42	37
be8dc1271132728b62d899f6fe83b643	EDNA43	303
be8dc1271132728b62d899f6fe83b643	EDNA44	611
be8dc1271132728b62d899f6fe83b643	EDNA45	94
1baa74c4f327071c8d90ff9ec398f1a8	EDNA97	45
1baa74c4f327071c8d90ff9ec398f1a8	EDNA41	53
1baa74c4f327071c8d90ff9ec398f1a8	EDNA32	42
1baa74c4f327071c8d90ff9ec398f1a8	EDNA1	2931
1baa74c4f327071c8d90ff9ec398f1a8	MB25	146
1baa74c4f327071c8d90ff9ec398f1a8	EDNA56	195
53814ac04567f8e2287c46b0b52f47f1	EDNA46	113
53814ac04567f8e2287c46b0b52f47f1	EDNA47	788
53814ac04567f8e2287c46b0b52f47f1	EDNA2	64
53814ac04567f8e2287c46b0b52f47f1	EDNA48	228
53814ac04567f8e2287c46b0b52f47f1	EDNA3	16
53814ac04567f8e2287c46b0b52f47f1	EDNA61	9
53814ac04567f8e2287c46b0b52f47f1	EDNA62	5
53814ac04567f8e2287c46b0b52f47f1	EDNA63	4
53814ac04567f8e2287c46b0b52f47f1	EDNA7	9
53814ac04567f8e2287c46b0b52f47f1	EDNA8	47
53814ac04567f8e2287c46b0b52f47f1	EDNA9	51
53814ac04567f8e2287c46b0b52f47f1	EDNA80	2
53814ac04567f8e2287c46b0b52f47f1	EDNA67	15
53814ac04567f8e2287c46b0b52f47f1	EDNA68	3
53814ac04567f8e2287c46b0b52f47f1	EDNA82	13
53814ac04567f8e2287c46b0b52f47f1	EDNA85	17
53814ac04567f8e2287c46b0b52f47f1	EDNA86	9
53814ac04567f8e2287c46b0b52f47f1	EDNA87	1
53814ac04567f8e2287c46b0b52f47f1	MB11	2
53814ac04567f8e2287c46b0b52f47f1	MB13	13
53814ac04567f8e2287c46b0b52f47f1	MB1	8
53814ac04567f8e2287c46b0b52f47f1	MB2	56
53814ac04567f8e2287c46b0b52f47f1	MB4	42
53814ac04567f8e2287c46b0b52f47f1	MB6	12
53814ac04567f8e2287c46b0b52f47f1	MB8	1
53814ac04567f8e2287c46b0b52f47f1	EDNA10	10
53814ac04567f8e2287c46b0b52f47f1	EDNA11	16
53814ac04567f8e2287c46b0b52f47f1	EDNA13	22
53814ac04567f8e2287c46b0b52f47f1	EDNA14	22
53814ac04567f8e2287c46b0b52f47f1	EDNA15	16
53814ac04567f8e2287c46b0b52f47f1	EDNA16	5
53814ac04567f8e2287c46b0b52f47f1	EDNA17	11
53814ac04567f8e2287c46b0b52f47f1	EDNA18	40
53814ac04567f8e2287c46b0b52f47f1	EDNA31	8
53814ac04567f8e2287c46b0b52f47f1	EDNA52	17
53814ac04567f8e2287c46b0b52f47f1	EDNA53	7
53814ac04567f8e2287c46b0b52f47f1	EDNA55	22
53814ac04567f8e2287c46b0b52f47f1	EDNA56	13
53814ac04567f8e2287c46b0b52f47f1	EDNA70	58
53814ac04567f8e2287c46b0b52f47f1	EDNA58	7
53814ac04567f8e2287c46b0b52f47f1	EDNA59	2
53814ac04567f8e2287c46b0b52f47f1	EDNA73	138
53814ac04567f8e2287c46b0b52f47f1	EDNA91	9
53814ac04567f8e2287c46b0b52f47f1	EDNA92	4
53814ac04567f8e2287c46b0b52f47f1	EDNA79	8
53814ac04567f8e2287c46b0b52f47f1	EDNA93	44
53814ac04567f8e2287c46b0b52f47f1	EDNA94	17
53814ac04567f8e2287c46b0b52f47f1	EDNA98	6
53814ac04567f8e2287c46b0b52f47f1	MB23	3
53814ac04567f8e2287c46b0b52f47f1	EDNA22	19
53814ac04567f8e2287c46b0b52f47f1	EDNA24	34
53814ac04567f8e2287c46b0b52f47f1	EDNA25	42
53814ac04567f8e2287c46b0b52f47f1	EDNA26	31
53814ac04567f8e2287c46b0b52f47f1	EDNA27	47
53814ac04567f8e2287c46b0b52f47f1	EDNA40	115
53814ac04567f8e2287c46b0b52f47f1	EDNA41	404
53814ac04567f8e2287c46b0b52f47f1	EDNA42	17
53814ac04567f8e2287c46b0b52f47f1	EDNA43	134
53814ac04567f8e2287c46b0b52f47f1	EDNA44	447
53814ac04567f8e2287c46b0b52f47f1	EDNA45	54
7cb4c362ff1413206cf50f57b5ed1ccb	EDNA96	32
7cb4c362ff1413206cf50f57b5ed1ccb	EDNA87	95
7cb4c362ff1413206cf50f57b5ed1ccb	EDNA79	102
7cb4c362ff1413206cf50f57b5ed1ccb	EDNA80	246
7cb4c362ff1413206cf50f57b5ed1ccb	EDNA44	3
7cb4c362ff1413206cf50f57b5ed1ccb	EDNA81	309
7cb4c362ff1413206cf50f57b5ed1ccb	EDNA91	111
7cb4c362ff1413206cf50f57b5ed1ccb	EDNA82	63
7cb4c362ff1413206cf50f57b5ed1ccb	EDNA73	290
7cb4c362ff1413206cf50f57b5ed1ccb	EDNA92	135
7cb4c362ff1413206cf50f57b5ed1ccb	EDNA83	31
7cb4c362ff1413206cf50f57b5ed1ccb	EDNA74	428
7cb4c362ff1413206cf50f57b5ed1ccb	EDNA93	169
7cb4c362ff1413206cf50f57b5ed1ccb	EDNA84	63
7cb4c362ff1413206cf50f57b5ed1ccb	EDNA75	789
7cb4c362ff1413206cf50f57b5ed1ccb	EDNA94	11
7cb4c362ff1413206cf50f57b5ed1ccb	EDNA85	123
7cb4c362ff1413206cf50f57b5ed1ccb	EDNA95	13
7cb4c362ff1413206cf50f57b5ed1ccb	EDNA86	350
c15f92544d5f6e286914c8e5c0b8ec13	EDNA96	4
c15f92544d5f6e286914c8e5c0b8ec13	EDNA87	23
c15f92544d5f6e286914c8e5c0b8ec13	EDNA69	124
c15f92544d5f6e286914c8e5c0b8ec13	EDNA79	17
c15f92544d5f6e286914c8e5c0b8ec13	EDNA70	133
c15f92544d5f6e286914c8e5c0b8ec13	EDNA25	1
c15f92544d5f6e286914c8e5c0b8ec13	EDNA80	4
c15f92544d5f6e286914c8e5c0b8ec13	EDNA71	363
c15f92544d5f6e286914c8e5c0b8ec13	EDNA81	101
c15f92544d5f6e286914c8e5c0b8ec13	EDNA91	22
c15f92544d5f6e286914c8e5c0b8ec13	EDNA73	889
c15f92544d5f6e286914c8e5c0b8ec13	EDNA92	16
c15f92544d5f6e286914c8e5c0b8ec13	EDNA74	852
c15f92544d5f6e286914c8e5c0b8ec13	EDNA93	14
c15f92544d5f6e286914c8e5c0b8ec13	EDNA75	424
c15f92544d5f6e286914c8e5c0b8ec13	EDNA48	3
c15f92544d5f6e286914c8e5c0b8ec13	EDNA94	3
c15f92544d5f6e286914c8e5c0b8ec13	EDNA85	37
c15f92544d5f6e286914c8e5c0b8ec13	EDNA67	195
c15f92544d5f6e286914c8e5c0b8ec13	EDNA95	5
c15f92544d5f6e286914c8e5c0b8ec13	EDNA86	44
c15f92544d5f6e286914c8e5c0b8ec13	EDNA68	55
f18c00d722515245810fd200ba7f03ca	EDNA96	13
f18c00d722515245810fd200ba7f03ca	MB11	20
f18c00d722515245810fd200ba7f03ca	MB21	3103
f18c00d722515245810fd200ba7f03ca	MB12	151
f18c00d722515245810fd200ba7f03ca	EDNA99	17
f18c00d722515245810fd200ba7f03ca	EDNA61	7
1257654ed1d64299eefa266464c2282d	MB8	29
1257654ed1d64299eefa266464c2282d	MB10	10
1257654ed1d64299eefa266464c2282d	MB9	227
1257654ed1d64299eefa266464c2282d	MB20	36
1257654ed1d64299eefa266464c2282d	MB21	3
1257654ed1d64299eefa266464c2282d	MB12	91
1257654ed1d64299eefa266464c2282d	EDNA13	18
1257654ed1d64299eefa266464c2282d	MB22	28
1257654ed1d64299eefa266464c2282d	MB13	320
1257654ed1d64299eefa266464c2282d	EDNA99	63
1257654ed1d64299eefa266464c2282d	EDNA41	471
1257654ed1d64299eefa266464c2282d	MB23	65
1257654ed1d64299eefa266464c2282d	MB14	76
1257654ed1d64299eefa266464c2282d	EDNA60	106
1257654ed1d64299eefa266464c2282d	EDNA15	42
1257654ed1d64299eefa266464c2282d	MB24	23
1257654ed1d64299eefa266464c2282d	MB15	57
1257654ed1d64299eefa266464c2282d	EDNA61	3
1257654ed1d64299eefa266464c2282d	EDNA16	53
1257654ed1d64299eefa266464c2282d	MB1	76
1257654ed1d64299eefa266464c2282d	MB16	151
1257654ed1d64299eefa266464c2282d	EDNA80	6
1257654ed1d64299eefa266464c2282d	EDNA62	16
1257654ed1d64299eefa266464c2282d	EDNA44	230
1257654ed1d64299eefa266464c2282d	EDNA26	58
1257654ed1d64299eefa266464c2282d	MB2	92
1257654ed1d64299eefa266464c2282d	EDNA63	1
1257654ed1d64299eefa266464c2282d	EDNA27	781
1257654ed1d64299eefa266464c2282d	EDNA82	11
1257654ed1d64299eefa266464c2282d	EDNA19	1
1257654ed1d64299eefa266464c2282d	MB4	63
1257654ed1d64299eefa266464c2282d	EDNA56	12
1257654ed1d64299eefa266464c2282d	EDNA93	49
1257654ed1d64299eefa266464c2282d	EDNA57	7
1257654ed1d64299eefa266464c2282d	MB6	18
1257654ed1d64299eefa266464c2282d	EDNA59	7
7b40a526a59b5a9c0f7b7389bda99595	EDNA96	13
7b40a526a59b5a9c0f7b7389bda99595	EDNA87	26
7b40a526a59b5a9c0f7b7389bda99595	EDNA69	3
7b40a526a59b5a9c0f7b7389bda99595	EDNA79	122
7b40a526a59b5a9c0f7b7389bda99595	EDNA70	78
7b40a526a59b5a9c0f7b7389bda99595	EDNA80	10
7b40a526a59b5a9c0f7b7389bda99595	EDNA71	33
7b40a526a59b5a9c0f7b7389bda99595	EDNA53	2
7b40a526a59b5a9c0f7b7389bda99595	EDNA44	19
7b40a526a59b5a9c0f7b7389bda99595	EDNA81	37
7b40a526a59b5a9c0f7b7389bda99595	EDNA36	2
7b40a526a59b5a9c0f7b7389bda99595	MB18	7
7b40a526a59b5a9c0f7b7389bda99595	EDNA91	54
7b40a526a59b5a9c0f7b7389bda99595	EDNA82	166
7b40a526a59b5a9c0f7b7389bda99595	EDNA73	827
7b40a526a59b5a9c0f7b7389bda99595	EDNA55	2
7b40a526a59b5a9c0f7b7389bda99595	MB19	5
7b40a526a59b5a9c0f7b7389bda99595	EDNA92	31
7b40a526a59b5a9c0f7b7389bda99595	EDNA83	267
7b40a526a59b5a9c0f7b7389bda99595	EDNA74	679
7b40a526a59b5a9c0f7b7389bda99595	EDNA47	4
7b40a526a59b5a9c0f7b7389bda99595	EDNA93	91
7b40a526a59b5a9c0f7b7389bda99595	EDNA84	82
7b40a526a59b5a9c0f7b7389bda99595	EDNA75	445
7b40a526a59b5a9c0f7b7389bda99595	EDNA94	20
7b40a526a59b5a9c0f7b7389bda99595	EDNA85	82
7b40a526a59b5a9c0f7b7389bda99595	EDNA67	68
7b40a526a59b5a9c0f7b7389bda99595	EDNA95	6
7b40a526a59b5a9c0f7b7389bda99595	EDNA86	65
7b40a526a59b5a9c0f7b7389bda99595	EDNA68	18
75ccaef97fa5be5b1080849c3d1cbc79	EDNA87	17
75ccaef97fa5be5b1080849c3d1cbc79	EDNA69	320
75ccaef97fa5be5b1080849c3d1cbc79	MB20	7
75ccaef97fa5be5b1080849c3d1cbc79	MB22	1
75ccaef97fa5be5b1080849c3d1cbc79	EDNA70	10
75ccaef97fa5be5b1080849c3d1cbc79	EDNA80	27
75ccaef97fa5be5b1080849c3d1cbc79	EDNA71	255
75ccaef97fa5be5b1080849c3d1cbc79	MB17	267
75ccaef97fa5be5b1080849c3d1cbc79	MB18	223
75ccaef97fa5be5b1080849c3d1cbc79	EDNA73	3
75ccaef97fa5be5b1080849c3d1cbc79	MB19	351
75ccaef97fa5be5b1080849c3d1cbc79	EDNA74	1091
75ccaef97fa5be5b1080849c3d1cbc79	EDNA75	234
75ccaef97fa5be5b1080849c3d1cbc79	EDNA67	86
75ccaef97fa5be5b1080849c3d1cbc79	EDNA68	356
6ea5c3ffa3a2b9f716f8abd266795800	EDNA63	2
6ea5c3ffa3a2b9f716f8abd266795800	EDNA80	266
6ea5c3ffa3a2b9f716f8abd266795800	EDNA81	367
6ea5c3ffa3a2b9f716f8abd266795800	EDNA82	2
6ea5c3ffa3a2b9f716f8abd266795800	EDNA69	1
6ea5c3ffa3a2b9f716f8abd266795800	EDNA84	5
6ea5c3ffa3a2b9f716f8abd266795800	EDNA85	77
6ea5c3ffa3a2b9f716f8abd266795800	EDNA86	78
6ea5c3ffa3a2b9f716f8abd266795800	EDNA87	28
6ea5c3ffa3a2b9f716f8abd266795800	MB12	5
6ea5c3ffa3a2b9f716f8abd266795800	MB13	2
6ea5c3ffa3a2b9f716f8abd266795800	MB19	21
6ea5c3ffa3a2b9f716f8abd266795800	EDNA35	1
6ea5c3ffa3a2b9f716f8abd266795800	EDNA54	2
6ea5c3ffa3a2b9f716f8abd266795800	EDNA70	14
6ea5c3ffa3a2b9f716f8abd266795800	EDNA71	4
6ea5c3ffa3a2b9f716f8abd266795800	EDNA73	241
6ea5c3ffa3a2b9f716f8abd266795800	EDNA74	148
6ea5c3ffa3a2b9f716f8abd266795800	EDNA75	217
6ea5c3ffa3a2b9f716f8abd266795800	EDNA91	44
6ea5c3ffa3a2b9f716f8abd266795800	EDNA92	45
6ea5c3ffa3a2b9f716f8abd266795800	EDNA79	47
6ea5c3ffa3a2b9f716f8abd266795800	EDNA93	48
6ea5c3ffa3a2b9f716f8abd266795800	EDNA94	12
6ea5c3ffa3a2b9f716f8abd266795800	EDNA95	6
6ea5c3ffa3a2b9f716f8abd266795800	EDNA96	13
6ea5c3ffa3a2b9f716f8abd266795800	EDNA97	9
6ea5c3ffa3a2b9f716f8abd266795800	EDNA98	3
6ea5c3ffa3a2b9f716f8abd266795800	EDNA99	2
6ea5c3ffa3a2b9f716f8abd266795800	MB20	25
6ea5c3ffa3a2b9f716f8abd266795800	MB21	1
6ea5c3ffa3a2b9f716f8abd266795800	MB22	1
6ea5c3ffa3a2b9f716f8abd266795800	MB23	3
6ea5c3ffa3a2b9f716f8abd266795800	EDNA22	2
6ea5c3ffa3a2b9f716f8abd266795800	EDNA40	84
6ea5c3ffa3a2b9f716f8abd266795800	EDNA41	53
6ea5c3ffa3a2b9f716f8abd266795800	EDNA42	104
6ea5c3ffa3a2b9f716f8abd266795800	EDNA43	606
6ea5c3ffa3a2b9f716f8abd266795800	EDNA44	222
6ea5c3ffa3a2b9f716f8abd266795800	EDNA45	368
2c92a8853e7ed5725ceacd7cff1c501e	MB10	101
2c92a8853e7ed5725ceacd7cff1c501e	EDNA87	53
2c92a8853e7ed5725ceacd7cff1c501e	MB9	172
2c92a8853e7ed5725ceacd7cff1c501e	MB20	93
2c92a8853e7ed5725ceacd7cff1c501e	EDNA79	54
2c92a8853e7ed5725ceacd7cff1c501e	MB12	123
2c92a8853e7ed5725ceacd7cff1c501e	EDNA13	39
2c92a8853e7ed5725ceacd7cff1c501e	MB22	121
2c92a8853e7ed5725ceacd7cff1c501e	EDNA41	154
2c92a8853e7ed5725ceacd7cff1c501e	EDNA14	64
2c92a8853e7ed5725ceacd7cff1c501e	MB23	116
2c92a8853e7ed5725ceacd7cff1c501e	MB14	111
2c92a8853e7ed5725ceacd7cff1c501e	EDNA60	61
2c92a8853e7ed5725ceacd7cff1c501e	EDNA42	54
2c92a8853e7ed5725ceacd7cff1c501e	EDNA15	35
2c92a8853e7ed5725ceacd7cff1c501e	MB24	79
2c92a8853e7ed5725ceacd7cff1c501e	MB15	260
2c92a8853e7ed5725ceacd7cff1c501e	EDNA61	11
2c92a8853e7ed5725ceacd7cff1c501e	EDNA43	33
2c92a8853e7ed5725ceacd7cff1c501e	EDNA2	30
2c92a8853e7ed5725ceacd7cff1c501e	MB25	87
2c92a8853e7ed5725ceacd7cff1c501e	MB1	72
2c92a8853e7ed5725ceacd7cff1c501e	EDNA80	57
2c92a8853e7ed5725ceacd7cff1c501e	EDNA53	22
2c92a8853e7ed5725ceacd7cff1c501e	EDNA44	204
2c92a8853e7ed5725ceacd7cff1c501e	EDNA35	38
2c92a8853e7ed5725ceacd7cff1c501e	MB2	78
2c92a8853e7ed5725ceacd7cff1c501e	EDNA54	30
2c92a8853e7ed5725ceacd7cff1c501e	EDNA36	31
2c92a8853e7ed5725ceacd7cff1c501e	EDNA27	62
2c92a8853e7ed5725ceacd7cff1c501e	EDNA46	68
2c92a8853e7ed5725ceacd7cff1c501e	MB4	152
2c92a8853e7ed5725ceacd7cff1c501e	EDNA56	13
2c92a8853e7ed5725ceacd7cff1c501e	MB6	238
2c92a8853e7ed5725ceacd7cff1c501e	EDNA86	134
2c92a8853e7ed5725ceacd7cff1c501e	EDNA59	48
2c92a8853e7ed5725ceacd7cff1c501e	EDNA10	37
835754ed468ce5ea9a28232374a730ac	EDNA11	94
835754ed468ce5ea9a28232374a730ac	EDNA12	78
835754ed468ce5ea9a28232374a730ac	EDNA40	6
835754ed468ce5ea9a28232374a730ac	EDNA22	152
835754ed468ce5ea9a28232374a730ac	EDNA13	17
835754ed468ce5ea9a28232374a730ac	EDNA41	9
835754ed468ce5ea9a28232374a730ac	EDNA23	278
835754ed468ce5ea9a28232374a730ac	EDNA14	32
835754ed468ce5ea9a28232374a730ac	CTRL2	1
835754ed468ce5ea9a28232374a730ac	EDNA42	6
835754ed468ce5ea9a28232374a730ac	EDNA24	376
835754ed468ce5ea9a28232374a730ac	EDNA1	223
835754ed468ce5ea9a28232374a730ac	EDNA15	15
835754ed468ce5ea9a28232374a730ac	EDNA61	1
835754ed468ce5ea9a28232374a730ac	EDNA52	6
835754ed468ce5ea9a28232374a730ac	EDNA43	53
835754ed468ce5ea9a28232374a730ac	EDNA2	117
835754ed468ce5ea9a28232374a730ac	EDNA25	396
835754ed468ce5ea9a28232374a730ac	EDNA16	33
835754ed468ce5ea9a28232374a730ac	EDNA44	6
835754ed468ce5ea9a28232374a730ac	EDNA3	126
835754ed468ce5ea9a28232374a730ac	EDNA35	15
835754ed468ce5ea9a28232374a730ac	EDNA26	94
835754ed468ce5ea9a28232374a730ac	EDNA17	47
835754ed468ce5ea9a28232374a730ac	EDNA45	3
835754ed468ce5ea9a28232374a730ac	EDNA27	251
835754ed468ce5ea9a28232374a730ac	EDNA18	75
835754ed468ce5ea9a28232374a730ac	EDNA73	4
835754ed468ce5ea9a28232374a730ac	EDNA92	4
835754ed468ce5ea9a28232374a730ac	EDNA93	4
835754ed468ce5ea9a28232374a730ac	EDNA7	173
835754ed468ce5ea9a28232374a730ac	EDNA75	12
835754ed468ce5ea9a28232374a730ac	EDNA8	117
835754ed468ce5ea9a28232374a730ac	EDNA9	139
835754ed468ce5ea9a28232374a730ac	EDNA10	82
64d478bdb8f8bd7ff7590c4e381d633f	EDNA1	1
64d478bdb8f8bd7ff7590c4e381d633f	EDNA47	4
64d478bdb8f8bd7ff7590c4e381d633f	EDNA7	2
64d478bdb8f8bd7ff7590c4e381d633f	EDNA67	25
64d478bdb8f8bd7ff7590c4e381d633f	EDNA80	22
64d478bdb8f8bd7ff7590c4e381d633f	EDNA68	117
64d478bdb8f8bd7ff7590c4e381d633f	EDNA81	65
64d478bdb8f8bd7ff7590c4e381d633f	EDNA69	97
64d478bdb8f8bd7ff7590c4e381d633f	EDNA85	11
64d478bdb8f8bd7ff7590c4e381d633f	EDNA86	13
64d478bdb8f8bd7ff7590c4e381d633f	EDNA87	8
64d478bdb8f8bd7ff7590c4e381d633f	MB12	3
64d478bdb8f8bd7ff7590c4e381d633f	MB1	2
64d478bdb8f8bd7ff7590c4e381d633f	MB17	42
64d478bdb8f8bd7ff7590c4e381d633f	MB18	19
64d478bdb8f8bd7ff7590c4e381d633f	MB19	102
64d478bdb8f8bd7ff7590c4e381d633f	MB7	51
64d478bdb8f8bd7ff7590c4e381d633f	MB8	7
64d478bdb8f8bd7ff7590c4e381d633f	EDNA70	117
64d478bdb8f8bd7ff7590c4e381d633f	EDNA71	224
64d478bdb8f8bd7ff7590c4e381d633f	EDNA73	755
64d478bdb8f8bd7ff7590c4e381d633f	EDNA74	621
64d478bdb8f8bd7ff7590c4e381d633f	EDNA75	523
64d478bdb8f8bd7ff7590c4e381d633f	EDNA91	9
64d478bdb8f8bd7ff7590c4e381d633f	EDNA92	7
64d478bdb8f8bd7ff7590c4e381d633f	EDNA79	20
64d478bdb8f8bd7ff7590c4e381d633f	EDNA93	6
64d478bdb8f8bd7ff7590c4e381d633f	MB20	9
64d478bdb8f8bd7ff7590c4e381d633f	MB22	1
64d478bdb8f8bd7ff7590c4e381d633f	MB23	3
64d478bdb8f8bd7ff7590c4e381d633f	MB25	1
64d478bdb8f8bd7ff7590c4e381d633f	EDNA22	16
64d478bdb8f8bd7ff7590c4e381d633f	EDNA24	8
64d478bdb8f8bd7ff7590c4e381d633f	EDNA25	12
64d478bdb8f8bd7ff7590c4e381d633f	EDNA27	1
64d478bdb8f8bd7ff7590c4e381d633f	EDNA40	13
64d478bdb8f8bd7ff7590c4e381d633f	EDNA41	12
64d478bdb8f8bd7ff7590c4e381d633f	EDNA42	22
64d478bdb8f8bd7ff7590c4e381d633f	EDNA43	12
64d478bdb8f8bd7ff7590c4e381d633f	EDNA44	8
64d478bdb8f8bd7ff7590c4e381d633f	EDNA45	21
1001833dcd08df7676b852769649cc97	EDNA87	5
1001833dcd08df7676b852769649cc97	EDNA69	149
1001833dcd08df7676b852769649cc97	MB20	8
1001833dcd08df7676b852769649cc97	EDNA70	105
1001833dcd08df7676b852769649cc97	EDNA71	247
1001833dcd08df7676b852769649cc97	MB17	310
1001833dcd08df7676b852769649cc97	EDNA81	6
1001833dcd08df7676b852769649cc97	EDNA72	121
1001833dcd08df7676b852769649cc97	MB18	189
1001833dcd08df7676b852769649cc97	EDNA73	109
1001833dcd08df7676b852769649cc97	MB19	320
1001833dcd08df7676b852769649cc97	EDNA83	11
1001833dcd08df7676b852769649cc97	EDNA74	176
1001833dcd08df7676b852769649cc97	EDNA75	703
1001833dcd08df7676b852769649cc97	EDNA67	205
1001833dcd08df7676b852769649cc97	EDNA68	278
59310ef89ed0b02d261238a35f60af0b	EDNA96	19
59310ef89ed0b02d261238a35f60af0b	EDNA11	27
59310ef89ed0b02d261238a35f60af0b	EDNA97	20
59310ef89ed0b02d261238a35f60af0b	EDNA12	27
59310ef89ed0b02d261238a35f60af0b	EDNA98	24
59310ef89ed0b02d261238a35f60af0b	EDNA31	60
59310ef89ed0b02d261238a35f60af0b	EDNA13	29
59310ef89ed0b02d261238a35f60af0b	EDNA99	28
59310ef89ed0b02d261238a35f60af0b	EDNA32	23
59310ef89ed0b02d261238a35f60af0b	EDNA23	240
59310ef89ed0b02d261238a35f60af0b	CTRL2	1
59310ef89ed0b02d261238a35f60af0b	EDNA42	11
59310ef89ed0b02d261238a35f60af0b	EDNA33	27
59310ef89ed0b02d261238a35f60af0b	EDNA24	232
59310ef89ed0b02d261238a35f60af0b	EDNA1	336
59310ef89ed0b02d261238a35f60af0b	EDNA15	33
59310ef89ed0b02d261238a35f60af0b	EDNA52	9
59310ef89ed0b02d261238a35f60af0b	EDNA34	46
59310ef89ed0b02d261238a35f60af0b	EDNA2	314
59310ef89ed0b02d261238a35f60af0b	EDNA25	160
59310ef89ed0b02d261238a35f60af0b	EDNA16	29
59310ef89ed0b02d261238a35f60af0b	EDNA62	4
59310ef89ed0b02d261238a35f60af0b	EDNA3	472
59310ef89ed0b02d261238a35f60af0b	EDNA17	9
59310ef89ed0b02d261238a35f60af0b	EDNA54	10
59310ef89ed0b02d261238a35f60af0b	EDNA36	23
59310ef89ed0b02d261238a35f60af0b	EDNA27	173
59310ef89ed0b02d261238a35f60af0b	EDNA18	59
59310ef89ed0b02d261238a35f60af0b	EDNA91	10
59310ef89ed0b02d261238a35f60af0b	MB4	2
59310ef89ed0b02d261238a35f60af0b	EDNA93	14
59310ef89ed0b02d261238a35f60af0b	EDNA7	87
59310ef89ed0b02d261238a35f60af0b	EDNA94	1
59310ef89ed0b02d261238a35f60af0b	EDNA8	112
59310ef89ed0b02d261238a35f60af0b	EDNA9	84
59310ef89ed0b02d261238a35f60af0b	EDNA95	40
59310ef89ed0b02d261238a35f60af0b	EDNA10	15
57d79040e8d953bd34f24a3f0a9c9144	EDNA46	29
57d79040e8d953bd34f24a3f0a9c9144	EDNA47	22
57d79040e8d953bd34f24a3f0a9c9144	EDNA60	4
57d79040e8d953bd34f24a3f0a9c9144	EDNA48	38
57d79040e8d953bd34f24a3f0a9c9144	EDNA61	4
57d79040e8d953bd34f24a3f0a9c9144	EDNA62	1
57d79040e8d953bd34f24a3f0a9c9144	EDNA67	73
57d79040e8d953bd34f24a3f0a9c9144	EDNA80	141
57d79040e8d953bd34f24a3f0a9c9144	EDNA68	115
57d79040e8d953bd34f24a3f0a9c9144	EDNA81	159
57d79040e8d953bd34f24a3f0a9c9144	EDNA82	27
57d79040e8d953bd34f24a3f0a9c9144	EDNA69	143
57d79040e8d953bd34f24a3f0a9c9144	EDNA83	54
57d79040e8d953bd34f24a3f0a9c9144	EDNA84	26
57d79040e8d953bd34f24a3f0a9c9144	EDNA85	91
57d79040e8d953bd34f24a3f0a9c9144	EDNA86	73
57d79040e8d953bd34f24a3f0a9c9144	EDNA87	44
57d79040e8d953bd34f24a3f0a9c9144	EDNA34	29
57d79040e8d953bd34f24a3f0a9c9144	EDNA35	51
57d79040e8d953bd34f24a3f0a9c9144	EDNA36	72
57d79040e8d953bd34f24a3f0a9c9144	EDNA52	11
57d79040e8d953bd34f24a3f0a9c9144	EDNA53	5
57d79040e8d953bd34f24a3f0a9c9144	EDNA54	4
57d79040e8d953bd34f24a3f0a9c9144	EDNA55	2
57d79040e8d953bd34f24a3f0a9c9144	EDNA57	4
57d79040e8d953bd34f24a3f0a9c9144	EDNA70	74
57d79040e8d953bd34f24a3f0a9c9144	EDNA58	6
57d79040e8d953bd34f24a3f0a9c9144	EDNA71	142
57d79040e8d953bd34f24a3f0a9c9144	EDNA59	3
57d79040e8d953bd34f24a3f0a9c9144	EDNA73	405
57d79040e8d953bd34f24a3f0a9c9144	EDNA74	319
57d79040e8d953bd34f24a3f0a9c9144	EDNA75	216
57d79040e8d953bd34f24a3f0a9c9144	EDNA91	31
57d79040e8d953bd34f24a3f0a9c9144	EDNA92	29
57d79040e8d953bd34f24a3f0a9c9144	EDNA79	40
57d79040e8d953bd34f24a3f0a9c9144	EDNA93	41
57d79040e8d953bd34f24a3f0a9c9144	EDNA94	6
57d79040e8d953bd34f24a3f0a9c9144	EDNA95	20
57d79040e8d953bd34f24a3f0a9c9144	EDNA96	15
57d79040e8d953bd34f24a3f0a9c9144	EDNA97	6
57d79040e8d953bd34f24a3f0a9c9144	EDNA98	1
57d79040e8d953bd34f24a3f0a9c9144	MB21	1
57d79040e8d953bd34f24a3f0a9c9144	EDNA24	2
57d79040e8d953bd34f24a3f0a9c9144	EDNA25	6
57d79040e8d953bd34f24a3f0a9c9144	EDNA40	15
57d79040e8d953bd34f24a3f0a9c9144	EDNA41	17
57d79040e8d953bd34f24a3f0a9c9144	EDNA42	13
57d79040e8d953bd34f24a3f0a9c9144	EDNA43	56
57d79040e8d953bd34f24a3f0a9c9144	EDNA44	21
57d79040e8d953bd34f24a3f0a9c9144	EDNA45	71
b7225e33e55bb096c2756ad7b61dd5e1	EDNA69	127
b7225e33e55bb096c2756ad7b61dd5e1	MB21	18
b7225e33e55bb096c2756ad7b61dd5e1	MB22	1
b7225e33e55bb096c2756ad7b61dd5e1	EDNA70	161
b7225e33e55bb096c2756ad7b61dd5e1	EDNA71	146
b7225e33e55bb096c2756ad7b61dd5e1	MB17	545
b7225e33e55bb096c2756ad7b61dd5e1	MB18	287
b7225e33e55bb096c2756ad7b61dd5e1	EDNA73	505
b7225e33e55bb096c2756ad7b61dd5e1	MB19	246
b7225e33e55bb096c2756ad7b61dd5e1	EDNA74	364
b7225e33e55bb096c2756ad7b61dd5e1	EDNA75	50
b7225e33e55bb096c2756ad7b61dd5e1	EDNA67	127
b7225e33e55bb096c2756ad7b61dd5e1	EDNA68	196
4c386cbaa27a163bfb8dec0d776cadcf	MB8	73
4c386cbaa27a163bfb8dec0d776cadcf	EDNA96	234
4c386cbaa27a163bfb8dec0d776cadcf	MB9	513
4c386cbaa27a163bfb8dec0d776cadcf	MB20	22
4c386cbaa27a163bfb8dec0d776cadcf	MB21	21
4c386cbaa27a163bfb8dec0d776cadcf	EDNA22	655
4c386cbaa27a163bfb8dec0d776cadcf	EDNA99	291
4c386cbaa27a163bfb8dec0d776cadcf	MB14	11
4c386cbaa27a163bfb8dec0d776cadcf	MB24	8
4c386cbaa27a163bfb8dec0d776cadcf	MB15	178
4c386cbaa27a163bfb8dec0d776cadcf	EDNA85	760
b56c50c7707552de407c0ead9d9c5947	MB20	5
b56c50c7707552de407c0ead9d9c5947	MB21	44
b56c50c7707552de407c0ead9d9c5947	MB12	99
b56c50c7707552de407c0ead9d9c5947	MB13	283
b56c50c7707552de407c0ead9d9c5947	EDNA41	111
b56c50c7707552de407c0ead9d9c5947	EDNA43	360
b56c50c7707552de407c0ead9d9c5947	EDNA71	78
b56c50c7707552de407c0ead9d9c5947	EDNA44	41
b56c50c7707552de407c0ead9d9c5947	MB17	739
b56c50c7707552de407c0ead9d9c5947	EDNA81	47
b56c50c7707552de407c0ead9d9c5947	EDNA45	208
b56c50c7707552de407c0ead9d9c5947	MB18	416
b56c50c7707552de407c0ead9d9c5947	EDNA46	24
b56c50c7707552de407c0ead9d9c5947	MB19	21
b56c50c7707552de407c0ead9d9c5947	EDNA84	12
b56c50c7707552de407c0ead9d9c5947	EDNA75	25
b56c50c7707552de407c0ead9d9c5947	EDNA57	8
b56c50c7707552de407c0ead9d9c5947	EDNA85	131
96a0533a11153bac49c76de9eb6a8fd5	EDNA96	1
96a0533a11153bac49c76de9eb6a8fd5	EDNA87	11
96a0533a11153bac49c76de9eb6a8fd5	EDNA69	127
96a0533a11153bac49c76de9eb6a8fd5	EDNA79	14
96a0533a11153bac49c76de9eb6a8fd5	EDNA70	113
96a0533a11153bac49c76de9eb6a8fd5	EDNA80	69
96a0533a11153bac49c76de9eb6a8fd5	EDNA71	227
96a0533a11153bac49c76de9eb6a8fd5	EDNA53	3
96a0533a11153bac49c76de9eb6a8fd5	EDNA81	56
96a0533a11153bac49c76de9eb6a8fd5	EDNA91	5
96a0533a11153bac49c76de9eb6a8fd5	EDNA82	68
96a0533a11153bac49c76de9eb6a8fd5	EDNA73	450
96a0533a11153bac49c76de9eb6a8fd5	EDNA92	5
96a0533a11153bac49c76de9eb6a8fd5	EDNA83	54
96a0533a11153bac49c76de9eb6a8fd5	EDNA74	558
96a0533a11153bac49c76de9eb6a8fd5	EDNA93	9
96a0533a11153bac49c76de9eb6a8fd5	EDNA84	102
96a0533a11153bac49c76de9eb6a8fd5	EDNA75	347
96a0533a11153bac49c76de9eb6a8fd5	EDNA94	5
96a0533a11153bac49c76de9eb6a8fd5	EDNA85	22
96a0533a11153bac49c76de9eb6a8fd5	EDNA67	147
96a0533a11153bac49c76de9eb6a8fd5	EDNA95	4
96a0533a11153bac49c76de9eb6a8fd5	EDNA86	35
96a0533a11153bac49c76de9eb6a8fd5	EDNA68	198
a322aa0d7970a12c1bd8d853b0f4dee4	MB8	251
a322aa0d7970a12c1bd8d853b0f4dee4	MB10	2
a322aa0d7970a12c1bd8d853b0f4dee4	EDNA96	527
a322aa0d7970a12c1bd8d853b0f4dee4	MB9	137
a322aa0d7970a12c1bd8d853b0f4dee4	MB12	83
a322aa0d7970a12c1bd8d853b0f4dee4	EDNA22	3
a322aa0d7970a12c1bd8d853b0f4dee4	MB13	198
a322aa0d7970a12c1bd8d853b0f4dee4	EDNA1	416
a322aa0d7970a12c1bd8d853b0f4dee4	EDNA15	82
a322aa0d7970a12c1bd8d853b0f4dee4	MB24	12
a322aa0d7970a12c1bd8d853b0f4dee4	EDNA34	2
a322aa0d7970a12c1bd8d853b0f4dee4	EDNA35	39
a322aa0d7970a12c1bd8d853b0f4dee4	MB4	67
a322aa0d7970a12c1bd8d853b0f4dee4	MB5	546
a322aa0d7970a12c1bd8d853b0f4dee4	EDNA7	12
a322aa0d7970a12c1bd8d853b0f4dee4	MB7	126
b44ad8152f1e2a3090f0bf81784e2e79	EDNA69	19
b44ad8152f1e2a3090f0bf81784e2e79	MB20	2
b44ad8152f1e2a3090f0bf81784e2e79	MB11	35
b44ad8152f1e2a3090f0bf81784e2e79	MB21	81
b44ad8152f1e2a3090f0bf81784e2e79	MB12	43
b44ad8152f1e2a3090f0bf81784e2e79	MB13	217
b44ad8152f1e2a3090f0bf81784e2e79	EDNA42	110
b44ad8152f1e2a3090f0bf81784e2e79	EDNA70	75
b44ad8152f1e2a3090f0bf81784e2e79	MB17	834
b44ad8152f1e2a3090f0bf81784e2e79	EDNA45	40
b44ad8152f1e2a3090f0bf81784e2e79	MB18	588
b44ad8152f1e2a3090f0bf81784e2e79	EDNA82	12
b44ad8152f1e2a3090f0bf81784e2e79	MB19	267
b44ad8152f1e2a3090f0bf81784e2e79	EDNA83	27
b44ad8152f1e2a3090f0bf81784e2e79	MB6	8
b44ad8152f1e2a3090f0bf81784e2e79	EDNA68	103
0b56bef4e34fe6a22382db8f82a122ca	EDNA46	14
0b56bef4e34fe6a22382db8f82a122ca	EDNA1	326
0b56bef4e34fe6a22382db8f82a122ca	EDNA60	4
0b56bef4e34fe6a22382db8f82a122ca	EDNA2	193
0b56bef4e34fe6a22382db8f82a122ca	EDNA61	13
0b56bef4e34fe6a22382db8f82a122ca	EDNA48	18
0b56bef4e34fe6a22382db8f82a122ca	EDNA3	127
0b56bef4e34fe6a22382db8f82a122ca	EDNA62	8
0b56bef4e34fe6a22382db8f82a122ca	EDNA63	14
0b56bef4e34fe6a22382db8f82a122ca	EDNA7	41
0b56bef4e34fe6a22382db8f82a122ca	EDNA8	30
0b56bef4e34fe6a22382db8f82a122ca	EDNA9	46
0b56bef4e34fe6a22382db8f82a122ca	EDNA81	5
0b56bef4e34fe6a22382db8f82a122ca	EDNA85	3
0b56bef4e34fe6a22382db8f82a122ca	EDNA86	9
0b56bef4e34fe6a22382db8f82a122ca	EDNA87	3
0b56bef4e34fe6a22382db8f82a122ca	EDNA10	27
0b56bef4e34fe6a22382db8f82a122ca	EDNA11	63
0b56bef4e34fe6a22382db8f82a122ca	EDNA12	76
0b56bef4e34fe6a22382db8f82a122ca	EDNA13	19
0b56bef4e34fe6a22382db8f82a122ca	EDNA14	15
0b56bef4e34fe6a22382db8f82a122ca	EDNA15	8
0b56bef4e34fe6a22382db8f82a122ca	EDNA16	26
0b56bef4e34fe6a22382db8f82a122ca	EDNA17	18
0b56bef4e34fe6a22382db8f82a122ca	EDNA18	47
0b56bef4e34fe6a22382db8f82a122ca	EDNA31	59
0b56bef4e34fe6a22382db8f82a122ca	EDNA32	13
0b56bef4e34fe6a22382db8f82a122ca	EDNA33	5
0b56bef4e34fe6a22382db8f82a122ca	EDNA34	12
0b56bef4e34fe6a22382db8f82a122ca	EDNA35	30
0b56bef4e34fe6a22382db8f82a122ca	EDNA36	8
0b56bef4e34fe6a22382db8f82a122ca	EDNA52	23
0b56bef4e34fe6a22382db8f82a122ca	EDNA53	13
0b56bef4e34fe6a22382db8f82a122ca	EDNA54	21
0b56bef4e34fe6a22382db8f82a122ca	EDNA55	7
0b56bef4e34fe6a22382db8f82a122ca	EDNA56	7
0b56bef4e34fe6a22382db8f82a122ca	EDNA57	17
0b56bef4e34fe6a22382db8f82a122ca	EDNA58	4
0b56bef4e34fe6a22382db8f82a122ca	EDNA59	6
0b56bef4e34fe6a22382db8f82a122ca	EDNA91	61
0b56bef4e34fe6a22382db8f82a122ca	EDNA92	73
0b56bef4e34fe6a22382db8f82a122ca	EDNA93	143
0b56bef4e34fe6a22382db8f82a122ca	EDNA94	54
0b56bef4e34fe6a22382db8f82a122ca	EDNA95	124
0b56bef4e34fe6a22382db8f82a122ca	EDNA96	107
0b56bef4e34fe6a22382db8f82a122ca	EDNA97	62
0b56bef4e34fe6a22382db8f82a122ca	EDNA98	136
0b56bef4e34fe6a22382db8f82a122ca	EDNA99	54
0b56bef4e34fe6a22382db8f82a122ca	EDNA22	3
0b56bef4e34fe6a22382db8f82a122ca	EDNA23	25
0b56bef4e34fe6a22382db8f82a122ca	EDNA24	12
0b56bef4e34fe6a22382db8f82a122ca	EDNA25	56
0b56bef4e34fe6a22382db8f82a122ca	EDNA26	10
0b56bef4e34fe6a22382db8f82a122ca	EDNA27	23
0b56bef4e34fe6a22382db8f82a122ca	EDNA40	22
0b56bef4e34fe6a22382db8f82a122ca	EDNA41	23
0b56bef4e34fe6a22382db8f82a122ca	EDNA42	37
0b56bef4e34fe6a22382db8f82a122ca	EDNA43	13
0b56bef4e34fe6a22382db8f82a122ca	EDNA44	25
0b56bef4e34fe6a22382db8f82a122ca	EDNA45	6
821bfcf601e91cc985ac5ead38b996bc	MB20	249
821bfcf601e91cc985ac5ead38b996bc	MB18	2197
c5e746db885d9f9407053a90c8621a8a	MB8	19
c5e746db885d9f9407053a90c8621a8a	MB10	12
c5e746db885d9f9407053a90c8621a8a	MB9	156
c5e746db885d9f9407053a90c8621a8a	MB20	15
c5e746db885d9f9407053a90c8621a8a	MB12	101
c5e746db885d9f9407053a90c8621a8a	MB22	26
c5e746db885d9f9407053a90c8621a8a	MB13	211
c5e746db885d9f9407053a90c8621a8a	EDNA41	8
c5e746db885d9f9407053a90c8621a8a	MB23	33
c5e746db885d9f9407053a90c8621a8a	MB14	49
c5e746db885d9f9407053a90c8621a8a	EDNA60	3
c5e746db885d9f9407053a90c8621a8a	MB15	88
c5e746db885d9f9407053a90c8621a8a	EDNA16	83
c5e746db885d9f9407053a90c8621a8a	MB1	151
c5e746db885d9f9407053a90c8621a8a	MB16	47
c5e746db885d9f9407053a90c8621a8a	EDNA62	39
c5e746db885d9f9407053a90c8621a8a	EDNA44	5
c5e746db885d9f9407053a90c8621a8a	EDNA26	88
c5e746db885d9f9407053a90c8621a8a	MB2	41
c5e746db885d9f9407053a90c8621a8a	EDNA63	1
c5e746db885d9f9407053a90c8621a8a	EDNA27	1143
c5e746db885d9f9407053a90c8621a8a	MB4	17
c5e746db885d9f9407053a90c8621a8a	EDNA93	60
f7108787bad1ecf14934c5611b7c8a64	EDNA87	16
f7108787bad1ecf14934c5611b7c8a64	EDNA69	383
f7108787bad1ecf14934c5611b7c8a64	MB20	1
f7108787bad1ecf14934c5611b7c8a64	MB22	13
f7108787bad1ecf14934c5611b7c8a64	EDNA70	60
f7108787bad1ecf14934c5611b7c8a64	EDNA71	209
f7108787bad1ecf14934c5611b7c8a64	MB17	447
f7108787bad1ecf14934c5611b7c8a64	MB18	327
f7108787bad1ecf14934c5611b7c8a64	MB19	8
f7108787bad1ecf14934c5611b7c8a64	EDNA75	598
f7108787bad1ecf14934c5611b7c8a64	EDNA85	6
f7108787bad1ecf14934c5611b7c8a64	EDNA86	28
f7108787bad1ecf14934c5611b7c8a64	EDNA68	269
e8a35cc695f18bc03f0225092c69a1b5	EDNA46	2
e8a35cc695f18bc03f0225092c69a1b5	EDNA1	11
e8a35cc695f18bc03f0225092c69a1b5	EDNA47	8
e8a35cc695f18bc03f0225092c69a1b5	EDNA48	5
e8a35cc695f18bc03f0225092c69a1b5	EDNA61	3
e8a35cc695f18bc03f0225092c69a1b5	EDNA63	2
e8a35cc695f18bc03f0225092c69a1b5	EDNA7	32
e8a35cc695f18bc03f0225092c69a1b5	EDNA8	32
e8a35cc695f18bc03f0225092c69a1b5	EDNA9	14
e8a35cc695f18bc03f0225092c69a1b5	MB11	32
e8a35cc695f18bc03f0225092c69a1b5	MB12	31
e8a35cc695f18bc03f0225092c69a1b5	MB13	13
e8a35cc695f18bc03f0225092c69a1b5	MB14	6
e8a35cc695f18bc03f0225092c69a1b5	MB15	8
e8a35cc695f18bc03f0225092c69a1b5	MB16	37
e8a35cc695f18bc03f0225092c69a1b5	MB1	176
e8a35cc695f18bc03f0225092c69a1b5	MB2	71
e8a35cc695f18bc03f0225092c69a1b5	MB3	2
e8a35cc695f18bc03f0225092c69a1b5	MB4	75
e8a35cc695f18bc03f0225092c69a1b5	MB5	367
e8a35cc695f18bc03f0225092c69a1b5	MB6	65
e8a35cc695f18bc03f0225092c69a1b5	MB7	420
e8a35cc695f18bc03f0225092c69a1b5	MB8	138
e8a35cc695f18bc03f0225092c69a1b5	MB9	126
e8a35cc695f18bc03f0225092c69a1b5	EDNA11	22
e8a35cc695f18bc03f0225092c69a1b5	EDNA13	37
e8a35cc695f18bc03f0225092c69a1b5	EDNA14	123
e8a35cc695f18bc03f0225092c69a1b5	EDNA15	28
e8a35cc695f18bc03f0225092c69a1b5	EDNA16	1
e8a35cc695f18bc03f0225092c69a1b5	EDNA17	33
e8a35cc695f18bc03f0225092c69a1b5	EDNA18	13
e8a35cc695f18bc03f0225092c69a1b5	EDNA31	6
e8a35cc695f18bc03f0225092c69a1b5	EDNA33	6
e8a35cc695f18bc03f0225092c69a1b5	EDNA35	39
e8a35cc695f18bc03f0225092c69a1b5	EDNA36	1
e8a35cc695f18bc03f0225092c69a1b5	EDNA52	11
e8a35cc695f18bc03f0225092c69a1b5	EDNA58	8
e8a35cc695f18bc03f0225092c69a1b5	MB25	11
e8a35cc695f18bc03f0225092c69a1b5	EDNA22	45
e8a35cc695f18bc03f0225092c69a1b5	EDNA24	12
e8a35cc695f18bc03f0225092c69a1b5	EDNA25	116
e8a35cc695f18bc03f0225092c69a1b5	EDNA26	54
e8a35cc695f18bc03f0225092c69a1b5	EDNA27	38
e8a35cc695f18bc03f0225092c69a1b5	EDNA40	3
e8a35cc695f18bc03f0225092c69a1b5	EDNA41	14
e8a35cc695f18bc03f0225092c69a1b5	EDNA29	28
e8a35cc695f18bc03f0225092c69a1b5	EDNA42	23
d44b9f90755291d3d597d4cd64dff770	EDNA70	38
d44b9f90755291d3d597d4cd64dff770	EDNA71	127
d44b9f90755291d3d597d4cd64dff770	EDNA73	1251
d44b9f90755291d3d597d4cd64dff770	EDNA74	275
d44b9f90755291d3d597d4cd64dff770	EDNA75	651
abf1536a173cc5ff837e4bd8ba418f94	EDNA96	345
abf1536a173cc5ff837e4bd8ba418f94	EDNA97	38
abf1536a173cc5ff837e4bd8ba418f94	EDNA79	60
abf1536a173cc5ff837e4bd8ba418f94	EDNA98	48
abf1536a173cc5ff837e4bd8ba418f94	EDNA99	67
abf1536a173cc5ff837e4bd8ba418f94	EDNA23	43
abf1536a173cc5ff837e4bd8ba418f94	MB23	20
abf1536a173cc5ff837e4bd8ba418f94	EDNA33	18
abf1536a173cc5ff837e4bd8ba418f94	EDNA24	124
abf1536a173cc5ff837e4bd8ba418f94	MB24	2
abf1536a173cc5ff837e4bd8ba418f94	EDNA43	7
abf1536a173cc5ff837e4bd8ba418f94	EDNA2	23
abf1536a173cc5ff837e4bd8ba418f94	EDNA16	7
abf1536a173cc5ff837e4bd8ba418f94	EDNA80	15
abf1536a173cc5ff837e4bd8ba418f94	EDNA26	27
abf1536a173cc5ff837e4bd8ba418f94	MB2	4
abf1536a173cc5ff837e4bd8ba418f94	EDNA91	43
abf1536a173cc5ff837e4bd8ba418f94	EDNA92	26
abf1536a173cc5ff837e4bd8ba418f94	EDNA7	248
abf1536a173cc5ff837e4bd8ba418f94	EDNA94	116
abf1536a173cc5ff837e4bd8ba418f94	EDNA8	252
abf1536a173cc5ff837e4bd8ba418f94	EDNA9	140
abf1536a173cc5ff837e4bd8ba418f94	EDNA95	664
0a3e819b2fd97fcb9b25f8ee3d24dd23	EDNA69	678
0a3e819b2fd97fcb9b25f8ee3d24dd23	EDNA67	683
0a3e819b2fd97fcb9b25f8ee3d24dd23	EDNA68	970
0a3e819b2fd97fcb9b25f8ee3d24dd23	EDNA59	1
3b6b26b909b3e1fa6e05f31019334675	EDNA46	175
3b6b26b909b3e1fa6e05f31019334675	EDNA47	167
3b6b26b909b3e1fa6e05f31019334675	EDNA60	13
3b6b26b909b3e1fa6e05f31019334675	EDNA48	68
3b6b26b909b3e1fa6e05f31019334675	EDNA61	5
3b6b26b909b3e1fa6e05f31019334675	EDNA62	6
3b6b26b909b3e1fa6e05f31019334675	EDNA63	9
3b6b26b909b3e1fa6e05f31019334675	EDNA80	4
3b6b26b909b3e1fa6e05f31019334675	EDNA86	5
3b6b26b909b3e1fa6e05f31019334675	EDNA12	2
3b6b26b909b3e1fa6e05f31019334675	EDNA13	2
3b6b26b909b3e1fa6e05f31019334675	EDNA16	1
3b6b26b909b3e1fa6e05f31019334675	EDNA34	55
3b6b26b909b3e1fa6e05f31019334675	EDNA35	23
3b6b26b909b3e1fa6e05f31019334675	EDNA36	34
3b6b26b909b3e1fa6e05f31019334675	EDNA52	67
3b6b26b909b3e1fa6e05f31019334675	EDNA53	53
3b6b26b909b3e1fa6e05f31019334675	EDNA54	66
3b6b26b909b3e1fa6e05f31019334675	EDNA55	48
3b6b26b909b3e1fa6e05f31019334675	EDNA56	62
3b6b26b909b3e1fa6e05f31019334675	EDNA57	69
3b6b26b909b3e1fa6e05f31019334675	EDNA58	15
3b6b26b909b3e1fa6e05f31019334675	EDNA59	13
3b6b26b909b3e1fa6e05f31019334675	EDNA91	7
3b6b26b909b3e1fa6e05f31019334675	EDNA92	19
3b6b26b909b3e1fa6e05f31019334675	EDNA93	33
3b6b26b909b3e1fa6e05f31019334675	EDNA94	2
3b6b26b909b3e1fa6e05f31019334675	EDNA95	9
3b6b26b909b3e1fa6e05f31019334675	EDNA96	6
3b6b26b909b3e1fa6e05f31019334675	EDNA97	5
3b6b26b909b3e1fa6e05f31019334675	EDNA98	2
3b6b26b909b3e1fa6e05f31019334675	EDNA99	6
3b6b26b909b3e1fa6e05f31019334675	EDNA23	1
3b6b26b909b3e1fa6e05f31019334675	EDNA25	4
3b6b26b909b3e1fa6e05f31019334675	EDNA40	360
3b6b26b909b3e1fa6e05f31019334675	EDNA41	192
3b6b26b909b3e1fa6e05f31019334675	EDNA42	254
3b6b26b909b3e1fa6e05f31019334675	EDNA43	189
3b6b26b909b3e1fa6e05f31019334675	EDNA44	117
3b6b26b909b3e1fa6e05f31019334675	EDNA45	129
7a2e20e52ab70dc70c1bfa1dd091da6a	EDNA1	34
7a2e20e52ab70dc70c1bfa1dd091da6a	EDNA2	3
7a2e20e52ab70dc70c1bfa1dd091da6a	EDNA3	23
7a2e20e52ab70dc70c1bfa1dd091da6a	EDNA62	1
7a2e20e52ab70dc70c1bfa1dd091da6a	EDNA7	108
7a2e20e52ab70dc70c1bfa1dd091da6a	EDNA8	112
7a2e20e52ab70dc70c1bfa1dd091da6a	EDNA9	83
7a2e20e52ab70dc70c1bfa1dd091da6a	EDNA86	2
7a2e20e52ab70dc70c1bfa1dd091da6a	MB13	5
7a2e20e52ab70dc70c1bfa1dd091da6a	MB1	14
7a2e20e52ab70dc70c1bfa1dd091da6a	MB2	105
7a2e20e52ab70dc70c1bfa1dd091da6a	MB3	185
7a2e20e52ab70dc70c1bfa1dd091da6a	MB4	41
7a2e20e52ab70dc70c1bfa1dd091da6a	MB5	353
7a2e20e52ab70dc70c1bfa1dd091da6a	MB6	24
7a2e20e52ab70dc70c1bfa1dd091da6a	EDNA10	98
7a2e20e52ab70dc70c1bfa1dd091da6a	EDNA11	37
7a2e20e52ab70dc70c1bfa1dd091da6a	EDNA12	57
7a2e20e52ab70dc70c1bfa1dd091da6a	EDNA13	76
7a2e20e52ab70dc70c1bfa1dd091da6a	EDNA14	54
7a2e20e52ab70dc70c1bfa1dd091da6a	EDNA15	49
7a2e20e52ab70dc70c1bfa1dd091da6a	EDNA16	162
7a2e20e52ab70dc70c1bfa1dd091da6a	EDNA17	115
7a2e20e52ab70dc70c1bfa1dd091da6a	EDNA18	162
7a2e20e52ab70dc70c1bfa1dd091da6a	EDNA31	112
7a2e20e52ab70dc70c1bfa1dd091da6a	EDNA32	37
7a2e20e52ab70dc70c1bfa1dd091da6a	EDNA33	49
7a2e20e52ab70dc70c1bfa1dd091da6a	EDNA34	12
7a2e20e52ab70dc70c1bfa1dd091da6a	EDNA35	4
7a2e20e52ab70dc70c1bfa1dd091da6a	EDNA36	8
7a2e20e52ab70dc70c1bfa1dd091da6a	EDNA52	3
7a2e20e52ab70dc70c1bfa1dd091da6a	EDNA91	1
7a2e20e52ab70dc70c1bfa1dd091da6a	EDNA92	3
7a2e20e52ab70dc70c1bfa1dd091da6a	EDNA93	1
7a2e20e52ab70dc70c1bfa1dd091da6a	EDNA95	4
7a2e20e52ab70dc70c1bfa1dd091da6a	EDNA97	1
7a2e20e52ab70dc70c1bfa1dd091da6a	EDNA99	2
7a2e20e52ab70dc70c1bfa1dd091da6a	EDNA22	27
7a2e20e52ab70dc70c1bfa1dd091da6a	EDNA23	6
7a2e20e52ab70dc70c1bfa1dd091da6a	EDNA24	54
7a2e20e52ab70dc70c1bfa1dd091da6a	EDNA25	16
7a2e20e52ab70dc70c1bfa1dd091da6a	EDNA26	10
7a2e20e52ab70dc70c1bfa1dd091da6a	EDNA27	14
7a2e20e52ab70dc70c1bfa1dd091da6a	EDNA41	4
badcc726ecf05d2ef1a432ea8bc65b53	EDNA1	36
badcc726ecf05d2ef1a432ea8bc65b53	EDNA2	58
badcc726ecf05d2ef1a432ea8bc65b53	EDNA3	50
badcc726ecf05d2ef1a432ea8bc65b53	EDNA7	28
badcc726ecf05d2ef1a432ea8bc65b53	EDNA8	6
badcc726ecf05d2ef1a432ea8bc65b53	EDNA9	10
badcc726ecf05d2ef1a432ea8bc65b53	EDNA80	30
badcc726ecf05d2ef1a432ea8bc65b53	EDNA68	25
badcc726ecf05d2ef1a432ea8bc65b53	EDNA81	29
badcc726ecf05d2ef1a432ea8bc65b53	EDNA69	6
badcc726ecf05d2ef1a432ea8bc65b53	EDNA85	18
badcc726ecf05d2ef1a432ea8bc65b53	EDNA86	15
badcc726ecf05d2ef1a432ea8bc65b53	EDNA87	5
badcc726ecf05d2ef1a432ea8bc65b53	MB1	157
badcc726ecf05d2ef1a432ea8bc65b53	MB2	1
badcc726ecf05d2ef1a432ea8bc65b53	MB17	7
badcc726ecf05d2ef1a432ea8bc65b53	MB19	61
badcc726ecf05d2ef1a432ea8bc65b53	MB7	48
badcc726ecf05d2ef1a432ea8bc65b53	MB8	12
badcc726ecf05d2ef1a432ea8bc65b53	MB9	3
badcc726ecf05d2ef1a432ea8bc65b53	EDNA10	7
badcc726ecf05d2ef1a432ea8bc65b53	EDNA11	19
badcc726ecf05d2ef1a432ea8bc65b53	EDNA15	1
badcc726ecf05d2ef1a432ea8bc65b53	EDNA16	1
badcc726ecf05d2ef1a432ea8bc65b53	EDNA70	16
badcc726ecf05d2ef1a432ea8bc65b53	EDNA71	104
badcc726ecf05d2ef1a432ea8bc65b53	EDNA73	345
badcc726ecf05d2ef1a432ea8bc65b53	EDNA74	388
badcc726ecf05d2ef1a432ea8bc65b53	EDNA75	307
badcc726ecf05d2ef1a432ea8bc65b53	EDNA92	4
badcc726ecf05d2ef1a432ea8bc65b53	EDNA79	6
badcc726ecf05d2ef1a432ea8bc65b53	EDNA93	2
badcc726ecf05d2ef1a432ea8bc65b53	MB20	4
badcc726ecf05d2ef1a432ea8bc65b53	MB23	2
badcc726ecf05d2ef1a432ea8bc65b53	EDNA22	35
badcc726ecf05d2ef1a432ea8bc65b53	EDNA23	32
badcc726ecf05d2ef1a432ea8bc65b53	EDNA24	133
badcc726ecf05d2ef1a432ea8bc65b53	EDNA25	90
badcc726ecf05d2ef1a432ea8bc65b53	EDNA27	49
badcc726ecf05d2ef1a432ea8bc65b53	EDNA43	28
badcc726ecf05d2ef1a432ea8bc65b53	EDNA44	26
badcc726ecf05d2ef1a432ea8bc65b53	EDNA45	42
3c170bc53ebf73f8629ae34c3d3cd9a7	EDNA96	40
3c170bc53ebf73f8629ae34c3d3cd9a7	EDNA87	39
3c170bc53ebf73f8629ae34c3d3cd9a7	EDNA69	21
3c170bc53ebf73f8629ae34c3d3cd9a7	EDNA97	10
3c170bc53ebf73f8629ae34c3d3cd9a7	EDNA79	10
3c170bc53ebf73f8629ae34c3d3cd9a7	EDNA98	16
3c170bc53ebf73f8629ae34c3d3cd9a7	EDNA99	6
3c170bc53ebf73f8629ae34c3d3cd9a7	EDNA23	2
3c170bc53ebf73f8629ae34c3d3cd9a7	EDNA70	128
3c170bc53ebf73f8629ae34c3d3cd9a7	EDNA52	5
3c170bc53ebf73f8629ae34c3d3cd9a7	EDNA80	34
3c170bc53ebf73f8629ae34c3d3cd9a7	EDNA71	82
3c170bc53ebf73f8629ae34c3d3cd9a7	EDNA81	49
3c170bc53ebf73f8629ae34c3d3cd9a7	EDNA54	1
3c170bc53ebf73f8629ae34c3d3cd9a7	EDNA27	2
3c170bc53ebf73f8629ae34c3d3cd9a7	EDNA91	45
3c170bc53ebf73f8629ae34c3d3cd9a7	EDNA73	398
3c170bc53ebf73f8629ae34c3d3cd9a7	EDNA92	56
3c170bc53ebf73f8629ae34c3d3cd9a7	EDNA74	332
3c170bc53ebf73f8629ae34c3d3cd9a7	EDNA93	110
3c170bc53ebf73f8629ae34c3d3cd9a7	EDNA75	581
3c170bc53ebf73f8629ae34c3d3cd9a7	EDNA94	24
3c170bc53ebf73f8629ae34c3d3cd9a7	EDNA85	53
3c170bc53ebf73f8629ae34c3d3cd9a7	EDNA67	23
3c170bc53ebf73f8629ae34c3d3cd9a7	EDNA95	39
3c170bc53ebf73f8629ae34c3d3cd9a7	EDNA86	106
3c170bc53ebf73f8629ae34c3d3cd9a7	EDNA68	22
03196e74ca55886f9c8beb91cf4ad52b	EDNA96	3
03196e74ca55886f9c8beb91cf4ad52b	EDNA87	29
03196e74ca55886f9c8beb91cf4ad52b	EDNA69	111
03196e74ca55886f9c8beb91cf4ad52b	EDNA11	1
03196e74ca55886f9c8beb91cf4ad52b	EDNA79	76
03196e74ca55886f9c8beb91cf4ad52b	EDNA70	163
03196e74ca55886f9c8beb91cf4ad52b	EDNA80	226
03196e74ca55886f9c8beb91cf4ad52b	EDNA71	178
03196e74ca55886f9c8beb91cf4ad52b	EDNA81	221
03196e74ca55886f9c8beb91cf4ad52b	EDNA91	26
03196e74ca55886f9c8beb91cf4ad52b	EDNA82	181
03196e74ca55886f9c8beb91cf4ad52b	EDNA73	134
03196e74ca55886f9c8beb91cf4ad52b	EDNA92	22
03196e74ca55886f9c8beb91cf4ad52b	EDNA83	262
03196e74ca55886f9c8beb91cf4ad52b	EDNA74	4
03196e74ca55886f9c8beb91cf4ad52b	EDNA93	32
03196e74ca55886f9c8beb91cf4ad52b	EDNA84	223
03196e74ca55886f9c8beb91cf4ad52b	EDNA75	34
03196e74ca55886f9c8beb91cf4ad52b	EDNA85	60
03196e74ca55886f9c8beb91cf4ad52b	EDNA67	65
03196e74ca55886f9c8beb91cf4ad52b	EDNA95	1
03196e74ca55886f9c8beb91cf4ad52b	EDNA86	72
03196e74ca55886f9c8beb91cf4ad52b	EDNA68	99
3ed7f07b9315ef1a2738c9f8556fd005	EDNA69	146
3ed7f07b9315ef1a2738c9f8556fd005	MB20	23
3ed7f07b9315ef1a2738c9f8556fd005	MB21	305
3ed7f07b9315ef1a2738c9f8556fd005	MB12	18
3ed7f07b9315ef1a2738c9f8556fd005	MB22	6
3ed7f07b9315ef1a2738c9f8556fd005	MB13	4
3ed7f07b9315ef1a2738c9f8556fd005	MB23	14
3ed7f07b9315ef1a2738c9f8556fd005	MB14	6
3ed7f07b9315ef1a2738c9f8556fd005	EDNA71	178
3ed7f07b9315ef1a2738c9f8556fd005	EDNA81	1
3ed7f07b9315ef1a2738c9f8556fd005	MB18	296
3ed7f07b9315ef1a2738c9f8556fd005	EDNA82	8
3ed7f07b9315ef1a2738c9f8556fd005	EDNA46	55
3ed7f07b9315ef1a2738c9f8556fd005	MB19	757
3ed7f07b9315ef1a2738c9f8556fd005	EDNA83	12
3ed7f07b9315ef1a2738c9f8556fd005	EDNA75	374
3ed7f07b9315ef1a2738c9f8556fd005	EDNA48	2
3ed7f07b9315ef1a2738c9f8556fd005	EDNA85	14
33d8099c7be69c7512929b454200b674	EDNA46	7
33d8099c7be69c7512929b454200b674	EDNA1	201
33d8099c7be69c7512929b454200b674	EDNA60	10
33d8099c7be69c7512929b454200b674	EDNA47	7
33d8099c7be69c7512929b454200b674	EDNA2	169
33d8099c7be69c7512929b454200b674	EDNA61	12
33d8099c7be69c7512929b454200b674	EDNA48	3
33d8099c7be69c7512929b454200b674	EDNA3	261
33d8099c7be69c7512929b454200b674	EDNA62	13
33d8099c7be69c7512929b454200b674	EDNA63	14
33d8099c7be69c7512929b454200b674	EDNA7	11
33d8099c7be69c7512929b454200b674	EDNA8	21
33d8099c7be69c7512929b454200b674	EDNA9	11
33d8099c7be69c7512929b454200b674	MB1	3
33d8099c7be69c7512929b454200b674	EDNA10	8
33d8099c7be69c7512929b454200b674	EDNA11	13
33d8099c7be69c7512929b454200b674	EDNA12	10
33d8099c7be69c7512929b454200b674	EDNA13	10
33d8099c7be69c7512929b454200b674	EDNA14	15
33d8099c7be69c7512929b454200b674	EDNA15	5
33d8099c7be69c7512929b454200b674	EDNA16	5
33d8099c7be69c7512929b454200b674	EDNA17	4
33d8099c7be69c7512929b454200b674	EDNA18	7
33d8099c7be69c7512929b454200b674	EDNA31	69
33d8099c7be69c7512929b454200b674	EDNA32	19
33d8099c7be69c7512929b454200b674	EDNA33	11
33d8099c7be69c7512929b454200b674	EDNA34	376
33d8099c7be69c7512929b454200b674	EDNA35	267
33d8099c7be69c7512929b454200b674	EDNA36	351
33d8099c7be69c7512929b454200b674	EDNA52	6
33d8099c7be69c7512929b454200b674	EDNA53	4
33d8099c7be69c7512929b454200b674	EDNA54	5
33d8099c7be69c7512929b454200b674	EDNA55	4
33d8099c7be69c7512929b454200b674	EDNA56	6
33d8099c7be69c7512929b454200b674	EDNA57	3
33d8099c7be69c7512929b454200b674	EDNA58	6
33d8099c7be69c7512929b454200b674	EDNA59	6
33d8099c7be69c7512929b454200b674	EDNA91	3
33d8099c7be69c7512929b454200b674	EDNA92	3
33d8099c7be69c7512929b454200b674	EDNA93	13
33d8099c7be69c7512929b454200b674	EDNA94	8
33d8099c7be69c7512929b454200b674	EDNA95	14
33d8099c7be69c7512929b454200b674	EDNA96	23
33d8099c7be69c7512929b454200b674	EDNA97	9
33d8099c7be69c7512929b454200b674	EDNA98	13
33d8099c7be69c7512929b454200b674	EDNA99	3
33d8099c7be69c7512929b454200b674	EDNA23	35
33d8099c7be69c7512929b454200b674	EDNA24	21
33d8099c7be69c7512929b454200b674	EDNA25	34
33d8099c7be69c7512929b454200b674	EDNA26	9
33d8099c7be69c7512929b454200b674	EDNA27	27
33d8099c7be69c7512929b454200b674	EDNA40	7
33d8099c7be69c7512929b454200b674	EDNA42	5
33d8099c7be69c7512929b454200b674	EDNA43	20
33d8099c7be69c7512929b454200b674	EDNA44	2
33d8099c7be69c7512929b454200b674	EDNA45	3
85c0a930394b3790eb6dc14cd3a097bb	MB8	7
85c0a930394b3790eb6dc14cd3a097bb	EDNA87	13
85c0a930394b3790eb6dc14cd3a097bb	MB9	4
85c0a930394b3790eb6dc14cd3a097bb	EDNA79	20
85c0a930394b3790eb6dc14cd3a097bb	MB21	3
85c0a930394b3790eb6dc14cd3a097bb	MB12	65
85c0a930394b3790eb6dc14cd3a097bb	EDNA40	459
85c0a930394b3790eb6dc14cd3a097bb	MB13	20
85c0a930394b3790eb6dc14cd3a097bb	EDNA41	419
85c0a930394b3790eb6dc14cd3a097bb	EDNA23	20
85c0a930394b3790eb6dc14cd3a097bb	EDNA42	660
85c0a930394b3790eb6dc14cd3a097bb	EDNA24	15
85c0a930394b3790eb6dc14cd3a097bb	EDNA43	83
85c0a930394b3790eb6dc14cd3a097bb	EDNA34	10
85c0a930394b3790eb6dc14cd3a097bb	EDNA25	66
85c0a930394b3790eb6dc14cd3a097bb	EDNA44	105
85c0a930394b3790eb6dc14cd3a097bb	EDNA26	24
85c0a930394b3790eb6dc14cd3a097bb	EDNA81	18
85c0a930394b3790eb6dc14cd3a097bb	EDNA45	60
85c0a930394b3790eb6dc14cd3a097bb	EDNA36	9
85c0a930394b3790eb6dc14cd3a097bb	EDNA27	46
85c0a930394b3790eb6dc14cd3a097bb	EDNA46	23
85c0a930394b3790eb6dc14cd3a097bb	EDNA47	16
85c0a930394b3790eb6dc14cd3a097bb	EDNA85	10
85c0a930394b3790eb6dc14cd3a097bb	MB7	16
134de884e6ce6cfe003f1d8fa6559fdf	MB20	46
134de884e6ce6cfe003f1d8fa6559fdf	MB22	11
134de884e6ce6cfe003f1d8fa6559fdf	MB23	447
134de884e6ce6cfe003f1d8fa6559fdf	MB14	14
134de884e6ce6cfe003f1d8fa6559fdf	MB24	32
134de884e6ce6cfe003f1d8fa6559fdf	MB18	1545
134de884e6ce6cfe003f1d8fa6559fdf	MB19	11
134de884e6ce6cfe003f1d8fa6559fdf	EDNA83	61
3211564931e56ac2282e39b993126a16	EDNA13	374
3211564931e56ac2282e39b993126a16	EDNA99	165
3211564931e56ac2282e39b993126a16	EDNA14	14
3211564931e56ac2282e39b993126a16	EDNA15	44
3211564931e56ac2282e39b993126a16	EDNA16	5
3211564931e56ac2282e39b993126a16	MB4	85
3211564931e56ac2282e39b993126a16	EDNA8	1452
9b92e4f9b00ca4e812a6cf2be1254d04	MB17	223
9b92e4f9b00ca4e812a6cf2be1254d04	EDNA68	1914
e96b2ede25caaa6a8fd5cdea128466a2	MB20	274
e96b2ede25caaa6a8fd5cdea128466a2	MB21	1836
e96b2ede25caaa6a8fd5cdea128466a2	EDNA45	18
300ee1a57ee6d17b950f8ad0a30f73d9	EDNA11	7
300ee1a57ee6d17b950f8ad0a30f73d9	EDNA12	2
300ee1a57ee6d17b950f8ad0a30f73d9	EDNA22	2
300ee1a57ee6d17b950f8ad0a30f73d9	EDNA13	1
300ee1a57ee6d17b950f8ad0a30f73d9	MB13	20
300ee1a57ee6d17b950f8ad0a30f73d9	EDNA25	2062
300ee1a57ee6d17b950f8ad0a30f73d9	EDNA35	4
300ee1a57ee6d17b950f8ad0a30f73d9	EDNA45	7
300ee1a57ee6d17b950f8ad0a30f73d9	EDNA27	3
300ee1a57ee6d17b950f8ad0a30f73d9	EDNA9	5
22f6d02b823a454bc95945261e244fd8	MB8	10
22f6d02b823a454bc95945261e244fd8	MB10	9
22f6d02b823a454bc95945261e244fd8	MB9	179
22f6d02b823a454bc95945261e244fd8	MB20	34
22f6d02b823a454bc95945261e244fd8	MB12	21
22f6d02b823a454bc95945261e244fd8	EDNA13	20
22f6d02b823a454bc95945261e244fd8	MB22	12
22f6d02b823a454bc95945261e244fd8	MB13	124
22f6d02b823a454bc95945261e244fd8	EDNA99	71
22f6d02b823a454bc95945261e244fd8	EDNA41	681
22f6d02b823a454bc95945261e244fd8	MB23	44
22f6d02b823a454bc95945261e244fd8	MB14	49
22f6d02b823a454bc95945261e244fd8	EDNA60	184
22f6d02b823a454bc95945261e244fd8	EDNA15	43
22f6d02b823a454bc95945261e244fd8	MB24	20
22f6d02b823a454bc95945261e244fd8	EDNA61	6
22f6d02b823a454bc95945261e244fd8	MB16	86
22f6d02b823a454bc95945261e244fd8	EDNA80	11
22f6d02b823a454bc95945261e244fd8	EDNA44	336
22f6d02b823a454bc95945261e244fd8	MB2	89
22f6d02b823a454bc95945261e244fd8	MB4	44
22f6d02b823a454bc95945261e244fd8	EDNA56	9
22f6d02b823a454bc95945261e244fd8	EDNA57	5
22f6d02b823a454bc95945261e244fd8	MB6	15
22f6d02b823a454bc95945261e244fd8	EDNA59	3
abb019875d36c63a38189b6fd9c081eb	MB9	8
abb019875d36c63a38189b6fd9c081eb	MB22	4
abb019875d36c63a38189b6fd9c081eb	MB13	80
abb019875d36c63a38189b6fd9c081eb	MB23	9
abb019875d36c63a38189b6fd9c081eb	EDNA27	1980
7f3615c9e7815c209441617400968ea7	EDNA87	22
7f3615c9e7815c209441617400968ea7	MB22	4
7f3615c9e7815c209441617400968ea7	EDNA70	323
7f3615c9e7815c209441617400968ea7	MB17	170
7f3615c9e7815c209441617400968ea7	MB18	204
7f3615c9e7815c209441617400968ea7	MB19	237
7f3615c9e7815c209441617400968ea7	EDNA74	780
7f3615c9e7815c209441617400968ea7	EDNA67	67
7f3615c9e7815c209441617400968ea7	EDNA86	198
7f3615c9e7815c209441617400968ea7	EDNA68	66
f3a1a33e2ad645d3120473197e1d719a	EDNA97	1
f3a1a33e2ad645d3120473197e1d719a	EDNA40	683
f3a1a33e2ad645d3120473197e1d719a	EDNA41	363
f3a1a33e2ad645d3120473197e1d719a	EDNA60	4
f3a1a33e2ad645d3120473197e1d719a	EDNA42	554
f3a1a33e2ad645d3120473197e1d719a	EDNA61	11
f3a1a33e2ad645d3120473197e1d719a	EDNA52	3
f3a1a33e2ad645d3120473197e1d719a	EDNA43	180
f3a1a33e2ad645d3120473197e1d719a	EDNA53	5
f3a1a33e2ad645d3120473197e1d719a	EDNA44	90
f3a1a33e2ad645d3120473197e1d719a	EDNA63	9
f3a1a33e2ad645d3120473197e1d719a	EDNA54	2
f3a1a33e2ad645d3120473197e1d719a	EDNA45	105
f3a1a33e2ad645d3120473197e1d719a	EDNA55	2
f3a1a33e2ad645d3120473197e1d719a	EDNA46	14
f3a1a33e2ad645d3120473197e1d719a	EDNA56	4
f3a1a33e2ad645d3120473197e1d719a	EDNA47	5
f3a1a33e2ad645d3120473197e1d719a	EDNA57	10
f3a1a33e2ad645d3120473197e1d719a	EDNA48	4
f3a1a33e2ad645d3120473197e1d719a	EDNA58	4
f3a1a33e2ad645d3120473197e1d719a	EDNA59	2
b9622e7310221667648f515414f16649	MB20	1850
b9622e7310221667648f515414f16649	EDNA80	8
b9622e7310221667648f515414f16649	EDNA71	34
b9622e7310221667648f515414f16649	EDNA91	18
b9622e7310221667648f515414f16649	EDNA73	135
b9622e7310221667648f515414f16649	EDNA56	4
bc5fdba073473c44156df3f7437b21f8	EDNA87	60
bc5fdba073473c44156df3f7437b21f8	MB20	55
bc5fdba073473c44156df3f7437b21f8	EDNA79	103
bc5fdba073473c44156df3f7437b21f8	MB21	47
bc5fdba073473c44156df3f7437b21f8	MB22	2
bc5fdba073473c44156df3f7437b21f8	EDNA99	2
bc5fdba073473c44156df3f7437b21f8	MB23	4
bc5fdba073473c44156df3f7437b21f8	EDNA80	341
bc5fdba073473c44156df3f7437b21f8	EDNA81	413
bc5fdba073473c44156df3f7437b21f8	EDNA91	17
bc5fdba073473c44156df3f7437b21f8	EDNA82	70
bc5fdba073473c44156df3f7437b21f8	EDNA73	130
bc5fdba073473c44156df3f7437b21f8	MB19	67
bc5fdba073473c44156df3f7437b21f8	EDNA92	21
bc5fdba073473c44156df3f7437b21f8	EDNA83	53
bc5fdba073473c44156df3f7437b21f8	EDNA74	115
bc5fdba073473c44156df3f7437b21f8	EDNA93	19
bc5fdba073473c44156df3f7437b21f8	EDNA84	56
bc5fdba073473c44156df3f7437b21f8	EDNA75	73
bc5fdba073473c44156df3f7437b21f8	EDNA85	193
bc5fdba073473c44156df3f7437b21f8	EDNA95	2
bc5fdba073473c44156df3f7437b21f8	EDNA86	99
5dec6baaeb18ab8fef7349d0bfa54c42	MB8	1098
5dec6baaeb18ab8fef7349d0bfa54c42	MB9	132
5dec6baaeb18ab8fef7349d0bfa54c42	EDNA14	4
5dec6baaeb18ab8fef7349d0bfa54c42	EDNA24	17
5dec6baaeb18ab8fef7349d0bfa54c42	EDNA71	7
5dec6baaeb18ab8fef7349d0bfa54c42	MB2	64
5dec6baaeb18ab8fef7349d0bfa54c42	EDNA27	3
5dec6baaeb18ab8fef7349d0bfa54c42	MB3	112
5dec6baaeb18ab8fef7349d0bfa54c42	MB18	5
5dec6baaeb18ab8fef7349d0bfa54c42	MB4	71
5dec6baaeb18ab8fef7349d0bfa54c42	EDNA10	413
b699a977dc79af3d7adc1ab2441c7d13	EDNA69	235
b699a977dc79af3d7adc1ab2441c7d13	MB21	2
b699a977dc79af3d7adc1ab2441c7d13	EDNA70	84
b699a977dc79af3d7adc1ab2441c7d13	EDNA71	191
b699a977dc79af3d7adc1ab2441c7d13	MB17	311
b699a977dc79af3d7adc1ab2441c7d13	MB18	118
b699a977dc79af3d7adc1ab2441c7d13	EDNA82	1
b699a977dc79af3d7adc1ab2441c7d13	EDNA74	6
b699a977dc79af3d7adc1ab2441c7d13	EDNA75	10
b699a977dc79af3d7adc1ab2441c7d13	EDNA67	898
b699a977dc79af3d7adc1ab2441c7d13	EDNA68	70
7544955eed82887ce913a29470e7153d	EDNA96	1
7544955eed82887ce913a29470e7153d	EDNA87	12
7544955eed82887ce913a29470e7153d	EDNA69	69
7544955eed82887ce913a29470e7153d	EDNA11	1
7544955eed82887ce913a29470e7153d	EDNA79	121
7544955eed82887ce913a29470e7153d	MB21	5
7544955eed82887ce913a29470e7153d	EDNA40	39
7544955eed82887ce913a29470e7153d	EDNA41	6
7544955eed82887ce913a29470e7153d	EDNA42	59
7544955eed82887ce913a29470e7153d	EDNA15	5
7544955eed82887ce913a29470e7153d	EDNA70	47
7544955eed82887ce913a29470e7153d	EDNA43	8
7544955eed82887ce913a29470e7153d	EDNA80	40
7544955eed82887ce913a29470e7153d	EDNA62	5
7544955eed82887ce913a29470e7153d	EDNA44	65
7544955eed82887ce913a29470e7153d	MB2	4
7544955eed82887ce913a29470e7153d	EDNA81	119
7544955eed82887ce913a29470e7153d	EDNA63	1
7544955eed82887ce913a29470e7153d	EDNA45	69
7544955eed82887ce913a29470e7153d	EDNA91	12
7544955eed82887ce913a29470e7153d	EDNA82	329
7544955eed82887ce913a29470e7153d	EDNA73	17
7544955eed82887ce913a29470e7153d	EDNA92	7
7544955eed82887ce913a29470e7153d	EDNA83	384
7544955eed82887ce913a29470e7153d	EDNA84	126
7544955eed82887ce913a29470e7153d	EDNA75	21
7544955eed82887ce913a29470e7153d	EDNA94	9
7544955eed82887ce913a29470e7153d	EDNA85	34
7544955eed82887ce913a29470e7153d	EDNA67	158
7544955eed82887ce913a29470e7153d	EDNA95	1
7544955eed82887ce913a29470e7153d	EDNA86	20
7544955eed82887ce913a29470e7153d	EDNA68	99
61a86b5de7ae87030797f6ca9b2a9f29	EDNA96	1
61a86b5de7ae87030797f6ca9b2a9f29	EDNA87	3
61a86b5de7ae87030797f6ca9b2a9f29	EDNA69	102
61a86b5de7ae87030797f6ca9b2a9f29	EDNA79	3
61a86b5de7ae87030797f6ca9b2a9f29	EDNA70	232
61a86b5de7ae87030797f6ca9b2a9f29	EDNA80	3
61a86b5de7ae87030797f6ca9b2a9f29	EDNA71	224
61a86b5de7ae87030797f6ca9b2a9f29	EDNA81	15
61a86b5de7ae87030797f6ca9b2a9f29	EDNA91	4
61a86b5de7ae87030797f6ca9b2a9f29	EDNA82	31
61a86b5de7ae87030797f6ca9b2a9f29	EDNA73	247
61a86b5de7ae87030797f6ca9b2a9f29	EDNA83	15
61a86b5de7ae87030797f6ca9b2a9f29	EDNA74	316
61a86b5de7ae87030797f6ca9b2a9f29	EDNA93	4
61a86b5de7ae87030797f6ca9b2a9f29	EDNA84	42
61a86b5de7ae87030797f6ca9b2a9f29	EDNA75	372
61a86b5de7ae87030797f6ca9b2a9f29	EDNA94	1
61a86b5de7ae87030797f6ca9b2a9f29	EDNA67	91
61a86b5de7ae87030797f6ca9b2a9f29	EDNA95	1
61a86b5de7ae87030797f6ca9b2a9f29	EDNA86	26
61a86b5de7ae87030797f6ca9b2a9f29	EDNA77	1
61a86b5de7ae87030797f6ca9b2a9f29	EDNA68	108
3542942c229b08cd0cdaca2a810fd35c	MB9	1113
3542942c229b08cd0cdaca2a810fd35c	MB20	25
3542942c229b08cd0cdaca2a810fd35c	MB12	31
3542942c229b08cd0cdaca2a810fd35c	EDNA31	21
3542942c229b08cd0cdaca2a810fd35c	EDNA22	19
3542942c229b08cd0cdaca2a810fd35c	MB23	24
3542942c229b08cd0cdaca2a810fd35c	MB15	41
3542942c229b08cd0cdaca2a810fd35c	MB16	32
3542942c229b08cd0cdaca2a810fd35c	EDNA26	14
3542942c229b08cd0cdaca2a810fd35c	MB2	24
3542942c229b08cd0cdaca2a810fd35c	MB4	317
3542942c229b08cd0cdaca2a810fd35c	EDNA47	19
3542942c229b08cd0cdaca2a810fd35c	MB5	88
3542942c229b08cd0cdaca2a810fd35c	EDNA48	33
3542942c229b08cd0cdaca2a810fd35c	MB7	29
8beda79e1e64a9a3ebdcc231e873eae7	EDNA46	8
8beda79e1e64a9a3ebdcc231e873eae7	EDNA1	41
8beda79e1e64a9a3ebdcc231e873eae7	EDNA47	19
8beda79e1e64a9a3ebdcc231e873eae7	EDNA2	4
8beda79e1e64a9a3ebdcc231e873eae7	EDNA60	10
8beda79e1e64a9a3ebdcc231e873eae7	EDNA48	3
8beda79e1e64a9a3ebdcc231e873eae7	EDNA61	7
8beda79e1e64a9a3ebdcc231e873eae7	EDNA62	9
8beda79e1e64a9a3ebdcc231e873eae7	EDNA63	7
8beda79e1e64a9a3ebdcc231e873eae7	EDNA80	9
8beda79e1e64a9a3ebdcc231e873eae7	EDNA81	18
8beda79e1e64a9a3ebdcc231e873eae7	EDNA82	9
8beda79e1e64a9a3ebdcc231e873eae7	EDNA83	19
8beda79e1e64a9a3ebdcc231e873eae7	EDNA84	6
8beda79e1e64a9a3ebdcc231e873eae7	EDNA86	2
8beda79e1e64a9a3ebdcc231e873eae7	EDNA87	4
8beda79e1e64a9a3ebdcc231e873eae7	EDNA10	1
8beda79e1e64a9a3ebdcc231e873eae7	EDNA11	1
8beda79e1e64a9a3ebdcc231e873eae7	EDNA13	6
8beda79e1e64a9a3ebdcc231e873eae7	EDNA14	4
8beda79e1e64a9a3ebdcc231e873eae7	EDNA16	2
8beda79e1e64a9a3ebdcc231e873eae7	EDNA17	3
8beda79e1e64a9a3ebdcc231e873eae7	EDNA18	3
8beda79e1e64a9a3ebdcc231e873eae7	EDNA31	523
8beda79e1e64a9a3ebdcc231e873eae7	EDNA32	148
8beda79e1e64a9a3ebdcc231e873eae7	EDNA33	88
8beda79e1e64a9a3ebdcc231e873eae7	EDNA34	133
8beda79e1e64a9a3ebdcc231e873eae7	EDNA35	123
8beda79e1e64a9a3ebdcc231e873eae7	EDNA36	152
8beda79e1e64a9a3ebdcc231e873eae7	EDNA55	4
8beda79e1e64a9a3ebdcc231e873eae7	EDNA56	4
8beda79e1e64a9a3ebdcc231e873eae7	EDNA57	14
8beda79e1e64a9a3ebdcc231e873eae7	EDNA58	13
8beda79e1e64a9a3ebdcc231e873eae7	EDNA59	11
8beda79e1e64a9a3ebdcc231e873eae7	EDNA75	15
8beda79e1e64a9a3ebdcc231e873eae7	EDNA91	30
8beda79e1e64a9a3ebdcc231e873eae7	EDNA92	52
8beda79e1e64a9a3ebdcc231e873eae7	EDNA93	17
8beda79e1e64a9a3ebdcc231e873eae7	EDNA94	21
8beda79e1e64a9a3ebdcc231e873eae7	EDNA95	44
8beda79e1e64a9a3ebdcc231e873eae7	EDNA96	48
8beda79e1e64a9a3ebdcc231e873eae7	EDNA97	44
8beda79e1e64a9a3ebdcc231e873eae7	EDNA98	36
8beda79e1e64a9a3ebdcc231e873eae7	EDNA99	23
8beda79e1e64a9a3ebdcc231e873eae7	EDNA22	12
8beda79e1e64a9a3ebdcc231e873eae7	EDNA24	22
8beda79e1e64a9a3ebdcc231e873eae7	EDNA25	13
8beda79e1e64a9a3ebdcc231e873eae7	EDNA27	12
785fa77967f74afc47ea4f11b956591d	MB21	85
785fa77967f74afc47ea4f11b956591d	MB24	1
785fa77967f74afc47ea4f11b956591d	EDNA81	13
785fa77967f74afc47ea4f11b956591d	MB18	6
785fa77967f74afc47ea4f11b956591d	EDNA82	491
785fa77967f74afc47ea4f11b956591d	MB19	8
785fa77967f74afc47ea4f11b956591d	EDNA83	706
785fa77967f74afc47ea4f11b956591d	EDNA84	413
785fa77967f74afc47ea4f11b956591d	EDNA75	71
773bf7492a2e703b0ee0ca2a4afe60dd	EDNA1	3
773bf7492a2e703b0ee0ca2a4afe60dd	EDNA2	2
773bf7492a2e703b0ee0ca2a4afe60dd	EDNA48	5
773bf7492a2e703b0ee0ca2a4afe60dd	EDNA3	7
773bf7492a2e703b0ee0ca2a4afe60dd	EDNA61	7
773bf7492a2e703b0ee0ca2a4afe60dd	EDNA63	3
773bf7492a2e703b0ee0ca2a4afe60dd	EDNA7	37
773bf7492a2e703b0ee0ca2a4afe60dd	EDNA8	45
773bf7492a2e703b0ee0ca2a4afe60dd	EDNA9	49
773bf7492a2e703b0ee0ca2a4afe60dd	EDNA80	5
773bf7492a2e703b0ee0ca2a4afe60dd	EDNA81	16
773bf7492a2e703b0ee0ca2a4afe60dd	EDNA83	4
773bf7492a2e703b0ee0ca2a4afe60dd	MB12	6
773bf7492a2e703b0ee0ca2a4afe60dd	MB13	9
773bf7492a2e703b0ee0ca2a4afe60dd	MB1	9
773bf7492a2e703b0ee0ca2a4afe60dd	MB2	36
773bf7492a2e703b0ee0ca2a4afe60dd	MB4	10
773bf7492a2e703b0ee0ca2a4afe60dd	MB6	15
773bf7492a2e703b0ee0ca2a4afe60dd	MB8	6
773bf7492a2e703b0ee0ca2a4afe60dd	EDNA10	33
773bf7492a2e703b0ee0ca2a4afe60dd	EDNA11	23
773bf7492a2e703b0ee0ca2a4afe60dd	EDNA12	42
773bf7492a2e703b0ee0ca2a4afe60dd	EDNA13	24
773bf7492a2e703b0ee0ca2a4afe60dd	EDNA14	20
773bf7492a2e703b0ee0ca2a4afe60dd	EDNA15	34
773bf7492a2e703b0ee0ca2a4afe60dd	EDNA16	49
773bf7492a2e703b0ee0ca2a4afe60dd	EDNA17	33
773bf7492a2e703b0ee0ca2a4afe60dd	EDNA18	67
773bf7492a2e703b0ee0ca2a4afe60dd	EDNA31	144
773bf7492a2e703b0ee0ca2a4afe60dd	EDNA32	77
773bf7492a2e703b0ee0ca2a4afe60dd	EDNA33	77
773bf7492a2e703b0ee0ca2a4afe60dd	EDNA36	6
773bf7492a2e703b0ee0ca2a4afe60dd	EDNA91	13
773bf7492a2e703b0ee0ca2a4afe60dd	EDNA92	9
773bf7492a2e703b0ee0ca2a4afe60dd	MB23	5
773bf7492a2e703b0ee0ca2a4afe60dd	EDNA22	32
773bf7492a2e703b0ee0ca2a4afe60dd	EDNA24	66
773bf7492a2e703b0ee0ca2a4afe60dd	EDNA25	254
773bf7492a2e703b0ee0ca2a4afe60dd	EDNA26	76
773bf7492a2e703b0ee0ca2a4afe60dd	EDNA27	75
773bf7492a2e703b0ee0ca2a4afe60dd	EDNA40	50
773bf7492a2e703b0ee0ca2a4afe60dd	EDNA41	52
773bf7492a2e703b0ee0ca2a4afe60dd	EDNA42	174
773bf7492a2e703b0ee0ca2a4afe60dd	EDNA43	33
773bf7492a2e703b0ee0ca2a4afe60dd	EDNA44	31
773bf7492a2e703b0ee0ca2a4afe60dd	EDNA45	9
db4a04343a174177ea7e65f4e137af8b	EDNA87	342
db4a04343a174177ea7e65f4e137af8b	MB21	228
db4a04343a174177ea7e65f4e137af8b	MB23	33
db4a04343a174177ea7e65f4e137af8b	EDNA83	466
db4a04343a174177ea7e65f4e137af8b	EDNA84	143
db4a04343a174177ea7e65f4e137af8b	EDNA86	563
fc6dd748ea31b3f4fd0ade27edc3a6e6	MB8	32
fc6dd748ea31b3f4fd0ade27edc3a6e6	MB10	15
fc6dd748ea31b3f4fd0ade27edc3a6e6	MB9	180
fc6dd748ea31b3f4fd0ade27edc3a6e6	MB20	23
fc6dd748ea31b3f4fd0ade27edc3a6e6	MB12	147
fc6dd748ea31b3f4fd0ade27edc3a6e6	MB22	18
fc6dd748ea31b3f4fd0ade27edc3a6e6	MB13	165
fc6dd748ea31b3f4fd0ade27edc3a6e6	MB23	23
fc6dd748ea31b3f4fd0ade27edc3a6e6	MB14	41
fc6dd748ea31b3f4fd0ade27edc3a6e6	MB15	99
fc6dd748ea31b3f4fd0ade27edc3a6e6	EDNA16	106
fc6dd748ea31b3f4fd0ade27edc3a6e6	MB1	316
fc6dd748ea31b3f4fd0ade27edc3a6e6	MB16	43
fc6dd748ea31b3f4fd0ade27edc3a6e6	EDNA62	96
fc6dd748ea31b3f4fd0ade27edc3a6e6	EDNA26	182
fc6dd748ea31b3f4fd0ade27edc3a6e6	MB2	69
fc6dd748ea31b3f4fd0ade27edc3a6e6	EDNA63	9
fc6dd748ea31b3f4fd0ade27edc3a6e6	MB4	18
fc6dd748ea31b3f4fd0ade27edc3a6e6	EDNA93	164
51f85df499ebfeac3b25d16ccea53ead	EDNA46	46
51f85df499ebfeac3b25d16ccea53ead	EDNA1	24
51f85df499ebfeac3b25d16ccea53ead	EDNA2	14
51f85df499ebfeac3b25d16ccea53ead	EDNA60	19
51f85df499ebfeac3b25d16ccea53ead	EDNA48	15
51f85df499ebfeac3b25d16ccea53ead	EDNA61	9
51f85df499ebfeac3b25d16ccea53ead	EDNA62	6
51f85df499ebfeac3b25d16ccea53ead	EDNA63	5
51f85df499ebfeac3b25d16ccea53ead	EDNA80	20
51f85df499ebfeac3b25d16ccea53ead	EDNA85	2
51f85df499ebfeac3b25d16ccea53ead	EDNA86	10
51f85df499ebfeac3b25d16ccea53ead	MB13	15
51f85df499ebfeac3b25d16ccea53ead	MB6	6
51f85df499ebfeac3b25d16ccea53ead	EDNA10	5
51f85df499ebfeac3b25d16ccea53ead	EDNA12	4
51f85df499ebfeac3b25d16ccea53ead	EDNA13	9
51f85df499ebfeac3b25d16ccea53ead	EDNA15	6
51f85df499ebfeac3b25d16ccea53ead	EDNA16	13
51f85df499ebfeac3b25d16ccea53ead	EDNA17	14
51f85df499ebfeac3b25d16ccea53ead	EDNA18	27
51f85df499ebfeac3b25d16ccea53ead	EDNA31	19
51f85df499ebfeac3b25d16ccea53ead	EDNA32	38
51f85df499ebfeac3b25d16ccea53ead	EDNA33	18
51f85df499ebfeac3b25d16ccea53ead	EDNA34	160
51f85df499ebfeac3b25d16ccea53ead	EDNA35	42
51f85df499ebfeac3b25d16ccea53ead	EDNA36	63
51f85df499ebfeac3b25d16ccea53ead	EDNA53	4
51f85df499ebfeac3b25d16ccea53ead	EDNA55	17
51f85df499ebfeac3b25d16ccea53ead	EDNA56	3
51f85df499ebfeac3b25d16ccea53ead	EDNA57	26
51f85df499ebfeac3b25d16ccea53ead	EDNA58	27
51f85df499ebfeac3b25d16ccea53ead	EDNA59	3
51f85df499ebfeac3b25d16ccea53ead	EDNA91	8
51f85df499ebfeac3b25d16ccea53ead	EDNA92	3
51f85df499ebfeac3b25d16ccea53ead	EDNA95	7
51f85df499ebfeac3b25d16ccea53ead	MB24	1
51f85df499ebfeac3b25d16ccea53ead	EDNA25	30
51f85df499ebfeac3b25d16ccea53ead	EDNA41	47
51f85df499ebfeac3b25d16ccea53ead	EDNA43	196
51f85df499ebfeac3b25d16ccea53ead	EDNA44	408
51f85df499ebfeac3b25d16ccea53ead	EDNA45	345
cb1e2ea4f406616c88c29c8bd60276ab	EDNA11	1
cb1e2ea4f406616c88c29c8bd60276ab	MB18	147
cb1e2ea4f406616c88c29c8bd60276ab	EDNA67	1210
cb1e2ea4f406616c88c29c8bd60276ab	EDNA68	288
dd66c16e7efb703c64b0c9ddf16d9c6e	MB10	42
dd66c16e7efb703c64b0c9ddf16d9c6e	EDNA87	39
dd66c16e7efb703c64b0c9ddf16d9c6e	MB9	45
dd66c16e7efb703c64b0c9ddf16d9c6e	MB11	45
dd66c16e7efb703c64b0c9ddf16d9c6e	EDNA12	25
dd66c16e7efb703c64b0c9ddf16d9c6e	EDNA31	75
dd66c16e7efb703c64b0c9ddf16d9c6e	MB13	59
dd66c16e7efb703c64b0c9ddf16d9c6e	EDNA99	30
dd66c16e7efb703c64b0c9ddf16d9c6e	EDNA41	46
dd66c16e7efb703c64b0c9ddf16d9c6e	MB23	36
dd66c16e7efb703c64b0c9ddf16d9c6e	EDNA42	16
dd66c16e7efb703c64b0c9ddf16d9c6e	EDNA33	30
dd66c16e7efb703c64b0c9ddf16d9c6e	MB24	334
dd66c16e7efb703c64b0c9ddf16d9c6e	MB15	57
dd66c16e7efb703c64b0c9ddf16d9c6e	EDNA34	16
dd66c16e7efb703c64b0c9ddf16d9c6e	MB25	64
dd66c16e7efb703c64b0c9ddf16d9c6e	EDNA3	11
dd66c16e7efb703c64b0c9ddf16d9c6e	MB2	191
dd66c16e7efb703c64b0c9ddf16d9c6e	EDNA45	42
dd66c16e7efb703c64b0c9ddf16d9c6e	EDNA27	39
dd66c16e7efb703c64b0c9ddf16d9c6e	EDNA18	22
dd66c16e7efb703c64b0c9ddf16d9c6e	EDNA46	47
dd66c16e7efb703c64b0c9ddf16d9c6e	MB4	43
dd66c16e7efb703c64b0c9ddf16d9c6e	MB19	79
dd66c16e7efb703c64b0c9ddf16d9c6e	EDNA47	34
dd66c16e7efb703c64b0c9ddf16d9c6e	MB5	21
dd66c16e7efb703c64b0c9ddf16d9c6e	EDNA84	9
dd66c16e7efb703c64b0c9ddf16d9c6e	MB6	43
dd66c16e7efb703c64b0c9ddf16d9c6e	EDNA85	27
dd66c16e7efb703c64b0c9ddf16d9c6e	EDNA58	33
dd66c16e7efb703c64b0c9ddf16d9c6e	EDNA86	44
e7cc08a40554b3ca8f3fe83d6cbac799	MB8	12
e7cc08a40554b3ca8f3fe83d6cbac799	MB10	5
e7cc08a40554b3ca8f3fe83d6cbac799	MB9	115
e7cc08a40554b3ca8f3fe83d6cbac799	MB20	29
e7cc08a40554b3ca8f3fe83d6cbac799	MB21	1
e7cc08a40554b3ca8f3fe83d6cbac799	MB12	24
e7cc08a40554b3ca8f3fe83d6cbac799	EDNA13	9
e7cc08a40554b3ca8f3fe83d6cbac799	MB22	11
e7cc08a40554b3ca8f3fe83d6cbac799	MB13	93
e7cc08a40554b3ca8f3fe83d6cbac799	EDNA99	39
e7cc08a40554b3ca8f3fe83d6cbac799	EDNA41	447
e7cc08a40554b3ca8f3fe83d6cbac799	MB23	59
e7cc08a40554b3ca8f3fe83d6cbac799	MB14	52
e7cc08a40554b3ca8f3fe83d6cbac799	EDNA60	138
e7cc08a40554b3ca8f3fe83d6cbac799	EDNA15	41
e7cc08a40554b3ca8f3fe83d6cbac799	MB24	35
e7cc08a40554b3ca8f3fe83d6cbac799	EDNA61	7
e7cc08a40554b3ca8f3fe83d6cbac799	MB16	113
e7cc08a40554b3ca8f3fe83d6cbac799	EDNA80	6
e7cc08a40554b3ca8f3fe83d6cbac799	EDNA44	204
e7cc08a40554b3ca8f3fe83d6cbac799	MB2	69
e7cc08a40554b3ca8f3fe83d6cbac799	EDNA82	4
e7cc08a40554b3ca8f3fe83d6cbac799	MB4	71
e7cc08a40554b3ca8f3fe83d6cbac799	EDNA56	11
e7cc08a40554b3ca8f3fe83d6cbac799	EDNA57	5
e7cc08a40554b3ca8f3fe83d6cbac799	MB6	31
e7cc08a40554b3ca8f3fe83d6cbac799	EDNA59	7
21d2c0d1933fc5fd8d15fa9d618c3ec7	MB8	15
21d2c0d1933fc5fd8d15fa9d618c3ec7	MB10	2
21d2c0d1933fc5fd8d15fa9d618c3ec7	MB9	77
21d2c0d1933fc5fd8d15fa9d618c3ec7	MB20	25
21d2c0d1933fc5fd8d15fa9d618c3ec7	MB11	1
21d2c0d1933fc5fd8d15fa9d618c3ec7	MB21	5
21d2c0d1933fc5fd8d15fa9d618c3ec7	MB12	20
21d2c0d1933fc5fd8d15fa9d618c3ec7	EDNA13	14
21d2c0d1933fc5fd8d15fa9d618c3ec7	MB22	5
21d2c0d1933fc5fd8d15fa9d618c3ec7	MB13	85
21d2c0d1933fc5fd8d15fa9d618c3ec7	EDNA99	44
21d2c0d1933fc5fd8d15fa9d618c3ec7	EDNA41	547
21d2c0d1933fc5fd8d15fa9d618c3ec7	MB23	35
21d2c0d1933fc5fd8d15fa9d618c3ec7	MB14	34
21d2c0d1933fc5fd8d15fa9d618c3ec7	EDNA60	107
21d2c0d1933fc5fd8d15fa9d618c3ec7	EDNA15	33
21d2c0d1933fc5fd8d15fa9d618c3ec7	MB24	30
21d2c0d1933fc5fd8d15fa9d618c3ec7	EDNA61	4
21d2c0d1933fc5fd8d15fa9d618c3ec7	MB16	87
21d2c0d1933fc5fd8d15fa9d618c3ec7	EDNA80	5
21d2c0d1933fc5fd8d15fa9d618c3ec7	EDNA44	258
21d2c0d1933fc5fd8d15fa9d618c3ec7	MB2	69
21d2c0d1933fc5fd8d15fa9d618c3ec7	EDNA82	9
21d2c0d1933fc5fd8d15fa9d618c3ec7	MB4	42
21d2c0d1933fc5fd8d15fa9d618c3ec7	EDNA56	10
21d2c0d1933fc5fd8d15fa9d618c3ec7	EDNA57	6
21d2c0d1933fc5fd8d15fa9d618c3ec7	MB6	8
21d2c0d1933fc5fd8d15fa9d618c3ec7	EDNA59	6
e197177a95738227d7ff724389286b12	MB8	409
e197177a95738227d7ff724389286b12	EDNA24	270
e197177a95738227d7ff724389286b12	MB2	98
e197177a95738227d7ff724389286b12	MB18	758
e197177a95738227d7ff724389286b12	MB4	34
bb8e8353cf6c04543bda304e13981e68	EDNA96	5
bb8e8353cf6c04543bda304e13981e68	EDNA87	14
bb8e8353cf6c04543bda304e13981e68	EDNA79	68
bb8e8353cf6c04543bda304e13981e68	EDNA41	7
bb8e8353cf6c04543bda304e13981e68	EDNA42	2
bb8e8353cf6c04543bda304e13981e68	EDNA80	112
bb8e8353cf6c04543bda304e13981e68	EDNA44	4
bb8e8353cf6c04543bda304e13981e68	EDNA81	151
bb8e8353cf6c04543bda304e13981e68	EDNA45	9
bb8e8353cf6c04543bda304e13981e68	EDNA91	6
bb8e8353cf6c04543bda304e13981e68	EDNA82	282
bb8e8353cf6c04543bda304e13981e68	EDNA55	4
bb8e8353cf6c04543bda304e13981e68	EDNA92	11
bb8e8353cf6c04543bda304e13981e68	EDNA83	443
bb8e8353cf6c04543bda304e13981e68	EDNA93	25
bb8e8353cf6c04543bda304e13981e68	EDNA84	378
bb8e8353cf6c04543bda304e13981e68	EDNA7	3
bb8e8353cf6c04543bda304e13981e68	EDNA85	6
bb8e8353cf6c04543bda304e13981e68	EDNA86	31
9a286589d59128d5798c6a6477696038	EDNA96	8
9a286589d59128d5798c6a6477696038	EDNA87	8
9a286589d59128d5798c6a6477696038	EDNA79	110
9a286589d59128d5798c6a6477696038	EDNA80	11
9a286589d59128d5798c6a6477696038	EDNA81	28
9a286589d59128d5798c6a6477696038	EDNA91	4
9a286589d59128d5798c6a6477696038	EDNA82	457
9a286589d59128d5798c6a6477696038	EDNA92	9
9a286589d59128d5798c6a6477696038	EDNA83	403
9a286589d59128d5798c6a6477696038	EDNA93	19
9a286589d59128d5798c6a6477696038	EDNA84	362
9a286589d59128d5798c6a6477696038	EDNA94	3
9a286589d59128d5798c6a6477696038	EDNA85	65
9a286589d59128d5798c6a6477696038	EDNA95	3
9a286589d59128d5798c6a6477696038	EDNA86	52
4b49cfcc1bec28d7301f2ac9779984f5	MB20	240
4b49cfcc1bec28d7301f2ac9779984f5	EDNA41	20
4b49cfcc1bec28d7301f2ac9779984f5	MB24	1279
ddc9f4e4dddb4de176acd0fcd1925d35	MB8	67
ddc9f4e4dddb4de176acd0fcd1925d35	EDNA12	87
ddc9f4e4dddb4de176acd0fcd1925d35	EDNA13	29
ddc9f4e4dddb4de176acd0fcd1925d35	EDNA24	90
ddc9f4e4dddb4de176acd0fcd1925d35	EDNA1	213
ddc9f4e4dddb4de176acd0fcd1925d35	EDNA15	16
ddc9f4e4dddb4de176acd0fcd1925d35	EDNA25	100
ddc9f4e4dddb4de176acd0fcd1925d35	MB1	274
ddc9f4e4dddb4de176acd0fcd1925d35	EDNA3	109
ddc9f4e4dddb4de176acd0fcd1925d35	MB2	48
ddc9f4e4dddb4de176acd0fcd1925d35	EDNA27	74
ddc9f4e4dddb4de176acd0fcd1925d35	MB4	5
ddc9f4e4dddb4de176acd0fcd1925d35	MB5	275
ddc9f4e4dddb4de176acd0fcd1925d35	EDNA8	99
ddc9f4e4dddb4de176acd0fcd1925d35	EDNA9	47
19d63164141d99e5e66d8b4f9c11c067	EDNA11	11
19d63164141d99e5e66d8b4f9c11c067	EDNA12	15
19d63164141d99e5e66d8b4f9c11c067	EDNA40	8
19d63164141d99e5e66d8b4f9c11c067	EDNA22	15
19d63164141d99e5e66d8b4f9c11c067	EDNA13	66
19d63164141d99e5e66d8b4f9c11c067	EDNA41	12
19d63164141d99e5e66d8b4f9c11c067	EDNA23	33
19d63164141d99e5e66d8b4f9c11c067	EDNA14	122
19d63164141d99e5e66d8b4f9c11c067	EDNA42	20
19d63164141d99e5e66d8b4f9c11c067	EDNA24	59
19d63164141d99e5e66d8b4f9c11c067	EDNA1	159
19d63164141d99e5e66d8b4f9c11c067	EDNA15	28
19d63164141d99e5e66d8b4f9c11c067	EDNA52	2
19d63164141d99e5e66d8b4f9c11c067	EDNA43	78
19d63164141d99e5e66d8b4f9c11c067	EDNA34	51
19d63164141d99e5e66d8b4f9c11c067	EDNA2	145
19d63164141d99e5e66d8b4f9c11c067	EDNA25	118
19d63164141d99e5e66d8b4f9c11c067	EDNA16	19
19d63164141d99e5e66d8b4f9c11c067	EDNA44	41
19d63164141d99e5e66d8b4f9c11c067	EDNA3	104
19d63164141d99e5e66d8b4f9c11c067	EDNA35	30
19d63164141d99e5e66d8b4f9c11c067	EDNA26	46
19d63164141d99e5e66d8b4f9c11c067	EDNA17	33
19d63164141d99e5e66d8b4f9c11c067	EDNA45	52
19d63164141d99e5e66d8b4f9c11c067	EDNA36	47
19d63164141d99e5e66d8b4f9c11c067	EDNA27	73
19d63164141d99e5e66d8b4f9c11c067	EDNA18	27
19d63164141d99e5e66d8b4f9c11c067	EDNA55	1
19d63164141d99e5e66d8b4f9c11c067	EDNA46	12
19d63164141d99e5e66d8b4f9c11c067	EDNA56	2
19d63164141d99e5e66d8b4f9c11c067	EDNA47	2
19d63164141d99e5e66d8b4f9c11c067	EDNA7	24
19d63164141d99e5e66d8b4f9c11c067	EDNA8	35
19d63164141d99e5e66d8b4f9c11c067	EDNA9	23
19d63164141d99e5e66d8b4f9c11c067	EDNA10	8
8ee7f3d0b3a16d05828b9fedac895856	CTRL3	1
8ee7f3d0b3a16d05828b9fedac895856	MB17	1363
8ee7f3d0b3a16d05828b9fedac895856	MB4	129
8fa4e839fb44ac183bdc6616dcaa1438	EDNA31	4
8fa4e839fb44ac183bdc6616dcaa1438	EDNA13	7
8fa4e839fb44ac183bdc6616dcaa1438	MB2	1145
8fa4e839fb44ac183bdc6616dcaa1438	EDNA18	2
8fa4e839fb44ac183bdc6616dcaa1438	MB4	189
8fa4e839fb44ac183bdc6616dcaa1438	MB5	5
8fa4e839fb44ac183bdc6616dcaa1438	EDNA9	112
8fa4e839fb44ac183bdc6616dcaa1438	EDNA10	7
f28ea0e96d660efc0e130e187b1f4064	EDNA69	87
f28ea0e96d660efc0e130e187b1f4064	MB20	1
f28ea0e96d660efc0e130e187b1f4064	MB22	10
f28ea0e96d660efc0e130e187b1f4064	EDNA71	22
f28ea0e96d660efc0e130e187b1f4064	MB17	417
f28ea0e96d660efc0e130e187b1f4064	MB18	353
f28ea0e96d660efc0e130e187b1f4064	MB19	349
f28ea0e96d660efc0e130e187b1f4064	EDNA85	6
f28ea0e96d660efc0e130e187b1f4064	EDNA67	148
f28ea0e96d660efc0e130e187b1f4064	EDNA68	56
d68cd81523f440a157564f03afcca65d	MB11	3
d68cd81523f440a157564f03afcca65d	MB13	25
d68cd81523f440a157564f03afcca65d	EDNA61	4
d68cd81523f440a157564f03afcca65d	EDNA43	276
d68cd81523f440a157564f03afcca65d	EDNA80	17
d68cd81523f440a157564f03afcca65d	EDNA62	7
d68cd81523f440a157564f03afcca65d	EDNA44	325
d68cd81523f440a157564f03afcca65d	EDNA63	1
d68cd81523f440a157564f03afcca65d	EDNA45	552
d68cd81523f440a157564f03afcca65d	EDNA36	75
d68cd81523f440a157564f03afcca65d	EDNA27	1
d68cd81523f440a157564f03afcca65d	EDNA46	23
d68cd81523f440a157564f03afcca65d	EDNA47	43
d68cd81523f440a157564f03afcca65d	EDNA94	42
d68cd81523f440a157564f03afcca65d	EDNA95	27
4dafd90d3cd09c856ec6677be0b8c37e	EDNA87	1
4dafd90d3cd09c856ec6677be0b8c37e	EDNA69	83
4dafd90d3cd09c856ec6677be0b8c37e	MB21	13
4dafd90d3cd09c856ec6677be0b8c37e	EDNA70	110
4dafd90d3cd09c856ec6677be0b8c37e	EDNA71	59
4dafd90d3cd09c856ec6677be0b8c37e	MB17	302
4dafd90d3cd09c856ec6677be0b8c37e	MB18	138
4dafd90d3cd09c856ec6677be0b8c37e	EDNA73	130
4dafd90d3cd09c856ec6677be0b8c37e	MB19	106
4dafd90d3cd09c856ec6677be0b8c37e	EDNA74	156
4dafd90d3cd09c856ec6677be0b8c37e	EDNA84	11
4dafd90d3cd09c856ec6677be0b8c37e	EDNA75	65
4dafd90d3cd09c856ec6677be0b8c37e	EDNA67	112
4dafd90d3cd09c856ec6677be0b8c37e	EDNA86	3
4dafd90d3cd09c856ec6677be0b8c37e	EDNA68	119
c94d41f30b565b9d420a5aaa7543139e	EDNA87	12
c94d41f30b565b9d420a5aaa7543139e	EDNA69	9
c94d41f30b565b9d420a5aaa7543139e	EDNA97	2
c94d41f30b565b9d420a5aaa7543139e	EDNA79	52
c94d41f30b565b9d420a5aaa7543139e	EDNA99	1
c94d41f30b565b9d420a5aaa7543139e	EDNA70	66
c94d41f30b565b9d420a5aaa7543139e	EDNA80	67
c94d41f30b565b9d420a5aaa7543139e	EDNA71	103
c94d41f30b565b9d420a5aaa7543139e	EDNA81	62
c94d41f30b565b9d420a5aaa7543139e	EDNA91	11
c94d41f30b565b9d420a5aaa7543139e	EDNA82	25
c94d41f30b565b9d420a5aaa7543139e	EDNA73	290
c94d41f30b565b9d420a5aaa7543139e	EDNA92	10
c94d41f30b565b9d420a5aaa7543139e	EDNA83	22
c94d41f30b565b9d420a5aaa7543139e	EDNA74	273
c94d41f30b565b9d420a5aaa7543139e	EDNA93	10
c94d41f30b565b9d420a5aaa7543139e	EDNA84	40
c94d41f30b565b9d420a5aaa7543139e	EDNA75	259
c94d41f30b565b9d420a5aaa7543139e	EDNA85	39
c94d41f30b565b9d420a5aaa7543139e	EDNA67	2
c94d41f30b565b9d420a5aaa7543139e	EDNA86	25
c94d41f30b565b9d420a5aaa7543139e	EDNA68	10
bd067359c317f4f51579193d497c5ec8	MB8	38
bd067359c317f4f51579193d497c5ec8	MB10	13
bd067359c317f4f51579193d497c5ec8	MB9	175
bd067359c317f4f51579193d497c5ec8	MB20	28
bd067359c317f4f51579193d497c5ec8	MB12	140
bd067359c317f4f51579193d497c5ec8	MB22	25
bd067359c317f4f51579193d497c5ec8	MB13	181
bd067359c317f4f51579193d497c5ec8	MB23	28
bd067359c317f4f51579193d497c5ec8	MB14	52
bd067359c317f4f51579193d497c5ec8	MB15	99
bd067359c317f4f51579193d497c5ec8	EDNA16	80
bd067359c317f4f51579193d497c5ec8	MB1	141
bd067359c317f4f51579193d497c5ec8	MB16	91
bd067359c317f4f51579193d497c5ec8	EDNA62	34
bd067359c317f4f51579193d497c5ec8	EDNA26	111
bd067359c317f4f51579193d497c5ec8	MB2	38
bd067359c317f4f51579193d497c5ec8	EDNA63	5
bd067359c317f4f51579193d497c5ec8	MB4	25
bd067359c317f4f51579193d497c5ec8	EDNA93	79
30464d77b3edef4296cf5338c5399a2c	MB17	454
30464d77b3edef4296cf5338c5399a2c	EDNA67	906
0d405590e78b3c3ec1e167c7a9feb8af	EDNA69	149
0d405590e78b3c3ec1e167c7a9feb8af	EDNA70	29
0d405590e78b3c3ec1e167c7a9feb8af	EDNA71	48
0d405590e78b3c3ec1e167c7a9feb8af	EDNA73	400
0d405590e78b3c3ec1e167c7a9feb8af	EDNA74	79
0d405590e78b3c3ec1e167c7a9feb8af	EDNA75	409
0d405590e78b3c3ec1e167c7a9feb8af	EDNA67	109
0d405590e78b3c3ec1e167c7a9feb8af	EDNA68	135
c01a9554a87164c4f7f97b07330f88e8	EDNA11	15
c01a9554a87164c4f7f97b07330f88e8	EDNA12	21
c01a9554a87164c4f7f97b07330f88e8	EDNA40	2
c01a9554a87164c4f7f97b07330f88e8	EDNA31	100
c01a9554a87164c4f7f97b07330f88e8	EDNA22	1
c01a9554a87164c4f7f97b07330f88e8	EDNA13	139
c01a9554a87164c4f7f97b07330f88e8	EDNA32	42
c01a9554a87164c4f7f97b07330f88e8	EDNA14	259
c01a9554a87164c4f7f97b07330f88e8	EDNA42	1
c01a9554a87164c4f7f97b07330f88e8	EDNA33	22
c01a9554a87164c4f7f97b07330f88e8	EDNA1	57
c01a9554a87164c4f7f97b07330f88e8	EDNA15	83
c01a9554a87164c4f7f97b07330f88e8	EDNA61	3
c01a9554a87164c4f7f97b07330f88e8	EDNA43	4
c01a9554a87164c4f7f97b07330f88e8	EDNA34	14
c01a9554a87164c4f7f97b07330f88e8	EDNA2	56
c01a9554a87164c4f7f97b07330f88e8	EDNA16	100
c01a9554a87164c4f7f97b07330f88e8	EDNA44	11
c01a9554a87164c4f7f97b07330f88e8	EDNA3	84
c01a9554a87164c4f7f97b07330f88e8	EDNA17	93
c01a9554a87164c4f7f97b07330f88e8	EDNA63	1
c01a9554a87164c4f7f97b07330f88e8	EDNA45	9
c01a9554a87164c4f7f97b07330f88e8	EDNA36	13
c01a9554a87164c4f7f97b07330f88e8	EDNA18	102
c01a9554a87164c4f7f97b07330f88e8	EDNA56	1
c01a9554a87164c4f7f97b07330f88e8	EDNA93	2
c01a9554a87164c4f7f97b07330f88e8	EDNA7	30
c01a9554a87164c4f7f97b07330f88e8	EDNA8	39
c01a9554a87164c4f7f97b07330f88e8	EDNA9	21
c01a9554a87164c4f7f97b07330f88e8	EDNA59	3
c01a9554a87164c4f7f97b07330f88e8	EDNA10	21
a966ca92a654f0b363c8568e10a96053	EDNA87	5
a966ca92a654f0b363c8568e10a96053	EDNA69	97
a966ca92a654f0b363c8568e10a96053	EDNA79	4
a966ca92a654f0b363c8568e10a96053	EDNA70	75
a966ca92a654f0b363c8568e10a96053	EDNA80	9
a966ca92a654f0b363c8568e10a96053	EDNA71	67
a966ca92a654f0b363c8568e10a96053	EDNA81	10
a966ca92a654f0b363c8568e10a96053	EDNA73	484
a966ca92a654f0b363c8568e10a96053	EDNA74	206
a966ca92a654f0b363c8568e10a96053	EDNA75	240
a966ca92a654f0b363c8568e10a96053	EDNA85	10
a966ca92a654f0b363c8568e10a96053	EDNA67	16
a966ca92a654f0b363c8568e10a96053	EDNA86	10
a966ca92a654f0b363c8568e10a96053	EDNA68	116
8d2d8847867cd9556f6959c5703e76df	EDNA13	6
8d2d8847867cd9556f6959c5703e76df	EDNA23	1241
8d2d8847867cd9556f6959c5703e76df	EDNA14	12
8d2d8847867cd9556f6959c5703e76df	EDNA15	7
8d2d8847867cd9556f6959c5703e76df	EDNA17	7
8d2d8847867cd9556f6959c5703e76df	EDNA18	8
8d2d8847867cd9556f6959c5703e76df	MB4	62
8d2d8847867cd9556f6959c5703e76df	MB6	2
40bbeac17fbd399fe240a7bfe4377d66	EDNA47	14
40bbeac17fbd399fe240a7bfe4377d66	EDNA2	9
40bbeac17fbd399fe240a7bfe4377d66	EDNA60	102
40bbeac17fbd399fe240a7bfe4377d66	EDNA48	7
40bbeac17fbd399fe240a7bfe4377d66	EDNA61	13
40bbeac17fbd399fe240a7bfe4377d66	EDNA62	19
40bbeac17fbd399fe240a7bfe4377d66	EDNA63	15
40bbeac17fbd399fe240a7bfe4377d66	EDNA80	33
40bbeac17fbd399fe240a7bfe4377d66	EDNA81	55
40bbeac17fbd399fe240a7bfe4377d66	EDNA82	39
40bbeac17fbd399fe240a7bfe4377d66	EDNA83	37
40bbeac17fbd399fe240a7bfe4377d66	EDNA84	47
40bbeac17fbd399fe240a7bfe4377d66	EDNA85	33
40bbeac17fbd399fe240a7bfe4377d66	EDNA86	22
40bbeac17fbd399fe240a7bfe4377d66	EDNA12	4
40bbeac17fbd399fe240a7bfe4377d66	EDNA13	7
40bbeac17fbd399fe240a7bfe4377d66	EDNA14	12
40bbeac17fbd399fe240a7bfe4377d66	EDNA15	7
40bbeac17fbd399fe240a7bfe4377d66	EDNA16	7
40bbeac17fbd399fe240a7bfe4377d66	EDNA18	26
40bbeac17fbd399fe240a7bfe4377d66	EDNA35	29
40bbeac17fbd399fe240a7bfe4377d66	EDNA36	27
40bbeac17fbd399fe240a7bfe4377d66	EDNA52	8
40bbeac17fbd399fe240a7bfe4377d66	EDNA55	27
40bbeac17fbd399fe240a7bfe4377d66	EDNA56	31
40bbeac17fbd399fe240a7bfe4377d66	EDNA57	37
40bbeac17fbd399fe240a7bfe4377d66	EDNA58	93
40bbeac17fbd399fe240a7bfe4377d66	EDNA59	143
40bbeac17fbd399fe240a7bfe4377d66	EDNA91	10
40bbeac17fbd399fe240a7bfe4377d66	EDNA92	14
40bbeac17fbd399fe240a7bfe4377d66	EDNA79	60
40bbeac17fbd399fe240a7bfe4377d66	EDNA93	14
40bbeac17fbd399fe240a7bfe4377d66	EDNA96	8
40bbeac17fbd399fe240a7bfe4377d66	EDNA97	7
40bbeac17fbd399fe240a7bfe4377d66	EDNA22	21
40bbeac17fbd399fe240a7bfe4377d66	EDNA23	104
40bbeac17fbd399fe240a7bfe4377d66	EDNA24	104
40bbeac17fbd399fe240a7bfe4377d66	EDNA25	6
40bbeac17fbd399fe240a7bfe4377d66	EDNA40	23
40bbeac17fbd399fe240a7bfe4377d66	EDNA41	33
40bbeac17fbd399fe240a7bfe4377d66	EDNA43	21
48825bbe1cb3ad31a3cba6da8c382742	MB9	8
48825bbe1cb3ad31a3cba6da8c382742	MB12	2
48825bbe1cb3ad31a3cba6da8c382742	MB22	4
48825bbe1cb3ad31a3cba6da8c382742	MB13	61
48825bbe1cb3ad31a3cba6da8c382742	MB23	14
48825bbe1cb3ad31a3cba6da8c382742	EDNA15	3
48825bbe1cb3ad31a3cba6da8c382742	MB16	21
48825bbe1cb3ad31a3cba6da8c382742	EDNA27	968
48825bbe1cb3ad31a3cba6da8c382742	MB19	53
48825bbe1cb3ad31a3cba6da8c382742	EDNA47	189
f1ffca604e860c39e1dd71d2b6356e78	MB8	52
f1ffca604e860c39e1dd71d2b6356e78	MB9	63
f1ffca604e860c39e1dd71d2b6356e78	MB12	2
f1ffca604e860c39e1dd71d2b6356e78	EDNA22	5
f1ffca604e860c39e1dd71d2b6356e78	EDNA14	74
f1ffca604e860c39e1dd71d2b6356e78	MB14	5
f1ffca604e860c39e1dd71d2b6356e78	EDNA2	6
f1ffca604e860c39e1dd71d2b6356e78	EDNA25	44
f1ffca604e860c39e1dd71d2b6356e78	MB25	12
f1ffca604e860c39e1dd71d2b6356e78	MB1	631
f1ffca604e860c39e1dd71d2b6356e78	MB2	121
f1ffca604e860c39e1dd71d2b6356e78	MB17	13
f1ffca604e860c39e1dd71d2b6356e78	MB18	121
f1ffca604e860c39e1dd71d2b6356e78	MB4	50
f1ffca604e860c39e1dd71d2b6356e78	EDNA38	28
f1ffca604e860c39e1dd71d2b6356e78	MB7	51
f1ffca604e860c39e1dd71d2b6356e78	EDNA10	41
32787968690cfc2a49fbf1916c6bd9e4	MB8	15
32787968690cfc2a49fbf1916c6bd9e4	EDNA96	66
32787968690cfc2a49fbf1916c6bd9e4	MB9	50
32787968690cfc2a49fbf1916c6bd9e4	EDNA97	17
32787968690cfc2a49fbf1916c6bd9e4	EDNA12	2
32787968690cfc2a49fbf1916c6bd9e4	EDNA98	16
32787968690cfc2a49fbf1916c6bd9e4	EDNA31	152
32787968690cfc2a49fbf1916c6bd9e4	EDNA22	10
32787968690cfc2a49fbf1916c6bd9e4	EDNA99	7
32787968690cfc2a49fbf1916c6bd9e4	EDNA32	45
32787968690cfc2a49fbf1916c6bd9e4	EDNA23	20
32787968690cfc2a49fbf1916c6bd9e4	MB23	2
32787968690cfc2a49fbf1916c6bd9e4	EDNA60	2
32787968690cfc2a49fbf1916c6bd9e4	EDNA33	59
32787968690cfc2a49fbf1916c6bd9e4	EDNA24	28
32787968690cfc2a49fbf1916c6bd9e4	MB24	2
32787968690cfc2a49fbf1916c6bd9e4	EDNA34	215
32787968690cfc2a49fbf1916c6bd9e4	EDNA2	13
32787968690cfc2a49fbf1916c6bd9e4	EDNA25	96
32787968690cfc2a49fbf1916c6bd9e4	MB25	22
32787968690cfc2a49fbf1916c6bd9e4	MB1	10
32787968690cfc2a49fbf1916c6bd9e4	EDNA62	3
32787968690cfc2a49fbf1916c6bd9e4	EDNA35	167
32787968690cfc2a49fbf1916c6bd9e4	EDNA26	34
32787968690cfc2a49fbf1916c6bd9e4	EDNA36	139
32787968690cfc2a49fbf1916c6bd9e4	EDNA27	31
32787968690cfc2a49fbf1916c6bd9e4	EDNA91	7
32787968690cfc2a49fbf1916c6bd9e4	MB6	8
32787968690cfc2a49fbf1916c6bd9e4	EDNA94	37
32787968690cfc2a49fbf1916c6bd9e4	EDNA9	2
32787968690cfc2a49fbf1916c6bd9e4	EDNA95	40
374ca21be3bed21e26c6d953304c86ba	EDNA46	28
374ca21be3bed21e26c6d953304c86ba	EDNA47	24
374ca21be3bed21e26c6d953304c86ba	EDNA60	36
374ca21be3bed21e26c6d953304c86ba	EDNA48	10
374ca21be3bed21e26c6d953304c86ba	EDNA61	56
374ca21be3bed21e26c6d953304c86ba	EDNA62	41
374ca21be3bed21e26c6d953304c86ba	EDNA63	47
374ca21be3bed21e26c6d953304c86ba	EDNA80	1
374ca21be3bed21e26c6d953304c86ba	EDNA83	3
374ca21be3bed21e26c6d953304c86ba	EDNA85	3
374ca21be3bed21e26c6d953304c86ba	EDNA34	8
374ca21be3bed21e26c6d953304c86ba	EDNA36	3
374ca21be3bed21e26c6d953304c86ba	EDNA52	30
374ca21be3bed21e26c6d953304c86ba	EDNA53	14
374ca21be3bed21e26c6d953304c86ba	EDNA54	31
374ca21be3bed21e26c6d953304c86ba	EDNA55	42
374ca21be3bed21e26c6d953304c86ba	EDNA56	28
374ca21be3bed21e26c6d953304c86ba	EDNA57	61
374ca21be3bed21e26c6d953304c86ba	EDNA58	182
374ca21be3bed21e26c6d953304c86ba	EDNA59	18
374ca21be3bed21e26c6d953304c86ba	EDNA91	3
374ca21be3bed21e26c6d953304c86ba	EDNA93	5
374ca21be3bed21e26c6d953304c86ba	EDNA94	4
374ca21be3bed21e26c6d953304c86ba	EDNA95	1
374ca21be3bed21e26c6d953304c86ba	EDNA96	4
374ca21be3bed21e26c6d953304c86ba	EDNA97	1
374ca21be3bed21e26c6d953304c86ba	EDNA98	6
374ca21be3bed21e26c6d953304c86ba	EDNA99	6
374ca21be3bed21e26c6d953304c86ba	EDNA22	10
374ca21be3bed21e26c6d953304c86ba	EDNA23	43
374ca21be3bed21e26c6d953304c86ba	EDNA24	14
374ca21be3bed21e26c6d953304c86ba	EDNA25	4
374ca21be3bed21e26c6d953304c86ba	EDNA26	8
374ca21be3bed21e26c6d953304c86ba	EDNA27	2
374ca21be3bed21e26c6d953304c86ba	EDNA40	27
374ca21be3bed21e26c6d953304c86ba	EDNA41	11
374ca21be3bed21e26c6d953304c86ba	EDNA42	5
374ca21be3bed21e26c6d953304c86ba	EDNA43	113
374ca21be3bed21e26c6d953304c86ba	EDNA44	297
374ca21be3bed21e26c6d953304c86ba	EDNA45	86
021dc85261c3e10280b1580acbd26b8f	EDNA11	12
021dc85261c3e10280b1580acbd26b8f	EDNA22	8
021dc85261c3e10280b1580acbd26b8f	EDNA1	112
021dc85261c3e10280b1580acbd26b8f	EDNA17	8
021dc85261c3e10280b1580acbd26b8f	MB3	882
021dc85261c3e10280b1580acbd26b8f	MB7	255
7d41ecdaa3766365f655a5700bd35fb8	EDNA96	4
7d41ecdaa3766365f655a5700bd35fb8	EDNA87	30
7d41ecdaa3766365f655a5700bd35fb8	EDNA79	133
7d41ecdaa3766365f655a5700bd35fb8	EDNA40	16
7d41ecdaa3766365f655a5700bd35fb8	EDNA13	4
7d41ecdaa3766365f655a5700bd35fb8	EDNA99	4
7d41ecdaa3766365f655a5700bd35fb8	EDNA41	29
7d41ecdaa3766365f655a5700bd35fb8	EDNA23	35
7d41ecdaa3766365f655a5700bd35fb8	EDNA60	33
7d41ecdaa3766365f655a5700bd35fb8	EDNA42	50
7d41ecdaa3766365f655a5700bd35fb8	EDNA61	4
7d41ecdaa3766365f655a5700bd35fb8	EDNA43	5
7d41ecdaa3766365f655a5700bd35fb8	EDNA16	4
7d41ecdaa3766365f655a5700bd35fb8	EDNA80	129
7d41ecdaa3766365f655a5700bd35fb8	EDNA62	3
7d41ecdaa3766365f655a5700bd35fb8	EDNA53	10
7d41ecdaa3766365f655a5700bd35fb8	EDNA44	14
7d41ecdaa3766365f655a5700bd35fb8	EDNA81	183
7d41ecdaa3766365f655a5700bd35fb8	EDNA63	12
7d41ecdaa3766365f655a5700bd35fb8	EDNA54	9
7d41ecdaa3766365f655a5700bd35fb8	EDNA18	9
7d41ecdaa3766365f655a5700bd35fb8	EDNA91	32
7d41ecdaa3766365f655a5700bd35fb8	EDNA82	96
7d41ecdaa3766365f655a5700bd35fb8	EDNA55	15
7d41ecdaa3766365f655a5700bd35fb8	EDNA46	35
7d41ecdaa3766365f655a5700bd35fb8	EDNA92	10
7d41ecdaa3766365f655a5700bd35fb8	EDNA83	74
7d41ecdaa3766365f655a5700bd35fb8	EDNA56	20
7d41ecdaa3766365f655a5700bd35fb8	EDNA47	17
7d41ecdaa3766365f655a5700bd35fb8	EDNA93	14
7d41ecdaa3766365f655a5700bd35fb8	EDNA84	36
7d41ecdaa3766365f655a5700bd35fb8	EDNA57	30
7d41ecdaa3766365f655a5700bd35fb8	EDNA48	6
7d41ecdaa3766365f655a5700bd35fb8	EDNA85	69
7d41ecdaa3766365f655a5700bd35fb8	EDNA58	19
7d41ecdaa3766365f655a5700bd35fb8	EDNA95	19
7d41ecdaa3766365f655a5700bd35fb8	EDNA86	32
7d41ecdaa3766365f655a5700bd35fb8	EDNA59	32
924d3234edcb4106a7a8acb317cc6722	MB3	197
924d3234edcb4106a7a8acb317cc6722	MB18	1078
6304efc9111af264c2d96250eb7a373a	EDNA11	9
6304efc9111af264c2d96250eb7a373a	MB9	2
6304efc9111af264c2d96250eb7a373a	MB11	7
6304efc9111af264c2d96250eb7a373a	EDNA79	28
6304efc9111af264c2d96250eb7a373a	EDNA12	15
6304efc9111af264c2d96250eb7a373a	EDNA40	45
6304efc9111af264c2d96250eb7a373a	EDNA31	17
6304efc9111af264c2d96250eb7a373a	EDNA13	28
6304efc9111af264c2d96250eb7a373a	MB13	5
6304efc9111af264c2d96250eb7a373a	EDNA23	87
6304efc9111af264c2d96250eb7a373a	EDNA14	64
6304efc9111af264c2d96250eb7a373a	MB23	3
6304efc9111af264c2d96250eb7a373a	EDNA15	40
6304efc9111af264c2d96250eb7a373a	EDNA61	3
6304efc9111af264c2d96250eb7a373a	EDNA43	218
6304efc9111af264c2d96250eb7a373a	EDNA16	25
6304efc9111af264c2d96250eb7a373a	EDNA62	4
6304efc9111af264c2d96250eb7a373a	EDNA44	42
6304efc9111af264c2d96250eb7a373a	EDNA26	13
6304efc9111af264c2d96250eb7a373a	EDNA17	24
6304efc9111af264c2d96250eb7a373a	MB2	43
6304efc9111af264c2d96250eb7a373a	EDNA81	25
6304efc9111af264c2d96250eb7a373a	EDNA63	7
6304efc9111af264c2d96250eb7a373a	EDNA45	191
6304efc9111af264c2d96250eb7a373a	EDNA18	119
6304efc9111af264c2d96250eb7a373a	EDNA91	4
6304efc9111af264c2d96250eb7a373a	MB4	14
6304efc9111af264c2d96250eb7a373a	EDNA92	17
6304efc9111af264c2d96250eb7a373a	EDNA93	26
6304efc9111af264c2d96250eb7a373a	EDNA7	44
6304efc9111af264c2d96250eb7a373a	EDNA94	14
6304efc9111af264c2d96250eb7a373a	EDNA8	44
6304efc9111af264c2d96250eb7a373a	EDNA85	16
6304efc9111af264c2d96250eb7a373a	EDNA95	16
6304efc9111af264c2d96250eb7a373a	EDNA10	4
aefb0d2c4e49b0fa2698da48cef672e4	EDNA87	5
aefb0d2c4e49b0fa2698da48cef672e4	EDNA69	4
aefb0d2c4e49b0fa2698da48cef672e4	EDNA79	5
aefb0d2c4e49b0fa2698da48cef672e4	EDNA70	122
aefb0d2c4e49b0fa2698da48cef672e4	EDNA80	1
aefb0d2c4e49b0fa2698da48cef672e4	EDNA71	98
aefb0d2c4e49b0fa2698da48cef672e4	EDNA81	11
aefb0d2c4e49b0fa2698da48cef672e4	EDNA82	1
aefb0d2c4e49b0fa2698da48cef672e4	EDNA73	421
aefb0d2c4e49b0fa2698da48cef672e4	EDNA92	1
aefb0d2c4e49b0fa2698da48cef672e4	EDNA83	1
aefb0d2c4e49b0fa2698da48cef672e4	EDNA74	316
aefb0d2c4e49b0fa2698da48cef672e4	EDNA93	3
aefb0d2c4e49b0fa2698da48cef672e4	EDNA75	231
aefb0d2c4e49b0fa2698da48cef672e4	EDNA85	8
aefb0d2c4e49b0fa2698da48cef672e4	EDNA67	11
aefb0d2c4e49b0fa2698da48cef672e4	EDNA68	12
73cbce525b122d86910fdc75bcf2fde5	EDNA46	47
73cbce525b122d86910fdc75bcf2fde5	EDNA47	50
73cbce525b122d86910fdc75bcf2fde5	EDNA60	8
73cbce525b122d86910fdc75bcf2fde5	EDNA48	42
73cbce525b122d86910fdc75bcf2fde5	EDNA61	33
73cbce525b122d86910fdc75bcf2fde5	EDNA62	17
73cbce525b122d86910fdc75bcf2fde5	EDNA63	21
73cbce525b122d86910fdc75bcf2fde5	EDNA80	9
73cbce525b122d86910fdc75bcf2fde5	EDNA67	3
73cbce525b122d86910fdc75bcf2fde5	EDNA81	12
73cbce525b122d86910fdc75bcf2fde5	EDNA82	27
73cbce525b122d86910fdc75bcf2fde5	EDNA69	5
73cbce525b122d86910fdc75bcf2fde5	EDNA83	56
73cbce525b122d86910fdc75bcf2fde5	EDNA84	37
73cbce525b122d86910fdc75bcf2fde5	EDNA85	12
73cbce525b122d86910fdc75bcf2fde5	EDNA86	4
73cbce525b122d86910fdc75bcf2fde5	EDNA87	9
73cbce525b122d86910fdc75bcf2fde5	EDNA14	3
73cbce525b122d86910fdc75bcf2fde5	EDNA15	1
73cbce525b122d86910fdc75bcf2fde5	EDNA34	15
73cbce525b122d86910fdc75bcf2fde5	EDNA35	19
73cbce525b122d86910fdc75bcf2fde5	EDNA36	42
73cbce525b122d86910fdc75bcf2fde5	EDNA52	24
73cbce525b122d86910fdc75bcf2fde5	EDNA53	26
73cbce525b122d86910fdc75bcf2fde5	EDNA54	20
73cbce525b122d86910fdc75bcf2fde5	EDNA55	44
73cbce525b122d86910fdc75bcf2fde5	EDNA56	17
73cbce525b122d86910fdc75bcf2fde5	EDNA57	33
73cbce525b122d86910fdc75bcf2fde5	EDNA58	30
73cbce525b122d86910fdc75bcf2fde5	EDNA59	16
73cbce525b122d86910fdc75bcf2fde5	EDNA73	37
73cbce525b122d86910fdc75bcf2fde5	EDNA74	7
73cbce525b122d86910fdc75bcf2fde5	EDNA75	1
73cbce525b122d86910fdc75bcf2fde5	EDNA91	41
73cbce525b122d86910fdc75bcf2fde5	EDNA92	7
73cbce525b122d86910fdc75bcf2fde5	EDNA79	4
73cbce525b122d86910fdc75bcf2fde5	EDNA93	47
73cbce525b122d86910fdc75bcf2fde5	EDNA94	9
73cbce525b122d86910fdc75bcf2fde5	EDNA95	17
73cbce525b122d86910fdc75bcf2fde5	EDNA96	8
73cbce525b122d86910fdc75bcf2fde5	EDNA97	18
73cbce525b122d86910fdc75bcf2fde5	EDNA98	17
73cbce525b122d86910fdc75bcf2fde5	EDNA99	22
73cbce525b122d86910fdc75bcf2fde5	EDNA22	3
73cbce525b122d86910fdc75bcf2fde5	EDNA23	19
73cbce525b122d86910fdc75bcf2fde5	EDNA24	8
73cbce525b122d86910fdc75bcf2fde5	EDNA25	7
73cbce525b122d86910fdc75bcf2fde5	EDNA26	2
73cbce525b122d86910fdc75bcf2fde5	EDNA27	2
73cbce525b122d86910fdc75bcf2fde5	EDNA40	70
73cbce525b122d86910fdc75bcf2fde5	EDNA41	70
73cbce525b122d86910fdc75bcf2fde5	EDNA42	35
73cbce525b122d86910fdc75bcf2fde5	EDNA43	27
73cbce525b122d86910fdc75bcf2fde5	EDNA44	41
73cbce525b122d86910fdc75bcf2fde5	EDNA45	29
86672f93b12b2595d49de7fd72e40d7d	EDNA96	8
86672f93b12b2595d49de7fd72e40d7d	EDNA87	7
86672f93b12b2595d49de7fd72e40d7d	EDNA69	103
86672f93b12b2595d49de7fd72e40d7d	MB11	3
86672f93b12b2595d49de7fd72e40d7d	EDNA79	26
86672f93b12b2595d49de7fd72e40d7d	MB13	1
86672f93b12b2595d49de7fd72e40d7d	EDNA41	4
86672f93b12b2595d49de7fd72e40d7d	EDNA70	56
86672f93b12b2595d49de7fd72e40d7d	EDNA43	11
86672f93b12b2595d49de7fd72e40d7d	EDNA80	21
86672f93b12b2595d49de7fd72e40d7d	EDNA71	7
86672f93b12b2595d49de7fd72e40d7d	EDNA44	66
86672f93b12b2595d49de7fd72e40d7d	EDNA81	42
86672f93b12b2595d49de7fd72e40d7d	EDNA63	1
86672f93b12b2595d49de7fd72e40d7d	EDNA45	8
86672f93b12b2595d49de7fd72e40d7d	EDNA91	9
86672f93b12b2595d49de7fd72e40d7d	EDNA82	20
86672f93b12b2595d49de7fd72e40d7d	EDNA73	324
86672f93b12b2595d49de7fd72e40d7d	EDNA92	6
86672f93b12b2595d49de7fd72e40d7d	EDNA83	133
86672f93b12b2595d49de7fd72e40d7d	EDNA74	86
86672f93b12b2595d49de7fd72e40d7d	EDNA84	63
86672f93b12b2595d49de7fd72e40d7d	EDNA75	70
86672f93b12b2595d49de7fd72e40d7d	EDNA57	2
86672f93b12b2595d49de7fd72e40d7d	EDNA94	7
86672f93b12b2595d49de7fd72e40d7d	EDNA85	19
86672f93b12b2595d49de7fd72e40d7d	EDNA67	81
86672f93b12b2595d49de7fd72e40d7d	EDNA58	1
86672f93b12b2595d49de7fd72e40d7d	EDNA86	14
86672f93b12b2595d49de7fd72e40d7d	EDNA68	24
8db53b43211082ebd7a6c4829d0aaf3f	EDNA1	15
8db53b43211082ebd7a6c4829d0aaf3f	EDNA47	35
8db53b43211082ebd7a6c4829d0aaf3f	EDNA60	29
8db53b43211082ebd7a6c4829d0aaf3f	EDNA3	60
8db53b43211082ebd7a6c4829d0aaf3f	EDNA61	21
8db53b43211082ebd7a6c4829d0aaf3f	EDNA62	21
8db53b43211082ebd7a6c4829d0aaf3f	EDNA63	21
8db53b43211082ebd7a6c4829d0aaf3f	EDNA7	28
8db53b43211082ebd7a6c4829d0aaf3f	EDNA8	30
8db53b43211082ebd7a6c4829d0aaf3f	EDNA9	79
8db53b43211082ebd7a6c4829d0aaf3f	MB11	2
8db53b43211082ebd7a6c4829d0aaf3f	EDNA10	16
8db53b43211082ebd7a6c4829d0aaf3f	EDNA11	50
8db53b43211082ebd7a6c4829d0aaf3f	EDNA13	12
8db53b43211082ebd7a6c4829d0aaf3f	EDNA16	18
8db53b43211082ebd7a6c4829d0aaf3f	EDNA17	33
8db53b43211082ebd7a6c4829d0aaf3f	EDNA18	23
8db53b43211082ebd7a6c4829d0aaf3f	EDNA32	43
8db53b43211082ebd7a6c4829d0aaf3f	EDNA34	23
8db53b43211082ebd7a6c4829d0aaf3f	EDNA35	109
8db53b43211082ebd7a6c4829d0aaf3f	EDNA36	30
8db53b43211082ebd7a6c4829d0aaf3f	EDNA53	37
8db53b43211082ebd7a6c4829d0aaf3f	EDNA54	12
8db53b43211082ebd7a6c4829d0aaf3f	EDNA55	19
8db53b43211082ebd7a6c4829d0aaf3f	EDNA56	36
8db53b43211082ebd7a6c4829d0aaf3f	EDNA57	28
8db53b43211082ebd7a6c4829d0aaf3f	EDNA58	14
8db53b43211082ebd7a6c4829d0aaf3f	EDNA59	11
8db53b43211082ebd7a6c4829d0aaf3f	EDNA91	21
8db53b43211082ebd7a6c4829d0aaf3f	EDNA92	19
8db53b43211082ebd7a6c4829d0aaf3f	EDNA94	10
8db53b43211082ebd7a6c4829d0aaf3f	EDNA96	29
8db53b43211082ebd7a6c4829d0aaf3f	EDNA98	9
8db53b43211082ebd7a6c4829d0aaf3f	EDNA99	6
8db53b43211082ebd7a6c4829d0aaf3f	EDNA24	18
8db53b43211082ebd7a6c4829d0aaf3f	EDNA25	46
8db53b43211082ebd7a6c4829d0aaf3f	EDNA27	24
8db53b43211082ebd7a6c4829d0aaf3f	EDNA40	40
8db53b43211082ebd7a6c4829d0aaf3f	EDNA41	14
8db53b43211082ebd7a6c4829d0aaf3f	EDNA42	22
8db53b43211082ebd7a6c4829d0aaf3f	EDNA44	95
8db53b43211082ebd7a6c4829d0aaf3f	EDNA45	12
144cefdf120b2b96b046df76813dc5c6	EDNA11	38
144cefdf120b2b96b046df76813dc5c6	EDNA12	26
144cefdf120b2b96b046df76813dc5c6	EDNA22	57
144cefdf120b2b96b046df76813dc5c6	EDNA13	16
144cefdf120b2b96b046df76813dc5c6	EDNA23	71
144cefdf120b2b96b046df76813dc5c6	EDNA60	15
144cefdf120b2b96b046df76813dc5c6	EDNA42	60
144cefdf120b2b96b046df76813dc5c6	EDNA24	82
144cefdf120b2b96b046df76813dc5c6	EDNA1	25
144cefdf120b2b96b046df76813dc5c6	EDNA15	12
144cefdf120b2b96b046df76813dc5c6	EDNA61	19
144cefdf120b2b96b046df76813dc5c6	EDNA2	28
144cefdf120b2b96b046df76813dc5c6	EDNA25	28
144cefdf120b2b96b046df76813dc5c6	EDNA16	49
144cefdf120b2b96b046df76813dc5c6	EDNA62	26
144cefdf120b2b96b046df76813dc5c6	EDNA53	29
144cefdf120b2b96b046df76813dc5c6	EDNA44	52
144cefdf120b2b96b046df76813dc5c6	EDNA3	52
144cefdf120b2b96b046df76813dc5c6	EDNA26	18
144cefdf120b2b96b046df76813dc5c6	MB2	2
144cefdf120b2b96b046df76813dc5c6	EDNA63	26
144cefdf120b2b96b046df76813dc5c6	EDNA45	49
144cefdf120b2b96b046df76813dc5c6	EDNA27	48
144cefdf120b2b96b046df76813dc5c6	EDNA18	13
144cefdf120b2b96b046df76813dc5c6	EDNA55	26
144cefdf120b2b96b046df76813dc5c6	EDNA56	35
144cefdf120b2b96b046df76813dc5c6	EDNA47	25
144cefdf120b2b96b046df76813dc5c6	EDNA93	27
144cefdf120b2b96b046df76813dc5c6	EDNA57	48
144cefdf120b2b96b046df76813dc5c6	EDNA48	42
144cefdf120b2b96b046df76813dc5c6	EDNA8	32
144cefdf120b2b96b046df76813dc5c6	EDNA58	60
144cefdf120b2b96b046df76813dc5c6	EDNA9	45
144cefdf120b2b96b046df76813dc5c6	EDNA95	11
144cefdf120b2b96b046df76813dc5c6	EDNA59	27
5bffa89ad63de4d590145ba2cf147c17	MB8	53
5bffa89ad63de4d590145ba2cf147c17	MB12	53
5bffa89ad63de4d590145ba2cf147c17	MB24	257
5bffa89ad63de4d590145ba2cf147c17	MB2	556
5bffa89ad63de4d590145ba2cf147c17	EDNA45	226
5bffa89ad63de4d590145ba2cf147c17	MB6	73
c5b89b5a689fa5cbb11010ce894a845b	EDNA87	5
c5b89b5a689fa5cbb11010ce894a845b	EDNA79	7
c5b89b5a689fa5cbb11010ce894a845b	EDNA80	19
c5b89b5a689fa5cbb11010ce894a845b	EDNA71	27
c5b89b5a689fa5cbb11010ce894a845b	EDNA81	80
c5b89b5a689fa5cbb11010ce894a845b	EDNA91	2
c5b89b5a689fa5cbb11010ce894a845b	EDNA82	249
c5b89b5a689fa5cbb11010ce894a845b	EDNA73	8
c5b89b5a689fa5cbb11010ce894a845b	EDNA83	260
c5b89b5a689fa5cbb11010ce894a845b	EDNA74	127
c5b89b5a689fa5cbb11010ce894a845b	EDNA93	32
c5b89b5a689fa5cbb11010ce894a845b	EDNA84	310
c5b89b5a689fa5cbb11010ce894a845b	EDNA75	31
c5b89b5a689fa5cbb11010ce894a845b	EDNA94	1
c5b89b5a689fa5cbb11010ce894a845b	EDNA85	18
c5b89b5a689fa5cbb11010ce894a845b	EDNA86	35
e23473f378ca0e4417a7959f8c4cbea4	EDNA46	41
e23473f378ca0e4417a7959f8c4cbea4	EDNA47	50
e23473f378ca0e4417a7959f8c4cbea4	EDNA60	4
e23473f378ca0e4417a7959f8c4cbea4	EDNA48	18
e23473f378ca0e4417a7959f8c4cbea4	EDNA3	2
e23473f378ca0e4417a7959f8c4cbea4	EDNA61	2
e23473f378ca0e4417a7959f8c4cbea4	EDNA62	1
e23473f378ca0e4417a7959f8c4cbea4	EDNA63	1
e23473f378ca0e4417a7959f8c4cbea4	EDNA80	9
e23473f378ca0e4417a7959f8c4cbea4	EDNA81	16
e23473f378ca0e4417a7959f8c4cbea4	EDNA85	8
e23473f378ca0e4417a7959f8c4cbea4	EDNA86	16
e23473f378ca0e4417a7959f8c4cbea4	EDNA87	7
e23473f378ca0e4417a7959f8c4cbea4	EDNA11	3
e23473f378ca0e4417a7959f8c4cbea4	EDNA13	5
e23473f378ca0e4417a7959f8c4cbea4	EDNA14	12
e23473f378ca0e4417a7959f8c4cbea4	EDNA15	2
e23473f378ca0e4417a7959f8c4cbea4	EDNA16	1
e23473f378ca0e4417a7959f8c4cbea4	EDNA34	248
e23473f378ca0e4417a7959f8c4cbea4	EDNA35	70
e23473f378ca0e4417a7959f8c4cbea4	EDNA36	118
e23473f378ca0e4417a7959f8c4cbea4	EDNA52	4
e23473f378ca0e4417a7959f8c4cbea4	EDNA53	6
e23473f378ca0e4417a7959f8c4cbea4	EDNA54	1
e23473f378ca0e4417a7959f8c4cbea4	EDNA55	7
e23473f378ca0e4417a7959f8c4cbea4	EDNA56	6
e23473f378ca0e4417a7959f8c4cbea4	EDNA57	8
e23473f378ca0e4417a7959f8c4cbea4	EDNA58	7
e23473f378ca0e4417a7959f8c4cbea4	EDNA59	6
e23473f378ca0e4417a7959f8c4cbea4	EDNA91	9
e23473f378ca0e4417a7959f8c4cbea4	EDNA92	5
e23473f378ca0e4417a7959f8c4cbea4	EDNA93	17
e23473f378ca0e4417a7959f8c4cbea4	EDNA95	3
e23473f378ca0e4417a7959f8c4cbea4	EDNA96	2
e23473f378ca0e4417a7959f8c4cbea4	EDNA99	4
e23473f378ca0e4417a7959f8c4cbea4	EDNA22	3
e23473f378ca0e4417a7959f8c4cbea4	EDNA23	22
e23473f378ca0e4417a7959f8c4cbea4	EDNA25	18
e23473f378ca0e4417a7959f8c4cbea4	EDNA26	2
e23473f378ca0e4417a7959f8c4cbea4	EDNA27	6
e23473f378ca0e4417a7959f8c4cbea4	EDNA40	97
e23473f378ca0e4417a7959f8c4cbea4	EDNA41	45
e23473f378ca0e4417a7959f8c4cbea4	EDNA42	94
e23473f378ca0e4417a7959f8c4cbea4	EDNA43	87
e23473f378ca0e4417a7959f8c4cbea4	EDNA44	33
e23473f378ca0e4417a7959f8c4cbea4	EDNA45	80
0fe1c222eb134857fe67f121d90cee32	EDNA11	91
0fe1c222eb134857fe67f121d90cee32	EDNA12	40
0fe1c222eb134857fe67f121d90cee32	EDNA13	78
0fe1c222eb134857fe67f121d90cee32	EDNA14	277
0fe1c222eb134857fe67f121d90cee32	EDNA60	187
0fe1c222eb134857fe67f121d90cee32	EDNA15	94
0fe1c222eb134857fe67f121d90cee32	EDNA57	5
0fe1c222eb134857fe67f121d90cee32	EDNA58	118
0fe1c222eb134857fe67f121d90cee32	EDNA59	296
0fe1c222eb134857fe67f121d90cee32	EDNA10	16
205b9a5ed10a91d010d3a741801c7d0b	MB9	101
205b9a5ed10a91d010d3a741801c7d0b	MB12	263
205b9a5ed10a91d010d3a741801c7d0b	MB13	777
205b9a5ed10a91d010d3a741801c7d0b	EDNA24	38
9f3890d2ae8ebea971ed0a64e23bb1f7	EDNA1	111
9f3890d2ae8ebea971ed0a64e23bb1f7	EDNA2	57
9f3890d2ae8ebea971ed0a64e23bb1f7	EDNA60	4
9f3890d2ae8ebea971ed0a64e23bb1f7	EDNA3	95
9f3890d2ae8ebea971ed0a64e23bb1f7	EDNA61	15
9f3890d2ae8ebea971ed0a64e23bb1f7	EDNA63	4
9f3890d2ae8ebea971ed0a64e23bb1f7	EDNA7	27
9f3890d2ae8ebea971ed0a64e23bb1f7	EDNA8	35
9f3890d2ae8ebea971ed0a64e23bb1f7	EDNA9	78
9f3890d2ae8ebea971ed0a64e23bb1f7	MB11	24
9f3890d2ae8ebea971ed0a64e23bb1f7	MB15	3
9f3890d2ae8ebea971ed0a64e23bb1f7	MB1	95
9f3890d2ae8ebea971ed0a64e23bb1f7	MB16	3
9f3890d2ae8ebea971ed0a64e23bb1f7	MB2	10
9f3890d2ae8ebea971ed0a64e23bb1f7	MB4	19
9f3890d2ae8ebea971ed0a64e23bb1f7	MB6	40
9f3890d2ae8ebea971ed0a64e23bb1f7	MB9	23
9f3890d2ae8ebea971ed0a64e23bb1f7	CTRL2	4
9f3890d2ae8ebea971ed0a64e23bb1f7	EDNA10	29
9f3890d2ae8ebea971ed0a64e23bb1f7	EDNA11	14
9f3890d2ae8ebea971ed0a64e23bb1f7	EDNA12	22
9f3890d2ae8ebea971ed0a64e23bb1f7	EDNA13	19
9f3890d2ae8ebea971ed0a64e23bb1f7	EDNA14	13
9f3890d2ae8ebea971ed0a64e23bb1f7	EDNA15	1
9f3890d2ae8ebea971ed0a64e23bb1f7	EDNA16	11
9f3890d2ae8ebea971ed0a64e23bb1f7	EDNA17	14
9f3890d2ae8ebea971ed0a64e23bb1f7	EDNA18	39
9f3890d2ae8ebea971ed0a64e23bb1f7	EDNA31	132
9f3890d2ae8ebea971ed0a64e23bb1f7	EDNA32	45
9f3890d2ae8ebea971ed0a64e23bb1f7	EDNA33	10
9f3890d2ae8ebea971ed0a64e23bb1f7	EDNA35	8
9f3890d2ae8ebea971ed0a64e23bb1f7	EDNA36	26
9f3890d2ae8ebea971ed0a64e23bb1f7	EDNA52	6
9f3890d2ae8ebea971ed0a64e23bb1f7	EDNA53	8
9f3890d2ae8ebea971ed0a64e23bb1f7	EDNA54	6
9f3890d2ae8ebea971ed0a64e23bb1f7	EDNA55	1
9f3890d2ae8ebea971ed0a64e23bb1f7	EDNA56	5
9f3890d2ae8ebea971ed0a64e23bb1f7	EDNA57	9
9f3890d2ae8ebea971ed0a64e23bb1f7	EDNA58	9
9f3890d2ae8ebea971ed0a64e23bb1f7	EDNA59	2
9f3890d2ae8ebea971ed0a64e23bb1f7	EDNA96	10
9f3890d2ae8ebea971ed0a64e23bb1f7	EDNA97	6
9f3890d2ae8ebea971ed0a64e23bb1f7	EDNA98	2
9f3890d2ae8ebea971ed0a64e23bb1f7	MB23	1
9f3890d2ae8ebea971ed0a64e23bb1f7	MB24	2
9f3890d2ae8ebea971ed0a64e23bb1f7	MB25	9
9f3890d2ae8ebea971ed0a64e23bb1f7	EDNA22	12
9f3890d2ae8ebea971ed0a64e23bb1f7	EDNA23	3
9f3890d2ae8ebea971ed0a64e23bb1f7	EDNA25	5
9f3890d2ae8ebea971ed0a64e23bb1f7	EDNA26	12
9f3890d2ae8ebea971ed0a64e23bb1f7	EDNA27	6
9f3890d2ae8ebea971ed0a64e23bb1f7	EDNA40	17
22de39580ef7ee4ce8d4ce75872dd104	EDNA96	6
22de39580ef7ee4ce8d4ce75872dd104	EDNA87	3
22de39580ef7ee4ce8d4ce75872dd104	EDNA12	1
22de39580ef7ee4ce8d4ce75872dd104	EDNA98	5
22de39580ef7ee4ce8d4ce75872dd104	EDNA40	121
22de39580ef7ee4ce8d4ce75872dd104	EDNA41	68
22de39580ef7ee4ce8d4ce75872dd104	EDNA60	3
22de39580ef7ee4ce8d4ce75872dd104	EDNA42	181
22de39580ef7ee4ce8d4ce75872dd104	EDNA52	94
22de39580ef7ee4ce8d4ce75872dd104	EDNA43	123
22de39580ef7ee4ce8d4ce75872dd104	EDNA80	4
22de39580ef7ee4ce8d4ce75872dd104	EDNA53	69
22de39580ef7ee4ce8d4ce75872dd104	EDNA44	54
22de39580ef7ee4ce8d4ce75872dd104	EDNA54	48
22de39580ef7ee4ce8d4ce75872dd104	EDNA45	31
22de39580ef7ee4ce8d4ce75872dd104	EDNA55	118
22de39580ef7ee4ce8d4ce75872dd104	EDNA56	86
22de39580ef7ee4ce8d4ce75872dd104	EDNA57	83
22de39580ef7ee4ce8d4ce75872dd104	EDNA85	23
22de39580ef7ee4ce8d4ce75872dd104	EDNA86	25
0050f4c609d210ac721f8b1879d82a14	EDNA69	12
0050f4c609d210ac721f8b1879d82a14	EDNA79	18
0050f4c609d210ac721f8b1879d82a14	EDNA40	61
0050f4c609d210ac721f8b1879d82a14	EDNA41	15
0050f4c609d210ac721f8b1879d82a14	EDNA23	1
0050f4c609d210ac721f8b1879d82a14	EDNA42	27
0050f4c609d210ac721f8b1879d82a14	EDNA24	3
0050f4c609d210ac721f8b1879d82a14	EDNA1	1
0050f4c609d210ac721f8b1879d82a14	EDNA70	37
0050f4c609d210ac721f8b1879d82a14	EDNA43	10
0050f4c609d210ac721f8b1879d82a14	EDNA80	130
0050f4c609d210ac721f8b1879d82a14	EDNA71	21
0050f4c609d210ac721f8b1879d82a14	EDNA44	9
0050f4c609d210ac721f8b1879d82a14	EDNA3	14
0050f4c609d210ac721f8b1879d82a14	EDNA17	1
0050f4c609d210ac721f8b1879d82a14	EDNA81	114
0050f4c609d210ac721f8b1879d82a14	EDNA82	4
0050f4c609d210ac721f8b1879d82a14	EDNA73	255
0050f4c609d210ac721f8b1879d82a14	EDNA83	6
0050f4c609d210ac721f8b1879d82a14	EDNA74	83
0050f4c609d210ac721f8b1879d82a14	EDNA84	9
0050f4c609d210ac721f8b1879d82a14	EDNA75	274
0050f4c609d210ac721f8b1879d82a14	EDNA94	1
0050f4c609d210ac721f8b1879d82a14	EDNA85	5
0050f4c609d210ac721f8b1879d82a14	EDNA67	2
0050f4c609d210ac721f8b1879d82a14	EDNA86	5
0050f4c609d210ac721f8b1879d82a14	EDNA68	17
04f982d7f7bdaef8ae3cbf8ef904fb3b	EDNA1	28
04f982d7f7bdaef8ae3cbf8ef904fb3b	EDNA47	8
04f982d7f7bdaef8ae3cbf8ef904fb3b	EDNA2	10
04f982d7f7bdaef8ae3cbf8ef904fb3b	EDNA3	20
04f982d7f7bdaef8ae3cbf8ef904fb3b	EDNA61	6
04f982d7f7bdaef8ae3cbf8ef904fb3b	EDNA63	6
04f982d7f7bdaef8ae3cbf8ef904fb3b	EDNA7	90
04f982d7f7bdaef8ae3cbf8ef904fb3b	EDNA8	153
04f982d7f7bdaef8ae3cbf8ef904fb3b	EDNA9	107
04f982d7f7bdaef8ae3cbf8ef904fb3b	EDNA69	1
04f982d7f7bdaef8ae3cbf8ef904fb3b	MB1	4
04f982d7f7bdaef8ae3cbf8ef904fb3b	MB2	57
04f982d7f7bdaef8ae3cbf8ef904fb3b	MB18	3
04f982d7f7bdaef8ae3cbf8ef904fb3b	MB19	2
04f982d7f7bdaef8ae3cbf8ef904fb3b	MB4	25
04f982d7f7bdaef8ae3cbf8ef904fb3b	MB6	3
04f982d7f7bdaef8ae3cbf8ef904fb3b	EDNA10	30
04f982d7f7bdaef8ae3cbf8ef904fb3b	EDNA11	18
04f982d7f7bdaef8ae3cbf8ef904fb3b	EDNA12	31
04f982d7f7bdaef8ae3cbf8ef904fb3b	EDNA13	59
04f982d7f7bdaef8ae3cbf8ef904fb3b	EDNA14	24
04f982d7f7bdaef8ae3cbf8ef904fb3b	EDNA15	29
04f982d7f7bdaef8ae3cbf8ef904fb3b	EDNA16	62
04f982d7f7bdaef8ae3cbf8ef904fb3b	EDNA17	66
04f982d7f7bdaef8ae3cbf8ef904fb3b	EDNA18	99
04f982d7f7bdaef8ae3cbf8ef904fb3b	EDNA31	56
04f982d7f7bdaef8ae3cbf8ef904fb3b	EDNA32	11
04f982d7f7bdaef8ae3cbf8ef904fb3b	EDNA33	24
04f982d7f7bdaef8ae3cbf8ef904fb3b	EDNA36	15
04f982d7f7bdaef8ae3cbf8ef904fb3b	EDNA70	9
04f982d7f7bdaef8ae3cbf8ef904fb3b	EDNA71	6
04f982d7f7bdaef8ae3cbf8ef904fb3b	EDNA92	1
04f982d7f7bdaef8ae3cbf8ef904fb3b	EDNA79	1
04f982d7f7bdaef8ae3cbf8ef904fb3b	EDNA22	1
04f982d7f7bdaef8ae3cbf8ef904fb3b	EDNA23	16
04f982d7f7bdaef8ae3cbf8ef904fb3b	EDNA24	22
04f982d7f7bdaef8ae3cbf8ef904fb3b	EDNA25	11
04f982d7f7bdaef8ae3cbf8ef904fb3b	EDNA26	1
04f982d7f7bdaef8ae3cbf8ef904fb3b	EDNA27	19
b555b583e5b821b9a9001073d19ca8cc	EDNA97	1
b555b583e5b821b9a9001073d19ca8cc	EDNA12	2
b555b583e5b821b9a9001073d19ca8cc	EDNA40	24
b555b583e5b821b9a9001073d19ca8cc	EDNA31	5
b555b583e5b821b9a9001073d19ca8cc	EDNA22	71
b555b583e5b821b9a9001073d19ca8cc	EDNA13	11
b555b583e5b821b9a9001073d19ca8cc	EDNA41	4
b555b583e5b821b9a9001073d19ca8cc	EDNA23	225
b555b583e5b821b9a9001073d19ca8cc	EDNA42	9
b555b583e5b821b9a9001073d19ca8cc	EDNA24	168
b555b583e5b821b9a9001073d19ca8cc	EDNA1	15
b555b583e5b821b9a9001073d19ca8cc	EDNA43	5
b555b583e5b821b9a9001073d19ca8cc	EDNA34	48
b555b583e5b821b9a9001073d19ca8cc	EDNA25	109
b555b583e5b821b9a9001073d19ca8cc	EDNA16	12
b555b583e5b821b9a9001073d19ca8cc	EDNA44	6
b555b583e5b821b9a9001073d19ca8cc	EDNA3	19
b555b583e5b821b9a9001073d19ca8cc	EDNA35	30
b555b583e5b821b9a9001073d19ca8cc	EDNA26	52
b555b583e5b821b9a9001073d19ca8cc	EDNA17	12
b555b583e5b821b9a9001073d19ca8cc	EDNA63	1
b555b583e5b821b9a9001073d19ca8cc	EDNA45	14
b555b583e5b821b9a9001073d19ca8cc	EDNA36	72
b555b583e5b821b9a9001073d19ca8cc	EDNA27	175
b555b583e5b821b9a9001073d19ca8cc	EDNA18	3
b555b583e5b821b9a9001073d19ca8cc	EDNA46	2
b555b583e5b821b9a9001073d19ca8cc	EDNA47	9
b555b583e5b821b9a9001073d19ca8cc	EDNA7	7
b555b583e5b821b9a9001073d19ca8cc	EDNA48	8
b555b583e5b821b9a9001073d19ca8cc	EDNA8	5
b555b583e5b821b9a9001073d19ca8cc	EDNA9	2
b555b583e5b821b9a9001073d19ca8cc	EDNA59	1
b555b583e5b821b9a9001073d19ca8cc	EDNA10	3
d308e0a16b8ff21589e8c7922a3aaccd	EDNA47	24
d308e0a16b8ff21589e8c7922a3aaccd	EDNA2	8
d308e0a16b8ff21589e8c7922a3aaccd	EDNA48	8
d308e0a16b8ff21589e8c7922a3aaccd	EDNA63	4
d308e0a16b8ff21589e8c7922a3aaccd	EDNA7	25
d308e0a16b8ff21589e8c7922a3aaccd	EDNA8	9
d308e0a16b8ff21589e8c7922a3aaccd	EDNA9	1
d308e0a16b8ff21589e8c7922a3aaccd	EDNA81	4
d308e0a16b8ff21589e8c7922a3aaccd	EDNA82	23
d308e0a16b8ff21589e8c7922a3aaccd	EDNA83	14
d308e0a16b8ff21589e8c7922a3aaccd	EDNA85	19
d308e0a16b8ff21589e8c7922a3aaccd	EDNA86	9
d308e0a16b8ff21589e8c7922a3aaccd	EDNA87	10
d308e0a16b8ff21589e8c7922a3aaccd	MB12	6
d308e0a16b8ff21589e8c7922a3aaccd	MB13	7
d308e0a16b8ff21589e8c7922a3aaccd	MB15	3
d308e0a16b8ff21589e8c7922a3aaccd	MB2	10
d308e0a16b8ff21589e8c7922a3aaccd	MB4	10
d308e0a16b8ff21589e8c7922a3aaccd	MB8	1
d308e0a16b8ff21589e8c7922a3aaccd	EDNA10	4
d308e0a16b8ff21589e8c7922a3aaccd	EDNA11	3
d308e0a16b8ff21589e8c7922a3aaccd	EDNA12	4
d308e0a16b8ff21589e8c7922a3aaccd	EDNA13	33
d308e0a16b8ff21589e8c7922a3aaccd	EDNA14	11
d308e0a16b8ff21589e8c7922a3aaccd	EDNA15	9
d308e0a16b8ff21589e8c7922a3aaccd	EDNA16	18
d308e0a16b8ff21589e8c7922a3aaccd	EDNA17	6
d308e0a16b8ff21589e8c7922a3aaccd	EDNA18	27
d308e0a16b8ff21589e8c7922a3aaccd	EDNA31	10
d308e0a16b8ff21589e8c7922a3aaccd	EDNA32	15
d308e0a16b8ff21589e8c7922a3aaccd	EDNA33	4
d308e0a16b8ff21589e8c7922a3aaccd	EDNA35	8
d308e0a16b8ff21589e8c7922a3aaccd	EDNA52	4
d308e0a16b8ff21589e8c7922a3aaccd	EDNA53	1
d308e0a16b8ff21589e8c7922a3aaccd	EDNA55	22
d308e0a16b8ff21589e8c7922a3aaccd	EDNA56	1
d308e0a16b8ff21589e8c7922a3aaccd	EDNA57	27
d308e0a16b8ff21589e8c7922a3aaccd	EDNA58	8
d308e0a16b8ff21589e8c7922a3aaccd	EDNA59	4
d308e0a16b8ff21589e8c7922a3aaccd	EDNA73	207
d308e0a16b8ff21589e8c7922a3aaccd	EDNA74	122
d308e0a16b8ff21589e8c7922a3aaccd	EDNA91	6
d308e0a16b8ff21589e8c7922a3aaccd	EDNA92	25
d308e0a16b8ff21589e8c7922a3aaccd	EDNA93	4
d308e0a16b8ff21589e8c7922a3aaccd	MB20	1
d308e0a16b8ff21589e8c7922a3aaccd	EDNA22	13
d308e0a16b8ff21589e8c7922a3aaccd	EDNA24	53
d308e0a16b8ff21589e8c7922a3aaccd	EDNA27	79
d308e0a16b8ff21589e8c7922a3aaccd	EDNA40	14
d308e0a16b8ff21589e8c7922a3aaccd	EDNA41	44
d308e0a16b8ff21589e8c7922a3aaccd	EDNA42	33
d308e0a16b8ff21589e8c7922a3aaccd	EDNA43	38
d308e0a16b8ff21589e8c7922a3aaccd	EDNA44	9
d308e0a16b8ff21589e8c7922a3aaccd	EDNA45	44
216f62e5614d8bc002ff8a84e2b6d910	EDNA69	167
216f62e5614d8bc002ff8a84e2b6d910	EDNA79	2
216f62e5614d8bc002ff8a84e2b6d910	EDNA70	50
216f62e5614d8bc002ff8a84e2b6d910	EDNA71	198
216f62e5614d8bc002ff8a84e2b6d910	EDNA81	8
216f62e5614d8bc002ff8a84e2b6d910	MB18	1
216f62e5614d8bc002ff8a84e2b6d910	EDNA73	84
216f62e5614d8bc002ff8a84e2b6d910	EDNA74	234
216f62e5614d8bc002ff8a84e2b6d910	EDNA75	108
216f62e5614d8bc002ff8a84e2b6d910	EDNA67	108
216f62e5614d8bc002ff8a84e2b6d910	EDNA86	3
216f62e5614d8bc002ff8a84e2b6d910	EDNA68	143
18a2e110004e455b097f83f0c05922c6	MB12	8
18a2e110004e455b097f83f0c05922c6	EDNA40	10
18a2e110004e455b097f83f0c05922c6	EDNA31	20
18a2e110004e455b097f83f0c05922c6	MB22	1
18a2e110004e455b097f83f0c05922c6	MB13	12
18a2e110004e455b097f83f0c05922c6	EDNA23	20
18a2e110004e455b097f83f0c05922c6	EDNA60	1
18a2e110004e455b097f83f0c05922c6	EDNA42	34
18a2e110004e455b097f83f0c05922c6	EDNA33	14
18a2e110004e455b097f83f0c05922c6	EDNA1	34
18a2e110004e455b097f83f0c05922c6	EDNA15	5
18a2e110004e455b097f83f0c05922c6	MB15	4
18a2e110004e455b097f83f0c05922c6	EDNA34	7
18a2e110004e455b097f83f0c05922c6	EDNA25	3
18a2e110004e455b097f83f0c05922c6	MB25	14
18a2e110004e455b097f83f0c05922c6	MB1	93
18a2e110004e455b097f83f0c05922c6	EDNA3	14
18a2e110004e455b097f83f0c05922c6	EDNA26	6
18a2e110004e455b097f83f0c05922c6	EDNA17	3
18a2e110004e455b097f83f0c05922c6	MB2	6
18a2e110004e455b097f83f0c05922c6	EDNA72	466
18a2e110004e455b097f83f0c05922c6	EDNA63	7
18a2e110004e455b097f83f0c05922c6	EDNA36	26
18a2e110004e455b097f83f0c05922c6	EDNA18	6
18a2e110004e455b097f83f0c05922c6	EDNA55	5
18a2e110004e455b097f83f0c05922c6	EDNA46	14
18a2e110004e455b097f83f0c05922c6	MB4	4
18a2e110004e455b097f83f0c05922c6	EDNA83	16
18a2e110004e455b097f83f0c05922c6	EDNA6	69
18a2e110004e455b097f83f0c05922c6	EDNA29	118
18a2e110004e455b097f83f0c05922c6	EDNA93	7
18a2e110004e455b097f83f0c05922c6	EDNA7	1
18a2e110004e455b097f83f0c05922c6	EDNA57	12
18a2e110004e455b097f83f0c05922c6	MB6	12
18a2e110004e455b097f83f0c05922c6	MB7	6
18a2e110004e455b097f83f0c05922c6	EDNA9	8
18a2e110004e455b097f83f0c05922c6	EDNA10	1
4c185821c357fb1ee350dd4a0b943669	MB20	244
4c185821c357fb1ee350dd4a0b943669	MB15	97
4c185821c357fb1ee350dd4a0b943669	MB16	154
4c185821c357fb1ee350dd4a0b943669	EDNA63	27
4c185821c357fb1ee350dd4a0b943669	MB4	442
4c185821c357fb1ee350dd4a0b943669	MB7	113
d9c9c95bc466a886e309e0d21bfbda14	EDNA87	5
d9c9c95bc466a886e309e0d21bfbda14	MB21	147
d9c9c95bc466a886e309e0d21bfbda14	EDNA70	242
d9c9c95bc466a886e309e0d21bfbda14	MB17	129
d9c9c95bc466a886e309e0d21bfbda14	MB18	42
d9c9c95bc466a886e309e0d21bfbda14	EDNA82	33
d9c9c95bc466a886e309e0d21bfbda14	EDNA83	37
d9c9c95bc466a886e309e0d21bfbda14	EDNA84	36
d9c9c95bc466a886e309e0d21bfbda14	EDNA85	12
d9c9c95bc466a886e309e0d21bfbda14	EDNA67	133
d9c9c95bc466a886e309e0d21bfbda14	EDNA86	42
d9c9c95bc466a886e309e0d21bfbda14	EDNA68	210
0eebec70a1061c1601de95d28cb06642	EDNA87	2
0eebec70a1061c1601de95d28cb06642	EDNA69	141
0eebec70a1061c1601de95d28cb06642	EDNA70	134
0eebec70a1061c1601de95d28cb06642	EDNA71	250
0eebec70a1061c1601de95d28cb06642	EDNA73	165
0eebec70a1061c1601de95d28cb06642	EDNA75	160
0eebec70a1061c1601de95d28cb06642	EDNA67	70
0eebec70a1061c1601de95d28cb06642	EDNA86	2
0eebec70a1061c1601de95d28cb06642	EDNA68	143
bc6c63862dff0c44aa5c3b574fe4b1ad	EDNA11	14
bc6c63862dff0c44aa5c3b574fe4b1ad	EDNA40	46
bc6c63862dff0c44aa5c3b574fe4b1ad	EDNA22	16
bc6c63862dff0c44aa5c3b574fe4b1ad	EDNA13	41
bc6c63862dff0c44aa5c3b574fe4b1ad	EDNA23	32
bc6c63862dff0c44aa5c3b574fe4b1ad	EDNA14	91
bc6c63862dff0c44aa5c3b574fe4b1ad	EDNA42	10
bc6c63862dff0c44aa5c3b574fe4b1ad	EDNA24	14
bc6c63862dff0c44aa5c3b574fe4b1ad	EDNA1	206
bc6c63862dff0c44aa5c3b574fe4b1ad	EDNA15	30
bc6c63862dff0c44aa5c3b574fe4b1ad	EDNA43	2
bc6c63862dff0c44aa5c3b574fe4b1ad	EDNA34	38
bc6c63862dff0c44aa5c3b574fe4b1ad	EDNA2	101
bc6c63862dff0c44aa5c3b574fe4b1ad	EDNA25	23
bc6c63862dff0c44aa5c3b574fe4b1ad	EDNA16	12
bc6c63862dff0c44aa5c3b574fe4b1ad	EDNA44	10
bc6c63862dff0c44aa5c3b574fe4b1ad	EDNA3	105
bc6c63862dff0c44aa5c3b574fe4b1ad	EDNA35	18
bc6c63862dff0c44aa5c3b574fe4b1ad	EDNA26	17
bc6c63862dff0c44aa5c3b574fe4b1ad	EDNA17	11
bc6c63862dff0c44aa5c3b574fe4b1ad	EDNA45	28
bc6c63862dff0c44aa5c3b574fe4b1ad	EDNA36	32
bc6c63862dff0c44aa5c3b574fe4b1ad	EDNA27	47
bc6c63862dff0c44aa5c3b574fe4b1ad	EDNA18	23
bc6c63862dff0c44aa5c3b574fe4b1ad	EDNA55	12
bc6c63862dff0c44aa5c3b574fe4b1ad	EDNA46	16
bc6c63862dff0c44aa5c3b574fe4b1ad	EDNA7	14
bc6c63862dff0c44aa5c3b574fe4b1ad	EDNA48	2
bc6c63862dff0c44aa5c3b574fe4b1ad	EDNA8	15
bc6c63862dff0c44aa5c3b574fe4b1ad	EDNA9	28
bc6c63862dff0c44aa5c3b574fe4b1ad	EDNA10	10
6872d7061accdd5292d3fcc6e97a0912	EDNA87	2
6872d7061accdd5292d3fcc6e97a0912	EDNA69	49
6872d7061accdd5292d3fcc6e97a0912	EDNA70	33
6872d7061accdd5292d3fcc6e97a0912	EDNA71	50
6872d7061accdd5292d3fcc6e97a0912	EDNA35	1
6872d7061accdd5292d3fcc6e97a0912	EDNA73	227
6872d7061accdd5292d3fcc6e97a0912	EDNA74	117
6872d7061accdd5292d3fcc6e97a0912	EDNA75	257
6872d7061accdd5292d3fcc6e97a0912	EDNA67	186
6872d7061accdd5292d3fcc6e97a0912	EDNA68	142
7124d0dbff8d507b7b84a128f88a86df	EDNA46	11
7124d0dbff8d507b7b84a128f88a86df	EDNA1	3
7124d0dbff8d507b7b84a128f88a86df	EDNA47	22
7124d0dbff8d507b7b84a128f88a86df	EDNA60	20
7124d0dbff8d507b7b84a128f88a86df	EDNA48	10
7124d0dbff8d507b7b84a128f88a86df	EDNA61	29
7124d0dbff8d507b7b84a128f88a86df	EDNA62	28
7124d0dbff8d507b7b84a128f88a86df	EDNA63	35
7124d0dbff8d507b7b84a128f88a86df	EDNA7	5
7124d0dbff8d507b7b84a128f88a86df	EDNA9	4
7124d0dbff8d507b7b84a128f88a86df	EDNA80	11
7124d0dbff8d507b7b84a128f88a86df	EDNA81	14
7124d0dbff8d507b7b84a128f88a86df	EDNA82	3
7124d0dbff8d507b7b84a128f88a86df	EDNA83	10
7124d0dbff8d507b7b84a128f88a86df	EDNA84	4
7124d0dbff8d507b7b84a128f88a86df	EDNA85	3
7124d0dbff8d507b7b84a128f88a86df	EDNA87	3
7124d0dbff8d507b7b84a128f88a86df	EDNA10	4
7124d0dbff8d507b7b84a128f88a86df	EDNA11	4
7124d0dbff8d507b7b84a128f88a86df	EDNA14	6
7124d0dbff8d507b7b84a128f88a86df	EDNA15	2
7124d0dbff8d507b7b84a128f88a86df	EDNA18	2
7124d0dbff8d507b7b84a128f88a86df	EDNA31	11
7124d0dbff8d507b7b84a128f88a86df	EDNA32	20
7124d0dbff8d507b7b84a128f88a86df	EDNA33	17
7124d0dbff8d507b7b84a128f88a86df	EDNA34	19
7124d0dbff8d507b7b84a128f88a86df	EDNA35	9
7124d0dbff8d507b7b84a128f88a86df	EDNA36	27
7124d0dbff8d507b7b84a128f88a86df	EDNA52	32
7124d0dbff8d507b7b84a128f88a86df	EDNA53	36
7124d0dbff8d507b7b84a128f88a86df	EDNA54	24
7124d0dbff8d507b7b84a128f88a86df	EDNA55	40
7124d0dbff8d507b7b84a128f88a86df	EDNA56	13
7124d0dbff8d507b7b84a128f88a86df	EDNA57	65
7124d0dbff8d507b7b84a128f88a86df	EDNA58	31
7124d0dbff8d507b7b84a128f88a86df	EDNA59	24
7124d0dbff8d507b7b84a128f88a86df	EDNA73	2
7124d0dbff8d507b7b84a128f88a86df	EDNA74	6
7124d0dbff8d507b7b84a128f88a86df	EDNA75	41
7124d0dbff8d507b7b84a128f88a86df	EDNA91	17
7124d0dbff8d507b7b84a128f88a86df	EDNA92	7
7124d0dbff8d507b7b84a128f88a86df	EDNA93	53
7124d0dbff8d507b7b84a128f88a86df	EDNA94	6
7124d0dbff8d507b7b84a128f88a86df	EDNA95	12
7124d0dbff8d507b7b84a128f88a86df	EDNA96	12
7124d0dbff8d507b7b84a128f88a86df	EDNA97	16
7124d0dbff8d507b7b84a128f88a86df	EDNA98	4
7124d0dbff8d507b7b84a128f88a86df	EDNA99	8
7124d0dbff8d507b7b84a128f88a86df	EDNA22	3
7124d0dbff8d507b7b84a128f88a86df	EDNA23	33
7124d0dbff8d507b7b84a128f88a86df	EDNA24	14
7124d0dbff8d507b7b84a128f88a86df	EDNA25	21
7124d0dbff8d507b7b84a128f88a86df	EDNA26	8
7124d0dbff8d507b7b84a128f88a86df	EDNA27	33
7124d0dbff8d507b7b84a128f88a86df	EDNA40	67
7124d0dbff8d507b7b84a128f88a86df	EDNA41	20
7124d0dbff8d507b7b84a128f88a86df	EDNA42	5
7124d0dbff8d507b7b84a128f88a86df	EDNA43	22
7124d0dbff8d507b7b84a128f88a86df	EDNA44	25
7124d0dbff8d507b7b84a128f88a86df	EDNA45	26
c0bb6f02d2f37d6c57947ac9e4b292a2	EDNA46	12
c0bb6f02d2f37d6c57947ac9e4b292a2	EDNA1	53
c0bb6f02d2f37d6c57947ac9e4b292a2	EDNA47	6
c0bb6f02d2f37d6c57947ac9e4b292a2	EDNA2	36
c0bb6f02d2f37d6c57947ac9e4b292a2	EDNA48	2
c0bb6f02d2f37d6c57947ac9e4b292a2	EDNA3	128
c0bb6f02d2f37d6c57947ac9e4b292a2	EDNA61	2
c0bb6f02d2f37d6c57947ac9e4b292a2	EDNA62	7
c0bb6f02d2f37d6c57947ac9e4b292a2	EDNA63	3
c0bb6f02d2f37d6c57947ac9e4b292a2	EDNA7	3
c0bb6f02d2f37d6c57947ac9e4b292a2	EDNA8	20
c0bb6f02d2f37d6c57947ac9e4b292a2	EDNA9	39
c0bb6f02d2f37d6c57947ac9e4b292a2	EDNA10	24
c0bb6f02d2f37d6c57947ac9e4b292a2	EDNA11	12
c0bb6f02d2f37d6c57947ac9e4b292a2	EDNA12	2
c0bb6f02d2f37d6c57947ac9e4b292a2	EDNA13	10
c0bb6f02d2f37d6c57947ac9e4b292a2	EDNA14	9
c0bb6f02d2f37d6c57947ac9e4b292a2	EDNA15	5
c0bb6f02d2f37d6c57947ac9e4b292a2	EDNA16	8
c0bb6f02d2f37d6c57947ac9e4b292a2	EDNA17	8
c0bb6f02d2f37d6c57947ac9e4b292a2	EDNA18	9
c0bb6f02d2f37d6c57947ac9e4b292a2	EDNA31	35
c0bb6f02d2f37d6c57947ac9e4b292a2	EDNA32	22
c0bb6f02d2f37d6c57947ac9e4b292a2	EDNA33	19
c0bb6f02d2f37d6c57947ac9e4b292a2	EDNA34	56
c0bb6f02d2f37d6c57947ac9e4b292a2	EDNA35	47
c0bb6f02d2f37d6c57947ac9e4b292a2	EDNA36	101
c0bb6f02d2f37d6c57947ac9e4b292a2	EDNA53	2
c0bb6f02d2f37d6c57947ac9e4b292a2	EDNA54	1
c0bb6f02d2f37d6c57947ac9e4b292a2	EDNA58	1
c0bb6f02d2f37d6c57947ac9e4b292a2	EDNA92	1
c0bb6f02d2f37d6c57947ac9e4b292a2	EDNA94	2
c0bb6f02d2f37d6c57947ac9e4b292a2	EDNA97	6
c0bb6f02d2f37d6c57947ac9e4b292a2	EDNA99	1
c0bb6f02d2f37d6c57947ac9e4b292a2	EDNA22	15
c0bb6f02d2f37d6c57947ac9e4b292a2	EDNA23	95
c0bb6f02d2f37d6c57947ac9e4b292a2	EDNA24	62
c0bb6f02d2f37d6c57947ac9e4b292a2	EDNA25	52
c0bb6f02d2f37d6c57947ac9e4b292a2	EDNA26	26
c0bb6f02d2f37d6c57947ac9e4b292a2	EDNA27	82
c0bb6f02d2f37d6c57947ac9e4b292a2	EDNA40	9
c0bb6f02d2f37d6c57947ac9e4b292a2	EDNA41	1
c0bb6f02d2f37d6c57947ac9e4b292a2	EDNA44	7
f0547e467985f2e584d202f2166566ca	EDNA96	7
f0547e467985f2e584d202f2166566ca	EDNA87	4
f0547e467985f2e584d202f2166566ca	EDNA79	52
f0547e467985f2e584d202f2166566ca	EDNA14	4
f0547e467985f2e584d202f2166566ca	EDNA42	13
f0547e467985f2e584d202f2166566ca	EDNA80	104
f0547e467985f2e584d202f2166566ca	EDNA81	52
f0547e467985f2e584d202f2166566ca	EDNA18	1
f0547e467985f2e584d202f2166566ca	EDNA91	5
f0547e467985f2e584d202f2166566ca	EDNA82	182
f0547e467985f2e584d202f2166566ca	EDNA92	9
f0547e467985f2e584d202f2166566ca	EDNA83	287
f0547e467985f2e584d202f2166566ca	EDNA93	6
f0547e467985f2e584d202f2166566ca	EDNA84	266
f0547e467985f2e584d202f2166566ca	EDNA94	1
f0547e467985f2e584d202f2166566ca	EDNA85	14
f0547e467985f2e584d202f2166566ca	EDNA86	24
ecdf49fdee35196c7da01e8197eee439	EDNA87	33
ecdf49fdee35196c7da01e8197eee439	EDNA97	9
ecdf49fdee35196c7da01e8197eee439	EDNA79	57
ecdf49fdee35196c7da01e8197eee439	EDNA98	8
ecdf49fdee35196c7da01e8197eee439	EDNA40	62
ecdf49fdee35196c7da01e8197eee439	EDNA99	3
ecdf49fdee35196c7da01e8197eee439	EDNA41	31
ecdf49fdee35196c7da01e8197eee439	EDNA60	11
ecdf49fdee35196c7da01e8197eee439	EDNA80	164
ecdf49fdee35196c7da01e8197eee439	EDNA62	2
ecdf49fdee35196c7da01e8197eee439	EDNA44	34
ecdf49fdee35196c7da01e8197eee439	EDNA81	210
ecdf49fdee35196c7da01e8197eee439	EDNA54	13
ecdf49fdee35196c7da01e8197eee439	EDNA91	31
ecdf49fdee35196c7da01e8197eee439	EDNA82	32
ecdf49fdee35196c7da01e8197eee439	EDNA46	2
ecdf49fdee35196c7da01e8197eee439	EDNA92	24
ecdf49fdee35196c7da01e8197eee439	EDNA83	108
ecdf49fdee35196c7da01e8197eee439	EDNA56	12
ecdf49fdee35196c7da01e8197eee439	EDNA47	6
ecdf49fdee35196c7da01e8197eee439	EDNA93	32
ecdf49fdee35196c7da01e8197eee439	EDNA84	91
ecdf49fdee35196c7da01e8197eee439	EDNA57	7
ecdf49fdee35196c7da01e8197eee439	EDNA48	4
ecdf49fdee35196c7da01e8197eee439	EDNA94	1
ecdf49fdee35196c7da01e8197eee439	EDNA85	4
ecdf49fdee35196c7da01e8197eee439	EDNA58	4
ecdf49fdee35196c7da01e8197eee439	EDNA95	13
ecdf49fdee35196c7da01e8197eee439	EDNA86	8
ecdf49fdee35196c7da01e8197eee439	EDNA59	7
9b1900db76de76ecec5df15cf05db648	EDNA87	4
9b1900db76de76ecec5df15cf05db648	EDNA69	322
9b1900db76de76ecec5df15cf05db648	MB20	2
9b1900db76de76ecec5df15cf05db648	EDNA79	5
9b1900db76de76ecec5df15cf05db648	MB22	4
9b1900db76de76ecec5df15cf05db648	MB23	2
9b1900db76de76ecec5df15cf05db648	EDNA70	70
9b1900db76de76ecec5df15cf05db648	EDNA71	37
9b1900db76de76ecec5df15cf05db648	MB17	226
9b1900db76de76ecec5df15cf05db648	MB18	99
9b1900db76de76ecec5df15cf05db648	EDNA73	37
9b1900db76de76ecec5df15cf05db648	MB19	72
9b1900db76de76ecec5df15cf05db648	EDNA85	1
9b1900db76de76ecec5df15cf05db648	EDNA67	92
9b1900db76de76ecec5df15cf05db648	EDNA86	41
9b1900db76de76ecec5df15cf05db648	EDNA68	1
577feb42b91a52c758952f0d46481fc1	EDNA1	13
577feb42b91a52c758952f0d46481fc1	EDNA2	16
577feb42b91a52c758952f0d46481fc1	EDNA60	6
577feb42b91a52c758952f0d46481fc1	EDNA3	4
577feb42b91a52c758952f0d46481fc1	EDNA62	16
577feb42b91a52c758952f0d46481fc1	EDNA63	7
577feb42b91a52c758952f0d46481fc1	EDNA7	2
577feb42b91a52c758952f0d46481fc1	EDNA8	23
577feb42b91a52c758952f0d46481fc1	EDNA9	28
577feb42b91a52c758952f0d46481fc1	MB11	4
577feb42b91a52c758952f0d46481fc1	MB13	3
577feb42b91a52c758952f0d46481fc1	MB2	35
577feb42b91a52c758952f0d46481fc1	MB4	8
577feb42b91a52c758952f0d46481fc1	MB6	5
577feb42b91a52c758952f0d46481fc1	EDNA10	15
577feb42b91a52c758952f0d46481fc1	EDNA11	40
577feb42b91a52c758952f0d46481fc1	EDNA12	7
577feb42b91a52c758952f0d46481fc1	EDNA13	15
577feb42b91a52c758952f0d46481fc1	EDNA14	21
577feb42b91a52c758952f0d46481fc1	EDNA15	48
577feb42b91a52c758952f0d46481fc1	EDNA16	12
577feb42b91a52c758952f0d46481fc1	EDNA17	23
577feb42b91a52c758952f0d46481fc1	EDNA18	5
577feb42b91a52c758952f0d46481fc1	EDNA31	11
577feb42b91a52c758952f0d46481fc1	EDNA32	32
577feb42b91a52c758952f0d46481fc1	EDNA33	6
577feb42b91a52c758952f0d46481fc1	EDNA34	13
577feb42b91a52c758952f0d46481fc1	EDNA35	66
577feb42b91a52c758952f0d46481fc1	EDNA52	3
577feb42b91a52c758952f0d46481fc1	EDNA53	12
577feb42b91a52c758952f0d46481fc1	EDNA54	13
577feb42b91a52c758952f0d46481fc1	EDNA55	17
577feb42b91a52c758952f0d46481fc1	EDNA56	14
577feb42b91a52c758952f0d46481fc1	EDNA57	54
577feb42b91a52c758952f0d46481fc1	EDNA58	16
577feb42b91a52c758952f0d46481fc1	EDNA59	4
577feb42b91a52c758952f0d46481fc1	EDNA91	6
577feb42b91a52c758952f0d46481fc1	EDNA92	11
577feb42b91a52c758952f0d46481fc1	EDNA79	1
577feb42b91a52c758952f0d46481fc1	EDNA93	36
577feb42b91a52c758952f0d46481fc1	EDNA94	7
577feb42b91a52c758952f0d46481fc1	EDNA95	18
577feb42b91a52c758952f0d46481fc1	EDNA96	9
577feb42b91a52c758952f0d46481fc1	EDNA97	23
577feb42b91a52c758952f0d46481fc1	EDNA98	4
577feb42b91a52c758952f0d46481fc1	EDNA99	8
577feb42b91a52c758952f0d46481fc1	EDNA22	17
577feb42b91a52c758952f0d46481fc1	EDNA23	77
577feb42b91a52c758952f0d46481fc1	EDNA24	6
577feb42b91a52c758952f0d46481fc1	EDNA26	10
577feb42b91a52c758952f0d46481fc1	EDNA40	19
577feb42b91a52c758952f0d46481fc1	EDNA41	4
577feb42b91a52c758952f0d46481fc1	EDNA42	9
577feb42b91a52c758952f0d46481fc1	EDNA43	60
577feb42b91a52c758952f0d46481fc1	EDNA44	36
577feb42b91a52c758952f0d46481fc1	EDNA45	32
5b8a9eb8e216bc802bbf8334c50335a9	MB10	106
5b8a9eb8e216bc802bbf8334c50335a9	EDNA87	23
5b8a9eb8e216bc802bbf8334c50335a9	MB20	29
5b8a9eb8e216bc802bbf8334c50335a9	MB11	29
5b8a9eb8e216bc802bbf8334c50335a9	EDNA12	18
5b8a9eb8e216bc802bbf8334c50335a9	MB21	20
5b8a9eb8e216bc802bbf8334c50335a9	MB12	26
5b8a9eb8e216bc802bbf8334c50335a9	EDNA31	21
5b8a9eb8e216bc802bbf8334c50335a9	EDNA13	16
5b8a9eb8e216bc802bbf8334c50335a9	MB22	23
5b8a9eb8e216bc802bbf8334c50335a9	MB13	61
5b8a9eb8e216bc802bbf8334c50335a9	EDNA41	21
5b8a9eb8e216bc802bbf8334c50335a9	MB23	32
5b8a9eb8e216bc802bbf8334c50335a9	MB24	114
5b8a9eb8e216bc802bbf8334c50335a9	MB15	36
5b8a9eb8e216bc802bbf8334c50335a9	EDNA25	20
5b8a9eb8e216bc802bbf8334c50335a9	MB25	24
5b8a9eb8e216bc802bbf8334c50335a9	MB1	16
5b8a9eb8e216bc802bbf8334c50335a9	MB16	53
5b8a9eb8e216bc802bbf8334c50335a9	EDNA26	10
5b8a9eb8e216bc802bbf8334c50335a9	EDNA45	19
5b8a9eb8e216bc802bbf8334c50335a9	EDNA36	11
5b8a9eb8e216bc802bbf8334c50335a9	EDNA27	23
5b8a9eb8e216bc802bbf8334c50335a9	EDNA18	16
5b8a9eb8e216bc802bbf8334c50335a9	EDNA46	24
5b8a9eb8e216bc802bbf8334c50335a9	MB4	39
5b8a9eb8e216bc802bbf8334c50335a9	MB5	16
5b8a9eb8e216bc802bbf8334c50335a9	EDNA48	49
5b8a9eb8e216bc802bbf8334c50335a9	MB6	35
5b8a9eb8e216bc802bbf8334c50335a9	EDNA58	24
5b8a9eb8e216bc802bbf8334c50335a9	MB7	55
8bb6914d39b1589d2d3bc18e166f710b	EDNA11	6
8bb6914d39b1589d2d3bc18e166f710b	EDNA97	8
8bb6914d39b1589d2d3bc18e166f710b	EDNA31	481
8bb6914d39b1589d2d3bc18e166f710b	EDNA99	8
8bb6914d39b1589d2d3bc18e166f710b	EDNA32	81
8bb6914d39b1589d2d3bc18e166f710b	EDNA33	175
8bb6914d39b1589d2d3bc18e166f710b	EDNA52	2
8bb6914d39b1589d2d3bc18e166f710b	EDNA34	63
8bb6914d39b1589d2d3bc18e166f710b	EDNA35	53
8bb6914d39b1589d2d3bc18e166f710b	EDNA26	5
8bb6914d39b1589d2d3bc18e166f710b	EDNA17	5
8bb6914d39b1589d2d3bc18e166f710b	EDNA63	6
8bb6914d39b1589d2d3bc18e166f710b	EDNA54	2
8bb6914d39b1589d2d3bc18e166f710b	EDNA36	98
8bb6914d39b1589d2d3bc18e166f710b	EDNA47	2
8bb6914d39b1589d2d3bc18e166f710b	EDNA58	9
4b482ce42fcfb088d59aba6beb7d683e	MB8	189
4b482ce42fcfb088d59aba6beb7d683e	MB9	130
4b482ce42fcfb088d59aba6beb7d683e	EDNA24	4
4b482ce42fcfb088d59aba6beb7d683e	EDNA25	5
4b482ce42fcfb088d59aba6beb7d683e	MB4	6
4b482ce42fcfb088d59aba6beb7d683e	MB6	565
4b482ce42fcfb088d59aba6beb7d683e	EDNA10	103
52000cdceac3ce66cc2eb13e00024743	EDNA69	94
52000cdceac3ce66cc2eb13e00024743	MB12	8
52000cdceac3ce66cc2eb13e00024743	EDNA40	5
52000cdceac3ce66cc2eb13e00024743	EDNA22	71
52000cdceac3ce66cc2eb13e00024743	MB17	570
52000cdceac3ce66cc2eb13e00024743	MB18	226
52000cdceac3ce66cc2eb13e00024743	MB19	17
52000cdceac3ce66cc2eb13e00024743	EDNA86	2
075192279ccb267dd5f2037ba4f3b4be	EDNA11	26
075192279ccb267dd5f2037ba4f3b4be	MB9	3
075192279ccb267dd5f2037ba4f3b4be	MB11	22
075192279ccb267dd5f2037ba4f3b4be	EDNA12	23
075192279ccb267dd5f2037ba4f3b4be	EDNA98	1
075192279ccb267dd5f2037ba4f3b4be	EDNA31	51
075192279ccb267dd5f2037ba4f3b4be	EDNA22	31
075192279ccb267dd5f2037ba4f3b4be	EDNA13	87
075192279ccb267dd5f2037ba4f3b4be	MB13	4
075192279ccb267dd5f2037ba4f3b4be	EDNA32	15
075192279ccb267dd5f2037ba4f3b4be	EDNA23	73
075192279ccb267dd5f2037ba4f3b4be	EDNA14	46
075192279ccb267dd5f2037ba4f3b4be	EDNA33	4
075192279ccb267dd5f2037ba4f3b4be	EDNA24	140
075192279ccb267dd5f2037ba4f3b4be	EDNA15	63
075192279ccb267dd5f2037ba4f3b4be	EDNA61	14
075192279ccb267dd5f2037ba4f3b4be	EDNA43	1
075192279ccb267dd5f2037ba4f3b4be	EDNA2	2
075192279ccb267dd5f2037ba4f3b4be	EDNA16	40
075192279ccb267dd5f2037ba4f3b4be	MB1	2
075192279ccb267dd5f2037ba4f3b4be	EDNA62	2
075192279ccb267dd5f2037ba4f3b4be	EDNA44	1
075192279ccb267dd5f2037ba4f3b4be	EDNA35	13
075192279ccb267dd5f2037ba4f3b4be	EDNA17	30
075192279ccb267dd5f2037ba4f3b4be	MB2	18
075192279ccb267dd5f2037ba4f3b4be	EDNA63	9
075192279ccb267dd5f2037ba4f3b4be	EDNA45	4
075192279ccb267dd5f2037ba4f3b4be	EDNA27	8
075192279ccb267dd5f2037ba4f3b4be	EDNA18	53
075192279ccb267dd5f2037ba4f3b4be	EDNA91	5
075192279ccb267dd5f2037ba4f3b4be	MB4	73
075192279ccb267dd5f2037ba4f3b4be	EDNA92	3
075192279ccb267dd5f2037ba4f3b4be	EDNA7	20
075192279ccb267dd5f2037ba4f3b4be	MB6	3
075192279ccb267dd5f2037ba4f3b4be	EDNA94	1
075192279ccb267dd5f2037ba4f3b4be	EDNA8	53
075192279ccb267dd5f2037ba4f3b4be	EDNA9	12
075192279ccb267dd5f2037ba4f3b4be	EDNA10	23
8e19301019d2582d47cb45806e01705e	EDNA46	2
8e19301019d2582d47cb45806e01705e	EDNA47	31
8e19301019d2582d47cb45806e01705e	EDNA48	17
8e19301019d2582d47cb45806e01705e	EDNA3	10
8e19301019d2582d47cb45806e01705e	EDNA61	3
8e19301019d2582d47cb45806e01705e	EDNA7	7
8e19301019d2582d47cb45806e01705e	EDNA8	13
8e19301019d2582d47cb45806e01705e	EDNA9	19
8e19301019d2582d47cb45806e01705e	EDNA80	3
8e19301019d2582d47cb45806e01705e	EDNA68	8
8e19301019d2582d47cb45806e01705e	EDNA82	4
8e19301019d2582d47cb45806e01705e	EDNA84	7
8e19301019d2582d47cb45806e01705e	EDNA85	5
8e19301019d2582d47cb45806e01705e	EDNA86	3
8e19301019d2582d47cb45806e01705e	EDNA87	1
8e19301019d2582d47cb45806e01705e	MB11	9
8e19301019d2582d47cb45806e01705e	MB13	4
8e19301019d2582d47cb45806e01705e	MB1	26
8e19301019d2582d47cb45806e01705e	MB2	3
8e19301019d2582d47cb45806e01705e	MB7	25
8e19301019d2582d47cb45806e01705e	MB8	3
8e19301019d2582d47cb45806e01705e	EDNA10	12
8e19301019d2582d47cb45806e01705e	EDNA11	14
8e19301019d2582d47cb45806e01705e	EDNA14	6
8e19301019d2582d47cb45806e01705e	EDNA15	8
8e19301019d2582d47cb45806e01705e	EDNA17	8
8e19301019d2582d47cb45806e01705e	EDNA18	7
8e19301019d2582d47cb45806e01705e	EDNA36	6
8e19301019d2582d47cb45806e01705e	EDNA71	29
8e19301019d2582d47cb45806e01705e	EDNA73	74
8e19301019d2582d47cb45806e01705e	EDNA75	11
8e19301019d2582d47cb45806e01705e	EDNA91	7
8e19301019d2582d47cb45806e01705e	EDNA99	4
8e19301019d2582d47cb45806e01705e	MB23	3
8e19301019d2582d47cb45806e01705e	EDNA22	10
8e19301019d2582d47cb45806e01705e	EDNA24	21
8e19301019d2582d47cb45806e01705e	EDNA26	4
8e19301019d2582d47cb45806e01705e	EDNA40	67
8e19301019d2582d47cb45806e01705e	EDNA41	295
8e19301019d2582d47cb45806e01705e	EDNA42	6
8e19301019d2582d47cb45806e01705e	EDNA43	41
8e19301019d2582d47cb45806e01705e	EDNA44	116
8e19301019d2582d47cb45806e01705e	EDNA45	7
ce5bb152a693129ba1d2f7141280eb13	EDNA71	774
ce5bb152a693129ba1d2f7141280eb13	MB18	184
00b17ccf8065b689ae599f335b959ee9	EDNA87	11
00b17ccf8065b689ae599f335b959ee9	EDNA79	47
00b17ccf8065b689ae599f335b959ee9	EDNA40	95
00b17ccf8065b689ae599f335b959ee9	EDNA41	64
00b17ccf8065b689ae599f335b959ee9	EDNA42	76
00b17ccf8065b689ae599f335b959ee9	EDNA52	9
00b17ccf8065b689ae599f335b959ee9	EDNA43	143
00b17ccf8065b689ae599f335b959ee9	EDNA80	59
00b17ccf8065b689ae599f335b959ee9	EDNA53	5
00b17ccf8065b689ae599f335b959ee9	EDNA44	23
00b17ccf8065b689ae599f335b959ee9	EDNA81	72
00b17ccf8065b689ae599f335b959ee9	EDNA54	5
00b17ccf8065b689ae599f335b959ee9	EDNA45	47
00b17ccf8065b689ae599f335b959ee9	EDNA91	13
00b17ccf8065b689ae599f335b959ee9	EDNA82	95
00b17ccf8065b689ae599f335b959ee9	EDNA46	14
00b17ccf8065b689ae599f335b959ee9	EDNA83	81
00b17ccf8065b689ae599f335b959ee9	EDNA84	53
00b17ccf8065b689ae599f335b959ee9	EDNA57	4
00b17ccf8065b689ae599f335b959ee9	EDNA48	8
00b17ccf8065b689ae599f335b959ee9	EDNA85	4
00b17ccf8065b689ae599f335b959ee9	EDNA86	27
c1501bf87b9537f065c18be2d1a8519d	EDNA87	21
c1501bf87b9537f065c18be2d1a8519d	EDNA69	16
c1501bf87b9537f065c18be2d1a8519d	EDNA71	97
c1501bf87b9537f065c18be2d1a8519d	MB17	259
c1501bf87b9537f065c18be2d1a8519d	MB18	267
c1501bf87b9537f065c18be2d1a8519d	EDNA93	78
c1501bf87b9537f065c18be2d1a8519d	EDNA67	42
c1501bf87b9537f065c18be2d1a8519d	EDNA86	138
c1501bf87b9537f065c18be2d1a8519d	EDNA68	37
d989dd9c7d7c258e5e7c59f43b090f50	EDNA96	2
d989dd9c7d7c258e5e7c59f43b090f50	EDNA87	7
d989dd9c7d7c258e5e7c59f43b090f50	EDNA69	22
d989dd9c7d7c258e5e7c59f43b090f50	EDNA79	23
d989dd9c7d7c258e5e7c59f43b090f50	EDNA70	31
d989dd9c7d7c258e5e7c59f43b090f50	EDNA80	55
d989dd9c7d7c258e5e7c59f43b090f50	EDNA71	149
d989dd9c7d7c258e5e7c59f43b090f50	EDNA81	97
d989dd9c7d7c258e5e7c59f43b090f50	EDNA91	22
d989dd9c7d7c258e5e7c59f43b090f50	EDNA82	1
d989dd9c7d7c258e5e7c59f43b090f50	EDNA73	81
d989dd9c7d7c258e5e7c59f43b090f50	EDNA92	7
d989dd9c7d7c258e5e7c59f43b090f50	EDNA83	4
d989dd9c7d7c258e5e7c59f43b090f50	EDNA74	191
d989dd9c7d7c258e5e7c59f43b090f50	EDNA93	17
d989dd9c7d7c258e5e7c59f43b090f50	EDNA75	111
d989dd9c7d7c258e5e7c59f43b090f50	EDNA94	5
d989dd9c7d7c258e5e7c59f43b090f50	EDNA85	32
d989dd9c7d7c258e5e7c59f43b090f50	EDNA67	20
d989dd9c7d7c258e5e7c59f43b090f50	EDNA95	3
d989dd9c7d7c258e5e7c59f43b090f50	EDNA86	37
d989dd9c7d7c258e5e7c59f43b090f50	EDNA68	37
86e65d51acbfece98d7c068fcd719d58	EDNA96	4
86e65d51acbfece98d7c068fcd719d58	EDNA87	4
86e65d51acbfece98d7c068fcd719d58	EDNA79	9
86e65d51acbfece98d7c068fcd719d58	EDNA98	8
86e65d51acbfece98d7c068fcd719d58	EDNA40	224
86e65d51acbfece98d7c068fcd719d58	EDNA99	4
86e65d51acbfece98d7c068fcd719d58	EDNA41	71
86e65d51acbfece98d7c068fcd719d58	EDNA60	16
86e65d51acbfece98d7c068fcd719d58	EDNA42	80
86e65d51acbfece98d7c068fcd719d58	EDNA52	4
86e65d51acbfece98d7c068fcd719d58	EDNA43	100
86e65d51acbfece98d7c068fcd719d58	EDNA34	52
86e65d51acbfece98d7c068fcd719d58	EDNA80	9
86e65d51acbfece98d7c068fcd719d58	EDNA44	58
86e65d51acbfece98d7c068fcd719d58	EDNA35	22
86e65d51acbfece98d7c068fcd719d58	EDNA81	20
86e65d51acbfece98d7c068fcd719d58	EDNA63	4
86e65d51acbfece98d7c068fcd719d58	EDNA54	8
86e65d51acbfece98d7c068fcd719d58	EDNA45	50
86e65d51acbfece98d7c068fcd719d58	EDNA36	23
86e65d51acbfece98d7c068fcd719d58	EDNA91	6
86e65d51acbfece98d7c068fcd719d58	EDNA73	2
86e65d51acbfece98d7c068fcd719d58	EDNA55	9
86e65d51acbfece98d7c068fcd719d58	EDNA46	32
86e65d51acbfece98d7c068fcd719d58	EDNA56	13
86e65d51acbfece98d7c068fcd719d58	EDNA47	38
86e65d51acbfece98d7c068fcd719d58	EDNA93	9
86e65d51acbfece98d7c068fcd719d58	EDNA84	6
86e65d51acbfece98d7c068fcd719d58	EDNA57	6
86e65d51acbfece98d7c068fcd719d58	EDNA48	25
86e65d51acbfece98d7c068fcd719d58	EDNA85	15
86e65d51acbfece98d7c068fcd719d58	EDNA58	7
86e65d51acbfece98d7c068fcd719d58	EDNA95	2
86e65d51acbfece98d7c068fcd719d58	EDNA59	12
95c3f321e20e4aace9262e2c80a41d15	MB20	117
95c3f321e20e4aace9262e2c80a41d15	MB24	286
95c3f321e20e4aace9262e2c80a41d15	MB2	548
133b52d04f806ca1049f961094bf8624	EDNA87	1
133b52d04f806ca1049f961094bf8624	EDNA69	32
133b52d04f806ca1049f961094bf8624	MB21	1
133b52d04f806ca1049f961094bf8624	EDNA70	8
133b52d04f806ca1049f961094bf8624	EDNA71	143
133b52d04f806ca1049f961094bf8624	MB17	208
133b52d04f806ca1049f961094bf8624	MB18	119
133b52d04f806ca1049f961094bf8624	EDNA73	71
133b52d04f806ca1049f961094bf8624	MB19	189
133b52d04f806ca1049f961094bf8624	EDNA74	56
133b52d04f806ca1049f961094bf8624	EDNA67	98
133b52d04f806ca1049f961094bf8624	EDNA86	9
133b52d04f806ca1049f961094bf8624	EDNA68	15
d7e934c03e54f6bbc77cd6cc63b7bc0a	EDNA46	26
d7e934c03e54f6bbc77cd6cc63b7bc0a	EDNA1	35
d7e934c03e54f6bbc77cd6cc63b7bc0a	EDNA47	7
d7e934c03e54f6bbc77cd6cc63b7bc0a	EDNA2	45
d7e934c03e54f6bbc77cd6cc63b7bc0a	EDNA3	29
d7e934c03e54f6bbc77cd6cc63b7bc0a	EDNA7	28
d7e934c03e54f6bbc77cd6cc63b7bc0a	EDNA8	21
d7e934c03e54f6bbc77cd6cc63b7bc0a	EDNA9	12
d7e934c03e54f6bbc77cd6cc63b7bc0a	EDNA80	3
d7e934c03e54f6bbc77cd6cc63b7bc0a	EDNA81	6
d7e934c03e54f6bbc77cd6cc63b7bc0a	EDNA82	14
d7e934c03e54f6bbc77cd6cc63b7bc0a	EDNA83	10
d7e934c03e54f6bbc77cd6cc63b7bc0a	EDNA84	3
d7e934c03e54f6bbc77cd6cc63b7bc0a	EDNA10	19
d7e934c03e54f6bbc77cd6cc63b7bc0a	EDNA11	37
d7e934c03e54f6bbc77cd6cc63b7bc0a	EDNA12	22
d7e934c03e54f6bbc77cd6cc63b7bc0a	EDNA13	23
d7e934c03e54f6bbc77cd6cc63b7bc0a	EDNA14	29
d7e934c03e54f6bbc77cd6cc63b7bc0a	EDNA15	11
d7e934c03e54f6bbc77cd6cc63b7bc0a	EDNA16	10
d7e934c03e54f6bbc77cd6cc63b7bc0a	EDNA17	13
d7e934c03e54f6bbc77cd6cc63b7bc0a	EDNA18	10
d7e934c03e54f6bbc77cd6cc63b7bc0a	EDNA31	58
d7e934c03e54f6bbc77cd6cc63b7bc0a	EDNA32	23
d7e934c03e54f6bbc77cd6cc63b7bc0a	EDNA33	8
d7e934c03e54f6bbc77cd6cc63b7bc0a	EDNA34	14
d7e934c03e54f6bbc77cd6cc63b7bc0a	EDNA35	8
d7e934c03e54f6bbc77cd6cc63b7bc0a	EDNA36	25
d7e934c03e54f6bbc77cd6cc63b7bc0a	EDNA52	1
d7e934c03e54f6bbc77cd6cc63b7bc0a	EDNA59	2
d7e934c03e54f6bbc77cd6cc63b7bc0a	EDNA22	21
d7e934c03e54f6bbc77cd6cc63b7bc0a	EDNA23	48
d7e934c03e54f6bbc77cd6cc63b7bc0a	EDNA24	52
d7e934c03e54f6bbc77cd6cc63b7bc0a	EDNA25	33
d7e934c03e54f6bbc77cd6cc63b7bc0a	EDNA26	22
d7e934c03e54f6bbc77cd6cc63b7bc0a	EDNA27	62
d7e934c03e54f6bbc77cd6cc63b7bc0a	EDNA40	7
d7e934c03e54f6bbc77cd6cc63b7bc0a	EDNA41	9
d7e934c03e54f6bbc77cd6cc63b7bc0a	EDNA42	8
d7e934c03e54f6bbc77cd6cc63b7bc0a	EDNA43	71
d7e934c03e54f6bbc77cd6cc63b7bc0a	EDNA44	14
d7e934c03e54f6bbc77cd6cc63b7bc0a	EDNA45	38
915d3cb8772e89560a1445506e085558	MB8	4
915d3cb8772e89560a1445506e085558	MB20	42
915d3cb8772e89560a1445506e085558	MB21	7
915d3cb8772e89560a1445506e085558	MB22	13
915d3cb8772e89560a1445506e085558	MB23	71
915d3cb8772e89560a1445506e085558	EDNA43	40
915d3cb8772e89560a1445506e085558	EDNA82	760
fa1e2a4f39b00449772a50379af2106d	MB20	27
fa1e2a4f39b00449772a50379af2106d	MB22	1
fa1e2a4f39b00449772a50379af2106d	EDNA83	474
fa1e2a4f39b00449772a50379af2106d	EDNA84	407
2a9a820760a9dc32a26f415c9d5db107	EDNA96	13
2a9a820760a9dc32a26f415c9d5db107	EDNA69	12
2a9a820760a9dc32a26f415c9d5db107	EDNA97	1
2a9a820760a9dc32a26f415c9d5db107	EDNA79	18
2a9a820760a9dc32a26f415c9d5db107	EDNA99	1
2a9a820760a9dc32a26f415c9d5db107	EDNA42	1
2a9a820760a9dc32a26f415c9d5db107	EDNA24	4
2a9a820760a9dc32a26f415c9d5db107	EDNA70	8
2a9a820760a9dc32a26f415c9d5db107	EDNA80	50
2a9a820760a9dc32a26f415c9d5db107	EDNA71	9
2a9a820760a9dc32a26f415c9d5db107	EDNA81	67
2a9a820760a9dc32a26f415c9d5db107	EDNA91	7
2a9a820760a9dc32a26f415c9d5db107	EDNA82	74
2a9a820760a9dc32a26f415c9d5db107	EDNA73	115
2a9a820760a9dc32a26f415c9d5db107	EDNA92	6
2a9a820760a9dc32a26f415c9d5db107	EDNA83	180
2a9a820760a9dc32a26f415c9d5db107	EDNA74	82
2a9a820760a9dc32a26f415c9d5db107	EDNA93	15
2a9a820760a9dc32a26f415c9d5db107	EDNA84	96
2a9a820760a9dc32a26f415c9d5db107	EDNA75	89
2a9a820760a9dc32a26f415c9d5db107	EDNA94	1
2a9a820760a9dc32a26f415c9d5db107	EDNA85	19
2a9a820760a9dc32a26f415c9d5db107	EDNA67	24
2a9a820760a9dc32a26f415c9d5db107	EDNA102	1
2a9a820760a9dc32a26f415c9d5db107	EDNA86	4
2a9a820760a9dc32a26f415c9d5db107	EDNA68	7
ba87d30d6014f0ed78f6c00688591301	EDNA97	24
ba87d30d6014f0ed78f6c00688591301	EDNA98	36
ba87d30d6014f0ed78f6c00688591301	EDNA31	6
ba87d30d6014f0ed78f6c00688591301	EDNA13	5
ba87d30d6014f0ed78f6c00688591301	EDNA99	21
ba87d30d6014f0ed78f6c00688591301	MB25	728
ba87d30d6014f0ed78f6c00688591301	EDNA26	36
ba87d30d6014f0ed78f6c00688591301	MB2	4
ba87d30d6014f0ed78f6c00688591301	EDNA45	10
ba87d30d6014f0ed78f6c00688591301	EDNA36	19
ba87d30d6014f0ed78f6c00688591301	MB4	4
ba87d30d6014f0ed78f6c00688591301	EDNA58	9
aba698c1cc8f91b509b49dc691c01aa4	EDNA99	59
aba698c1cc8f91b509b49dc691c01aa4	MB25	839
ca79c89a798e348266e8041069cbdfe6	MB20	14
ca79c89a798e348266e8041069cbdfe6	EDNA81	209
ca79c89a798e348266e8041069cbdfe6	EDNA82	666
69ef038f9133170a3c912796b3633d5f	EDNA87	4
69ef038f9133170a3c912796b3633d5f	EDNA69	18
69ef038f9133170a3c912796b3633d5f	EDNA79	34
69ef038f9133170a3c912796b3633d5f	EDNA40	12
69ef038f9133170a3c912796b3633d5f	EDNA61	2
69ef038f9133170a3c912796b3633d5f	EDNA43	11
69ef038f9133170a3c912796b3633d5f	EDNA80	72
69ef038f9133170a3c912796b3633d5f	EDNA81	46
69ef038f9133170a3c912796b3633d5f	EDNA91	9
69ef038f9133170a3c912796b3633d5f	EDNA82	232
69ef038f9133170a3c912796b3633d5f	EDNA73	155
69ef038f9133170a3c912796b3633d5f	EDNA83	165
69ef038f9133170a3c912796b3633d5f	EDNA74	12
69ef038f9133170a3c912796b3633d5f	EDNA84	73
69ef038f9133170a3c912796b3633d5f	EDNA75	5
69ef038f9133170a3c912796b3633d5f	EDNA85	4
69ef038f9133170a3c912796b3633d5f	EDNA67	17
69ef038f9133170a3c912796b3633d5f	EDNA86	7
e120bc1ca9ffc118b1ba4519e222ab89	MB14	58
e120bc1ca9ffc118b1ba4519e222ab89	EDNA16	819
92bd6fab6ce866ff95fb71b293c39dc2	EDNA79	2
92bd6fab6ce866ff95fb71b293c39dc2	EDNA70	4
92bd6fab6ce866ff95fb71b293c39dc2	EDNA80	12
92bd6fab6ce866ff95fb71b293c39dc2	EDNA71	9
92bd6fab6ce866ff95fb71b293c39dc2	EDNA91	5
92bd6fab6ce866ff95fb71b293c39dc2	EDNA73	556
92bd6fab6ce866ff95fb71b293c39dc2	EDNA74	112
92bd6fab6ce866ff95fb71b293c39dc2	EDNA75	145
92bd6fab6ce866ff95fb71b293c39dc2	EDNA67	7
92bd6fab6ce866ff95fb71b293c39dc2	EDNA86	5
92bd6fab6ce866ff95fb71b293c39dc2	EDNA68	2
2255c97c7cd23033df643423e04bf4d0	EDNA46	9
2255c97c7cd23033df643423e04bf4d0	EDNA1	8
2255c97c7cd23033df643423e04bf4d0	EDNA47	13
2255c97c7cd23033df643423e04bf4d0	EDNA2	4
2255c97c7cd23033df643423e04bf4d0	EDNA61	1
2255c97c7cd23033df643423e04bf4d0	EDNA48	1
2255c97c7cd23033df643423e04bf4d0	EDNA3	12
2255c97c7cd23033df643423e04bf4d0	EDNA63	5
2255c97c7cd23033df643423e04bf4d0	EDNA8	2
2255c97c7cd23033df643423e04bf4d0	EDNA9	5
2255c97c7cd23033df643423e04bf4d0	EDNA83	1
2255c97c7cd23033df643423e04bf4d0	EDNA85	1
2255c97c7cd23033df643423e04bf4d0	EDNA86	2
2255c97c7cd23033df643423e04bf4d0	MB11	2
2255c97c7cd23033df643423e04bf4d0	EDNA10	2
2255c97c7cd23033df643423e04bf4d0	EDNA11	3
2255c97c7cd23033df643423e04bf4d0	EDNA12	2
2255c97c7cd23033df643423e04bf4d0	EDNA13	5
2255c97c7cd23033df643423e04bf4d0	EDNA14	3
2255c97c7cd23033df643423e04bf4d0	EDNA15	1
2255c97c7cd23033df643423e04bf4d0	EDNA16	3
2255c97c7cd23033df643423e04bf4d0	EDNA17	13
2255c97c7cd23033df643423e04bf4d0	EDNA18	8
2255c97c7cd23033df643423e04bf4d0	EDNA31	2
2255c97c7cd23033df643423e04bf4d0	EDNA32	11
2255c97c7cd23033df643423e04bf4d0	EDNA34	36
2255c97c7cd23033df643423e04bf4d0	EDNA35	32
2255c97c7cd23033df643423e04bf4d0	EDNA36	6
2255c97c7cd23033df643423e04bf4d0	EDNA52	4
2255c97c7cd23033df643423e04bf4d0	EDNA53	4
2255c97c7cd23033df643423e04bf4d0	EDNA54	4
2255c97c7cd23033df643423e04bf4d0	EDNA55	1
2255c97c7cd23033df643423e04bf4d0	EDNA56	3
2255c97c7cd23033df643423e04bf4d0	EDNA57	3
2255c97c7cd23033df643423e04bf4d0	EDNA58	11
2255c97c7cd23033df643423e04bf4d0	EDNA59	4
2255c97c7cd23033df643423e04bf4d0	EDNA91	12
2255c97c7cd23033df643423e04bf4d0	EDNA92	13
2255c97c7cd23033df643423e04bf4d0	EDNA93	15
2255c97c7cd23033df643423e04bf4d0	EDNA94	8
2255c97c7cd23033df643423e04bf4d0	EDNA96	3
2255c97c7cd23033df643423e04bf4d0	EDNA97	10
2255c97c7cd23033df643423e04bf4d0	EDNA98	6
2255c97c7cd23033df643423e04bf4d0	EDNA99	1
2255c97c7cd23033df643423e04bf4d0	EDNA22	43
2255c97c7cd23033df643423e04bf4d0	EDNA23	248
2255c97c7cd23033df643423e04bf4d0	EDNA24	71
2255c97c7cd23033df643423e04bf4d0	EDNA25	51
2255c97c7cd23033df643423e04bf4d0	EDNA26	24
2255c97c7cd23033df643423e04bf4d0	EDNA27	51
2255c97c7cd23033df643423e04bf4d0	EDNA40	6
2255c97c7cd23033df643423e04bf4d0	EDNA42	13
2255c97c7cd23033df643423e04bf4d0	EDNA43	12
2255c97c7cd23033df643423e04bf4d0	EDNA44	22
2255c97c7cd23033df643423e04bf4d0	EDNA45	18
0c11abb10ca8c4ca6a9466f89d510f2e	EDNA46	14
0c11abb10ca8c4ca6a9466f89d510f2e	EDNA47	54
0c11abb10ca8c4ca6a9466f89d510f2e	EDNA60	6
0c11abb10ca8c4ca6a9466f89d510f2e	EDNA48	42
0c11abb10ca8c4ca6a9466f89d510f2e	EDNA3	12
0c11abb10ca8c4ca6a9466f89d510f2e	EDNA61	3
0c11abb10ca8c4ca6a9466f89d510f2e	EDNA7	40
0c11abb10ca8c4ca6a9466f89d510f2e	EDNA9	29
0c11abb10ca8c4ca6a9466f89d510f2e	EDNA67	25
0c11abb10ca8c4ca6a9466f89d510f2e	EDNA84	2
0c11abb10ca8c4ca6a9466f89d510f2e	EDNA87	2
0c11abb10ca8c4ca6a9466f89d510f2e	MB13	5
0c11abb10ca8c4ca6a9466f89d510f2e	MB1	2
0c11abb10ca8c4ca6a9466f89d510f2e	MB2	9
0c11abb10ca8c4ca6a9466f89d510f2e	MB18	9
0c11abb10ca8c4ca6a9466f89d510f2e	MB4	6
0c11abb10ca8c4ca6a9466f89d510f2e	MB8	47
0c11abb10ca8c4ca6a9466f89d510f2e	EDNA10	9
0c11abb10ca8c4ca6a9466f89d510f2e	EDNA12	5
0c11abb10ca8c4ca6a9466f89d510f2e	EDNA13	4
0c11abb10ca8c4ca6a9466f89d510f2e	EDNA14	12
0c11abb10ca8c4ca6a9466f89d510f2e	EDNA15	9
0c11abb10ca8c4ca6a9466f89d510f2e	EDNA16	4
0c11abb10ca8c4ca6a9466f89d510f2e	EDNA17	2
0c11abb10ca8c4ca6a9466f89d510f2e	EDNA18	9
0c11abb10ca8c4ca6a9466f89d510f2e	EDNA54	1
0c11abb10ca8c4ca6a9466f89d510f2e	EDNA55	3
0c11abb10ca8c4ca6a9466f89d510f2e	EDNA56	9
0c11abb10ca8c4ca6a9466f89d510f2e	EDNA70	23
0c11abb10ca8c4ca6a9466f89d510f2e	EDNA58	6
0c11abb10ca8c4ca6a9466f89d510f2e	EDNA71	8
0c11abb10ca8c4ca6a9466f89d510f2e	EDNA59	4
0c11abb10ca8c4ca6a9466f89d510f2e	EDNA73	14
0c11abb10ca8c4ca6a9466f89d510f2e	EDNA74	79
0c11abb10ca8c4ca6a9466f89d510f2e	EDNA75	27
0c11abb10ca8c4ca6a9466f89d510f2e	EDNA91	6
0c11abb10ca8c4ca6a9466f89d510f2e	EDNA79	2
0c11abb10ca8c4ca6a9466f89d510f2e	EDNA93	18
0c11abb10ca8c4ca6a9466f89d510f2e	EDNA95	4
0c11abb10ca8c4ca6a9466f89d510f2e	EDNA97	1
0c11abb10ca8c4ca6a9466f89d510f2e	EDNA23	52
0c11abb10ca8c4ca6a9466f89d510f2e	EDNA41	105
0c11abb10ca8c4ca6a9466f89d510f2e	EDNA42	4
0c11abb10ca8c4ca6a9466f89d510f2e	EDNA43	24
0c11abb10ca8c4ca6a9466f89d510f2e	EDNA44	87
0c11abb10ca8c4ca6a9466f89d510f2e	EDNA45	15
7c5b0d8dd7821c535d517c19e1744da2	EDNA1	36
7c5b0d8dd7821c535d517c19e1744da2	EDNA2	26
7c5b0d8dd7821c535d517c19e1744da2	EDNA3	86
7c5b0d8dd7821c535d517c19e1744da2	EDNA61	9
7c5b0d8dd7821c535d517c19e1744da2	EDNA62	3
7c5b0d8dd7821c535d517c19e1744da2	EDNA63	2
7c5b0d8dd7821c535d517c19e1744da2	EDNA7	11
7c5b0d8dd7821c535d517c19e1744da2	EDNA8	19
7c5b0d8dd7821c535d517c19e1744da2	EDNA9	14
7c5b0d8dd7821c535d517c19e1744da2	EDNA67	3
7c5b0d8dd7821c535d517c19e1744da2	EDNA81	3
7c5b0d8dd7821c535d517c19e1744da2	EDNA68	14
7c5b0d8dd7821c535d517c19e1744da2	EDNA86	1
7c5b0d8dd7821c535d517c19e1744da2	MB1	60
7c5b0d8dd7821c535d517c19e1744da2	MB2	4
7c5b0d8dd7821c535d517c19e1744da2	MB4	6
7c5b0d8dd7821c535d517c19e1744da2	MB6	8
7c5b0d8dd7821c535d517c19e1744da2	EDNA10	9
7c5b0d8dd7821c535d517c19e1744da2	EDNA12	9
7c5b0d8dd7821c535d517c19e1744da2	EDNA13	11
7c5b0d8dd7821c535d517c19e1744da2	EDNA14	2
7c5b0d8dd7821c535d517c19e1744da2	EDNA15	4
7c5b0d8dd7821c535d517c19e1744da2	EDNA16	7
7c5b0d8dd7821c535d517c19e1744da2	EDNA17	17
7c5b0d8dd7821c535d517c19e1744da2	EDNA18	17
7c5b0d8dd7821c535d517c19e1744da2	EDNA31	75
7c5b0d8dd7821c535d517c19e1744da2	EDNA32	18
7c5b0d8dd7821c535d517c19e1744da2	EDNA33	10
7c5b0d8dd7821c535d517c19e1744da2	EDNA34	1
7c5b0d8dd7821c535d517c19e1744da2	EDNA36	5
7c5b0d8dd7821c535d517c19e1744da2	EDNA52	3
7c5b0d8dd7821c535d517c19e1744da2	EDNA53	3
7c5b0d8dd7821c535d517c19e1744da2	EDNA54	11
7c5b0d8dd7821c535d517c19e1744da2	EDNA55	1
7c5b0d8dd7821c535d517c19e1744da2	EDNA56	2
7c5b0d8dd7821c535d517c19e1744da2	EDNA70	4
7c5b0d8dd7821c535d517c19e1744da2	EDNA57	5
7c5b0d8dd7821c535d517c19e1744da2	EDNA58	2
7c5b0d8dd7821c535d517c19e1744da2	EDNA59	3
7c5b0d8dd7821c535d517c19e1744da2	EDNA73	69
7c5b0d8dd7821c535d517c19e1744da2	EDNA74	29
7c5b0d8dd7821c535d517c19e1744da2	EDNA75	78
7c5b0d8dd7821c535d517c19e1744da2	EDNA91	3
7c5b0d8dd7821c535d517c19e1744da2	EDNA93	5
7c5b0d8dd7821c535d517c19e1744da2	EDNA94	9
7c5b0d8dd7821c535d517c19e1744da2	EDNA95	2
7c5b0d8dd7821c535d517c19e1744da2	EDNA96	6
7c5b0d8dd7821c535d517c19e1744da2	EDNA97	14
7c5b0d8dd7821c535d517c19e1744da2	EDNA98	1
7c5b0d8dd7821c535d517c19e1744da2	EDNA99	6
7c5b0d8dd7821c535d517c19e1744da2	MB25	5
7c5b0d8dd7821c535d517c19e1744da2	EDNA22	9
7c5b0d8dd7821c535d517c19e1744da2	EDNA24	8
7c5b0d8dd7821c535d517c19e1744da2	EDNA26	4
7c5b0d8dd7821c535d517c19e1744da2	EDNA27	9
7c5b0d8dd7821c535d517c19e1744da2	EDNA40	23
7c5b0d8dd7821c535d517c19e1744da2	EDNA41	1
7c5b0d8dd7821c535d517c19e1744da2	EDNA42	7
7c5b0d8dd7821c535d517c19e1744da2	EDNA43	8
7c5b0d8dd7821c535d517c19e1744da2	EDNA44	1
6bee509dfa73df3e128851671d2f2202	MB10	5
6bee509dfa73df3e128851671d2f2202	MB13	324
6bee509dfa73df3e128851671d2f2202	EDNA45	487
1fedbfff898bfb2d51168824e917e7bd	EDNA46	15
1fedbfff898bfb2d51168824e917e7bd	EDNA47	4
1fedbfff898bfb2d51168824e917e7bd	EDNA60	8
1fedbfff898bfb2d51168824e917e7bd	EDNA48	2
1fedbfff898bfb2d51168824e917e7bd	EDNA61	2
1fedbfff898bfb2d51168824e917e7bd	EDNA63	1
1fedbfff898bfb2d51168824e917e7bd	EDNA9	1
1fedbfff898bfb2d51168824e917e7bd	EDNA86	32
1fedbfff898bfb2d51168824e917e7bd	EDNA87	18
1fedbfff898bfb2d51168824e917e7bd	MB10	38
1fedbfff898bfb2d51168824e917e7bd	MB11	3
1fedbfff898bfb2d51168824e917e7bd	MB12	38
1fedbfff898bfb2d51168824e917e7bd	MB13	26
1fedbfff898bfb2d51168824e917e7bd	MB14	50
1fedbfff898bfb2d51168824e917e7bd	MB15	97
1fedbfff898bfb2d51168824e917e7bd	MB16	46
1fedbfff898bfb2d51168824e917e7bd	MB1	5
1fedbfff898bfb2d51168824e917e7bd	MB2	10
1fedbfff898bfb2d51168824e917e7bd	MB4	47
1fedbfff898bfb2d51168824e917e7bd	MB6	58
1fedbfff898bfb2d51168824e917e7bd	MB8	18
1fedbfff898bfb2d51168824e917e7bd	MB9	58
1fedbfff898bfb2d51168824e917e7bd	EDNA10	3
1fedbfff898bfb2d51168824e917e7bd	EDNA11	4
1fedbfff898bfb2d51168824e917e7bd	EDNA12	6
1fedbfff898bfb2d51168824e917e7bd	EDNA13	2
1fedbfff898bfb2d51168824e917e7bd	EDNA14	3
1fedbfff898bfb2d51168824e917e7bd	EDNA15	5
1fedbfff898bfb2d51168824e917e7bd	EDNA18	2
1fedbfff898bfb2d51168824e917e7bd	EDNA35	1
1fedbfff898bfb2d51168824e917e7bd	EDNA54	2
1fedbfff898bfb2d51168824e917e7bd	EDNA57	1
1fedbfff898bfb2d51168824e917e7bd	EDNA58	2
1fedbfff898bfb2d51168824e917e7bd	EDNA91	4
1fedbfff898bfb2d51168824e917e7bd	MB20	50
1fedbfff898bfb2d51168824e917e7bd	MB21	20
1fedbfff898bfb2d51168824e917e7bd	MB22	39
1fedbfff898bfb2d51168824e917e7bd	MB23	40
1fedbfff898bfb2d51168824e917e7bd	MB24	28
1fedbfff898bfb2d51168824e917e7bd	MB25	11
1fedbfff898bfb2d51168824e917e7bd	EDNA41	5
1fedbfff898bfb2d51168824e917e7bd	EDNA43	2
bb7ca8f5e2cdef70fb82368732f80f61	EDNA97	9
bb7ca8f5e2cdef70fb82368732f80f61	EDNA98	9
bb7ca8f5e2cdef70fb82368732f80f61	EDNA31	275
bb7ca8f5e2cdef70fb82368732f80f61	EDNA32	99
bb7ca8f5e2cdef70fb82368732f80f61	EDNA23	4
bb7ca8f5e2cdef70fb82368732f80f61	EDNA33	75
bb7ca8f5e2cdef70fb82368732f80f61	EDNA61	3
bb7ca8f5e2cdef70fb82368732f80f61	EDNA52	5
bb7ca8f5e2cdef70fb82368732f80f61	EDNA34	111
bb7ca8f5e2cdef70fb82368732f80f61	EDNA16	1
bb7ca8f5e2cdef70fb82368732f80f61	EDNA62	1
bb7ca8f5e2cdef70fb82368732f80f61	EDNA53	2
bb7ca8f5e2cdef70fb82368732f80f61	EDNA3	6
bb7ca8f5e2cdef70fb82368732f80f61	EDNA35	82
bb7ca8f5e2cdef70fb82368732f80f61	EDNA63	10
bb7ca8f5e2cdef70fb82368732f80f61	EDNA54	4
bb7ca8f5e2cdef70fb82368732f80f61	EDNA36	86
bb7ca8f5e2cdef70fb82368732f80f61	EDNA18	7
bb7ca8f5e2cdef70fb82368732f80f61	EDNA46	8
bb7ca8f5e2cdef70fb82368732f80f61	EDNA7	1
bb7ca8f5e2cdef70fb82368732f80f61	EDNA10	5
5bf86f586fee62c1927db8f8d31e80c1	EDNA71	623
5bf86f586fee62c1927db8f8d31e80c1	MB17	131
5bf86f586fee62c1927db8f8d31e80c1	EDNA68	49
bf39ea984e6e8e1f62c6518a8af59ce2	EDNA87	11
bf39ea984e6e8e1f62c6518a8af59ce2	EDNA11	3
bf39ea984e6e8e1f62c6518a8af59ce2	EDNA79	8
bf39ea984e6e8e1f62c6518a8af59ce2	EDNA12	5
bf39ea984e6e8e1f62c6518a8af59ce2	EDNA40	58
bf39ea984e6e8e1f62c6518a8af59ce2	EDNA13	4
bf39ea984e6e8e1f62c6518a8af59ce2	EDNA41	105
bf39ea984e6e8e1f62c6518a8af59ce2	EDNA14	5
bf39ea984e6e8e1f62c6518a8af59ce2	EDNA42	63
bf39ea984e6e8e1f62c6518a8af59ce2	EDNA33	4
bf39ea984e6e8e1f62c6518a8af59ce2	EDNA15	2
bf39ea984e6e8e1f62c6518a8af59ce2	EDNA43	158
bf39ea984e6e8e1f62c6518a8af59ce2	MB1	3
bf39ea984e6e8e1f62c6518a8af59ce2	EDNA80	36
bf39ea984e6e8e1f62c6518a8af59ce2	EDNA44	58
bf39ea984e6e8e1f62c6518a8af59ce2	EDNA17	1
bf39ea984e6e8e1f62c6518a8af59ce2	MB2	13
bf39ea984e6e8e1f62c6518a8af59ce2	EDNA81	49
bf39ea984e6e8e1f62c6518a8af59ce2	EDNA45	20
bf39ea984e6e8e1f62c6518a8af59ce2	EDNA91	4
bf39ea984e6e8e1f62c6518a8af59ce2	EDNA82	31
bf39ea984e6e8e1f62c6518a8af59ce2	MB4	1
bf39ea984e6e8e1f62c6518a8af59ce2	EDNA83	103
bf39ea984e6e8e1f62c6518a8af59ce2	EDNA56	1
bf39ea984e6e8e1f62c6518a8af59ce2	EDNA93	8
bf39ea984e6e8e1f62c6518a8af59ce2	EDNA84	28
bf39ea984e6e8e1f62c6518a8af59ce2	EDNA48	2
bf39ea984e6e8e1f62c6518a8af59ce2	EDNA94	1
bf39ea984e6e8e1f62c6518a8af59ce2	EDNA8	6
bf39ea984e6e8e1f62c6518a8af59ce2	EDNA85	2
bf39ea984e6e8e1f62c6518a8af59ce2	EDNA10	8
29a3974f5987942862eaaa01a9ef3070	EDNA69	83
29a3974f5987942862eaaa01a9ef3070	EDNA79	3
29a3974f5987942862eaaa01a9ef3070	EDNA70	32
29a3974f5987942862eaaa01a9ef3070	EDNA71	145
29a3974f5987942862eaaa01a9ef3070	EDNA73	89
29a3974f5987942862eaaa01a9ef3070	MB19	3
29a3974f5987942862eaaa01a9ef3070	EDNA74	115
29a3974f5987942862eaaa01a9ef3070	EDNA75	138
29a3974f5987942862eaaa01a9ef3070	EDNA85	3
29a3974f5987942862eaaa01a9ef3070	EDNA67	59
29a3974f5987942862eaaa01a9ef3070	EDNA68	129
71445427d1cd0233495dca3fb55457b1	EDNA87	4
71445427d1cd0233495dca3fb55457b1	EDNA71	81
71445427d1cd0233495dca3fb55457b1	EDNA73	419
71445427d1cd0233495dca3fb55457b1	MB19	10
71445427d1cd0233495dca3fb55457b1	EDNA74	52
71445427d1cd0233495dca3fb55457b1	EDNA75	226
d13e7250ff029ca89131bb12f2909e9a	MB22	2
d13e7250ff029ca89131bb12f2909e9a	MB17	591
d13e7250ff029ca89131bb12f2909e9a	MB18	35
d13e7250ff029ca89131bb12f2909e9a	EDNA85	156
d53d881bc3534434eff764c86423c278	MB13	485
d53d881bc3534434eff764c86423c278	EDNA32	12
d53d881bc3534434eff764c86423c278	EDNA44	12
d53d881bc3534434eff764c86423c278	MB7	267
3e55cfbe1247049cdc39a0b5dfea467a	EDNA11	2
3e55cfbe1247049cdc39a0b5dfea467a	EDNA40	28
3e55cfbe1247049cdc39a0b5dfea467a	EDNA31	3
3e55cfbe1247049cdc39a0b5dfea467a	EDNA13	3
3e55cfbe1247049cdc39a0b5dfea467a	EDNA41	63
3e55cfbe1247049cdc39a0b5dfea467a	EDNA32	10
3e55cfbe1247049cdc39a0b5dfea467a	EDNA14	1
3e55cfbe1247049cdc39a0b5dfea467a	EDNA60	1
3e55cfbe1247049cdc39a0b5dfea467a	EDNA42	59
3e55cfbe1247049cdc39a0b5dfea467a	EDNA33	2
3e55cfbe1247049cdc39a0b5dfea467a	EDNA1	4
3e55cfbe1247049cdc39a0b5dfea467a	EDNA61	8
3e55cfbe1247049cdc39a0b5dfea467a	EDNA52	1
3e55cfbe1247049cdc39a0b5dfea467a	EDNA43	81
3e55cfbe1247049cdc39a0b5dfea467a	EDNA34	119
3e55cfbe1247049cdc39a0b5dfea467a	EDNA62	4
3e55cfbe1247049cdc39a0b5dfea467a	EDNA53	1
3e55cfbe1247049cdc39a0b5dfea467a	EDNA44	36
3e55cfbe1247049cdc39a0b5dfea467a	EDNA3	21
3e55cfbe1247049cdc39a0b5dfea467a	EDNA35	55
3e55cfbe1247049cdc39a0b5dfea467a	EDNA63	3
3e55cfbe1247049cdc39a0b5dfea467a	EDNA45	107
3e55cfbe1247049cdc39a0b5dfea467a	EDNA36	27
3e55cfbe1247049cdc39a0b5dfea467a	EDNA27	13
3e55cfbe1247049cdc39a0b5dfea467a	EDNA18	3
3e55cfbe1247049cdc39a0b5dfea467a	EDNA55	4
3e55cfbe1247049cdc39a0b5dfea467a	EDNA46	36
3e55cfbe1247049cdc39a0b5dfea467a	EDNA56	8
3e55cfbe1247049cdc39a0b5dfea467a	EDNA47	21
3e55cfbe1247049cdc39a0b5dfea467a	EDNA57	12
3e55cfbe1247049cdc39a0b5dfea467a	EDNA48	24
3e55cfbe1247049cdc39a0b5dfea467a	EDNA8	1
3e55cfbe1247049cdc39a0b5dfea467a	EDNA58	3
3e55cfbe1247049cdc39a0b5dfea467a	EDNA59	6
98d96da31ec49e1526f5771545d7ec44	MB10	371
98d96da31ec49e1526f5771545d7ec44	EDNA82	396
eccf5991216d7bf182cc4d45b1a5ade7	EDNA87	10
eccf5991216d7bf182cc4d45b1a5ade7	EDNA69	28
eccf5991216d7bf182cc4d45b1a5ade7	EDNA79	29
eccf5991216d7bf182cc4d45b1a5ade7	EDNA70	43
eccf5991216d7bf182cc4d45b1a5ade7	EDNA80	51
eccf5991216d7bf182cc4d45b1a5ade7	EDNA71	44
eccf5991216d7bf182cc4d45b1a5ade7	EDNA81	51
eccf5991216d7bf182cc4d45b1a5ade7	EDNA27	1
eccf5991216d7bf182cc4d45b1a5ade7	EDNA91	9
eccf5991216d7bf182cc4d45b1a5ade7	EDNA73	113
eccf5991216d7bf182cc4d45b1a5ade7	EDNA92	7
eccf5991216d7bf182cc4d45b1a5ade7	EDNA83	1
eccf5991216d7bf182cc4d45b1a5ade7	EDNA74	170
eccf5991216d7bf182cc4d45b1a5ade7	EDNA93	5
eccf5991216d7bf182cc4d45b1a5ade7	EDNA75	77
eccf5991216d7bf182cc4d45b1a5ade7	EDNA94	3
eccf5991216d7bf182cc4d45b1a5ade7	EDNA85	55
eccf5991216d7bf182cc4d45b1a5ade7	EDNA67	9
eccf5991216d7bf182cc4d45b1a5ade7	EDNA95	4
eccf5991216d7bf182cc4d45b1a5ade7	EDNA86	34
eccf5991216d7bf182cc4d45b1a5ade7	EDNA68	21
7080f0330074e98d0ae038b5196cb522	EDNA87	2
7080f0330074e98d0ae038b5196cb522	EDNA69	8
7080f0330074e98d0ae038b5196cb522	EDNA70	2
7080f0330074e98d0ae038b5196cb522	EDNA80	30
7080f0330074e98d0ae038b5196cb522	EDNA71	50
7080f0330074e98d0ae038b5196cb522	MB17	5
7080f0330074e98d0ae038b5196cb522	EDNA81	25
7080f0330074e98d0ae038b5196cb522	MB18	2
7080f0330074e98d0ae038b5196cb522	EDNA73	260
7080f0330074e98d0ae038b5196cb522	MB19	37
7080f0330074e98d0ae038b5196cb522	EDNA74	228
7080f0330074e98d0ae038b5196cb522	EDNA75	78
7080f0330074e98d0ae038b5196cb522	EDNA67	10
7080f0330074e98d0ae038b5196cb522	EDNA95	2
7080f0330074e98d0ae038b5196cb522	EDNA86	5
7080f0330074e98d0ae038b5196cb522	EDNA68	16
95ae0c4b96076ea73b85c2a32bf2c820	EDNA1	14
95ae0c4b96076ea73b85c2a32bf2c820	EDNA25	6
95ae0c4b96076ea73b85c2a32bf2c820	EDNA53	731
95ae0c4b96076ea73b85c2a32bf2c820	EDNA27	1
c43c828baf4bb11edda84a6982c11db5	EDNA11	11
c43c828baf4bb11edda84a6982c11db5	EDNA12	7
c43c828baf4bb11edda84a6982c11db5	EDNA40	7
c43c828baf4bb11edda84a6982c11db5	EDNA22	16
c43c828baf4bb11edda84a6982c11db5	EDNA13	44
c43c828baf4bb11edda84a6982c11db5	EDNA41	9
c43c828baf4bb11edda84a6982c11db5	EDNA23	31
c43c828baf4bb11edda84a6982c11db5	EDNA14	67
c43c828baf4bb11edda84a6982c11db5	EDNA42	2
c43c828baf4bb11edda84a6982c11db5	EDNA24	24
c43c828baf4bb11edda84a6982c11db5	EDNA1	111
c43c828baf4bb11edda84a6982c11db5	EDNA15	21
c43c828baf4bb11edda84a6982c11db5	EDNA52	2
c43c828baf4bb11edda84a6982c11db5	EDNA43	73
c43c828baf4bb11edda84a6982c11db5	EDNA34	4
c43c828baf4bb11edda84a6982c11db5	EDNA2	44
c43c828baf4bb11edda84a6982c11db5	EDNA25	25
c43c828baf4bb11edda84a6982c11db5	EDNA16	14
c43c828baf4bb11edda84a6982c11db5	EDNA44	17
c43c828baf4bb11edda84a6982c11db5	EDNA3	57
c43c828baf4bb11edda84a6982c11db5	EDNA35	4
c43c828baf4bb11edda84a6982c11db5	EDNA26	11
c43c828baf4bb11edda84a6982c11db5	EDNA17	16
c43c828baf4bb11edda84a6982c11db5	EDNA45	8
c43c828baf4bb11edda84a6982c11db5	EDNA36	19
c43c828baf4bb11edda84a6982c11db5	EDNA27	34
c43c828baf4bb11edda84a6982c11db5	EDNA18	18
c43c828baf4bb11edda84a6982c11db5	EDNA46	13
c43c828baf4bb11edda84a6982c11db5	EDNA47	13
c43c828baf4bb11edda84a6982c11db5	EDNA7	6
c43c828baf4bb11edda84a6982c11db5	EDNA8	5
c43c828baf4bb11edda84a6982c11db5	EDNA9	9
c43c828baf4bb11edda84a6982c11db5	EDNA10	2
44549285dad65b691842f0ae0371d4db	EDNA46	20
44549285dad65b691842f0ae0371d4db	EDNA1	11
44549285dad65b691842f0ae0371d4db	EDNA47	66
44549285dad65b691842f0ae0371d4db	EDNA2	8
44549285dad65b691842f0ae0371d4db	EDNA60	2
44549285dad65b691842f0ae0371d4db	EDNA48	25
44549285dad65b691842f0ae0371d4db	EDNA3	15
44549285dad65b691842f0ae0371d4db	EDNA61	1
44549285dad65b691842f0ae0371d4db	EDNA62	5
44549285dad65b691842f0ae0371d4db	EDNA63	3
44549285dad65b691842f0ae0371d4db	EDNA7	2
44549285dad65b691842f0ae0371d4db	EDNA11	2
44549285dad65b691842f0ae0371d4db	EDNA12	9
44549285dad65b691842f0ae0371d4db	EDNA13	4
44549285dad65b691842f0ae0371d4db	EDNA14	10
44549285dad65b691842f0ae0371d4db	EDNA15	5
44549285dad65b691842f0ae0371d4db	EDNA16	3
44549285dad65b691842f0ae0371d4db	EDNA17	4
44549285dad65b691842f0ae0371d4db	EDNA18	14
44549285dad65b691842f0ae0371d4db	EDNA31	206
44549285dad65b691842f0ae0371d4db	EDNA32	59
44549285dad65b691842f0ae0371d4db	EDNA33	55
44549285dad65b691842f0ae0371d4db	EDNA34	18
44549285dad65b691842f0ae0371d4db	EDNA35	23
44549285dad65b691842f0ae0371d4db	EDNA36	48
44549285dad65b691842f0ae0371d4db	EDNA52	4
44549285dad65b691842f0ae0371d4db	EDNA53	7
44549285dad65b691842f0ae0371d4db	EDNA54	2
44549285dad65b691842f0ae0371d4db	EDNA55	5
44549285dad65b691842f0ae0371d4db	EDNA56	2
44549285dad65b691842f0ae0371d4db	EDNA57	3
44549285dad65b691842f0ae0371d4db	EDNA58	4
44549285dad65b691842f0ae0371d4db	EDNA91	9
44549285dad65b691842f0ae0371d4db	EDNA92	9
44549285dad65b691842f0ae0371d4db	EDNA93	4
44549285dad65b691842f0ae0371d4db	EDNA94	1
44549285dad65b691842f0ae0371d4db	EDNA95	2
44549285dad65b691842f0ae0371d4db	EDNA96	19
44549285dad65b691842f0ae0371d4db	EDNA97	3
44549285dad65b691842f0ae0371d4db	EDNA98	5
44549285dad65b691842f0ae0371d4db	EDNA99	3
44549285dad65b691842f0ae0371d4db	EDNA40	5
44549285dad65b691842f0ae0371d4db	EDNA41	2
44549285dad65b691842f0ae0371d4db	EDNA42	6
44549285dad65b691842f0ae0371d4db	EDNA43	17
44549285dad65b691842f0ae0371d4db	EDNA45	10
afae3158378a5308d08982ecfcac9cb8	EDNA69	7
afae3158378a5308d08982ecfcac9cb8	EDNA70	156
afae3158378a5308d08982ecfcac9cb8	EDNA80	7
afae3158378a5308d08982ecfcac9cb8	EDNA71	161
afae3158378a5308d08982ecfcac9cb8	EDNA81	8
afae3158378a5308d08982ecfcac9cb8	EDNA91	2
afae3158378a5308d08982ecfcac9cb8	EDNA73	25
afae3158378a5308d08982ecfcac9cb8	EDNA92	3
afae3158378a5308d08982ecfcac9cb8	EDNA74	144
afae3158378a5308d08982ecfcac9cb8	EDNA93	3
afae3158378a5308d08982ecfcac9cb8	EDNA75	110
afae3158378a5308d08982ecfcac9cb8	EDNA67	59
afae3158378a5308d08982ecfcac9cb8	EDNA68	52
7ad437632c211bc9b6f8d2df93c191cf	EDNA46	6
7ad437632c211bc9b6f8d2df93c191cf	EDNA47	5
7ad437632c211bc9b6f8d2df93c191cf	EDNA2	7
7ad437632c211bc9b6f8d2df93c191cf	EDNA60	15
7ad437632c211bc9b6f8d2df93c191cf	EDNA48	3
7ad437632c211bc9b6f8d2df93c191cf	EDNA3	4
7ad437632c211bc9b6f8d2df93c191cf	EDNA61	7
7ad437632c211bc9b6f8d2df93c191cf	EDNA62	11
7ad437632c211bc9b6f8d2df93c191cf	EDNA63	7
7ad437632c211bc9b6f8d2df93c191cf	EDNA8	2
7ad437632c211bc9b6f8d2df93c191cf	EDNA9	8
7ad437632c211bc9b6f8d2df93c191cf	EDNA80	45
7ad437632c211bc9b6f8d2df93c191cf	EDNA81	51
7ad437632c211bc9b6f8d2df93c191cf	EDNA82	21
7ad437632c211bc9b6f8d2df93c191cf	EDNA83	9
7ad437632c211bc9b6f8d2df93c191cf	EDNA84	10
7ad437632c211bc9b6f8d2df93c191cf	EDNA85	13
7ad437632c211bc9b6f8d2df93c191cf	EDNA86	23
7ad437632c211bc9b6f8d2df93c191cf	EDNA87	3
7ad437632c211bc9b6f8d2df93c191cf	EDNA10	4
7ad437632c211bc9b6f8d2df93c191cf	EDNA12	3
7ad437632c211bc9b6f8d2df93c191cf	EDNA13	4
7ad437632c211bc9b6f8d2df93c191cf	EDNA14	3
7ad437632c211bc9b6f8d2df93c191cf	EDNA31	5
7ad437632c211bc9b6f8d2df93c191cf	EDNA35	5
7ad437632c211bc9b6f8d2df93c191cf	EDNA36	4
7ad437632c211bc9b6f8d2df93c191cf	EDNA53	2
7ad437632c211bc9b6f8d2df93c191cf	EDNA58	15
7ad437632c211bc9b6f8d2df93c191cf	EDNA59	34
7ad437632c211bc9b6f8d2df93c191cf	EDNA75	6
7ad437632c211bc9b6f8d2df93c191cf	EDNA91	4
7ad437632c211bc9b6f8d2df93c191cf	EDNA92	14
7ad437632c211bc9b6f8d2df93c191cf	EDNA79	14
7ad437632c211bc9b6f8d2df93c191cf	EDNA93	7
7ad437632c211bc9b6f8d2df93c191cf	EDNA96	6
7ad437632c211bc9b6f8d2df93c191cf	EDNA22	3
7ad437632c211bc9b6f8d2df93c191cf	EDNA24	6
7ad437632c211bc9b6f8d2df93c191cf	EDNA43	179
7ad437632c211bc9b6f8d2df93c191cf	EDNA44	64
7ad437632c211bc9b6f8d2df93c191cf	EDNA45	99
391c85d5c6d1dcfe2f1368eaec72a098	MB8	11
391c85d5c6d1dcfe2f1368eaec72a098	MB20	5
391c85d5c6d1dcfe2f1368eaec72a098	MB21	35
391c85d5c6d1dcfe2f1368eaec72a098	MB13	2
391c85d5c6d1dcfe2f1368eaec72a098	MB14	5
391c85d5c6d1dcfe2f1368eaec72a098	EDNA75	643
391c85d5c6d1dcfe2f1368eaec72a098	EDNA85	25
0d210ab252aa3a7cbc19236d3747b666	EDNA11	21
0d210ab252aa3a7cbc19236d3747b666	EDNA97	5
0d210ab252aa3a7cbc19236d3747b666	EDNA12	15
0d210ab252aa3a7cbc19236d3747b666	EDNA98	4
0d210ab252aa3a7cbc19236d3747b666	EDNA31	58
0d210ab252aa3a7cbc19236d3747b666	EDNA22	4
0d210ab252aa3a7cbc19236d3747b666	EDNA13	37
0d210ab252aa3a7cbc19236d3747b666	MB13	2
0d210ab252aa3a7cbc19236d3747b666	EDNA99	1
0d210ab252aa3a7cbc19236d3747b666	EDNA41	5
0d210ab252aa3a7cbc19236d3747b666	EDNA32	24
0d210ab252aa3a7cbc19236d3747b666	EDNA23	16
0d210ab252aa3a7cbc19236d3747b666	EDNA14	15
0d210ab252aa3a7cbc19236d3747b666	EDNA42	6
0d210ab252aa3a7cbc19236d3747b666	EDNA33	37
0d210ab252aa3a7cbc19236d3747b666	EDNA24	50
0d210ab252aa3a7cbc19236d3747b666	EDNA1	9
0d210ab252aa3a7cbc19236d3747b666	EDNA15	17
0d210ab252aa3a7cbc19236d3747b666	EDNA43	2
0d210ab252aa3a7cbc19236d3747b666	EDNA34	111
0d210ab252aa3a7cbc19236d3747b666	EDNA2	11
0d210ab252aa3a7cbc19236d3747b666	EDNA25	5
0d210ab252aa3a7cbc19236d3747b666	EDNA16	10
0d210ab252aa3a7cbc19236d3747b666	MB1	6
0d210ab252aa3a7cbc19236d3747b666	EDNA44	5
0d210ab252aa3a7cbc19236d3747b666	EDNA3	30
0d210ab252aa3a7cbc19236d3747b666	EDNA17	9
0d210ab252aa3a7cbc19236d3747b666	MB2	18
0d210ab252aa3a7cbc19236d3747b666	EDNA45	2
0d210ab252aa3a7cbc19236d3747b666	EDNA27	1
0d210ab252aa3a7cbc19236d3747b666	EDNA18	8
0d210ab252aa3a7cbc19236d3747b666	MB4	7
0d210ab252aa3a7cbc19236d3747b666	EDNA92	2
0d210ab252aa3a7cbc19236d3747b666	EDNA7	32
0d210ab252aa3a7cbc19236d3747b666	MB6	4
0d210ab252aa3a7cbc19236d3747b666	EDNA8	64
0d210ab252aa3a7cbc19236d3747b666	EDNA9	34
0d210ab252aa3a7cbc19236d3747b666	EDNA10	34
c161c2a8187ad043284368f781573bad	EDNA96	3
c161c2a8187ad043284368f781573bad	EDNA87	4
c161c2a8187ad043284368f781573bad	EDNA69	19
c161c2a8187ad043284368f781573bad	EDNA79	23
c161c2a8187ad043284368f781573bad	EDNA23	8
c161c2a8187ad043284368f781573bad	EDNA60	1
c161c2a8187ad043284368f781573bad	EDNA42	11
c161c2a8187ad043284368f781573bad	EDNA44	1
c161c2a8187ad043284368f781573bad	EDNA81	4
c161c2a8187ad043284368f781573bad	EDNA45	7
c161c2a8187ad043284368f781573bad	EDNA82	213
c161c2a8187ad043284368f781573bad	EDNA46	4
c161c2a8187ad043284368f781573bad	EDNA83	234
c161c2a8187ad043284368f781573bad	EDNA47	4
c161c2a8187ad043284368f781573bad	EDNA84	176
c161c2a8187ad043284368f781573bad	EDNA57	1
c161c2a8187ad043284368f781573bad	EDNA95	5
c161c2a8187ad043284368f781573bad	EDNA59	1
5eeceffae721864d1371545d5f6817ab	EDNA46	18
5eeceffae721864d1371545d5f6817ab	EDNA47	5
5eeceffae721864d1371545d5f6817ab	EDNA60	12
5eeceffae721864d1371545d5f6817ab	EDNA7	5
5eeceffae721864d1371545d5f6817ab	EDNA9	4
5eeceffae721864d1371545d5f6817ab	EDNA80	13
5eeceffae721864d1371545d5f6817ab	EDNA81	4
5eeceffae721864d1371545d5f6817ab	EDNA84	3
5eeceffae721864d1371545d5f6817ab	EDNA86	22
5eeceffae721864d1371545d5f6817ab	EDNA87	17
5eeceffae721864d1371545d5f6817ab	MB10	15
5eeceffae721864d1371545d5f6817ab	MB11	4
5eeceffae721864d1371545d5f6817ab	MB12	20
5eeceffae721864d1371545d5f6817ab	MB13	19
5eeceffae721864d1371545d5f6817ab	MB14	23
5eeceffae721864d1371545d5f6817ab	MB15	43
5eeceffae721864d1371545d5f6817ab	MB1	12
5eeceffae721864d1371545d5f6817ab	MB16	18
5eeceffae721864d1371545d5f6817ab	MB2	18
5eeceffae721864d1371545d5f6817ab	MB3	1
5eeceffae721864d1371545d5f6817ab	MB4	33
5eeceffae721864d1371545d5f6817ab	MB6	45
5eeceffae721864d1371545d5f6817ab	MB8	21
5eeceffae721864d1371545d5f6817ab	MB9	34
5eeceffae721864d1371545d5f6817ab	EDNA10	9
5eeceffae721864d1371545d5f6817ab	EDNA12	5
5eeceffae721864d1371545d5f6817ab	EDNA13	14
5eeceffae721864d1371545d5f6817ab	EDNA14	10
5eeceffae721864d1371545d5f6817ab	EDNA15	7
5eeceffae721864d1371545d5f6817ab	EDNA18	5
5eeceffae721864d1371545d5f6817ab	EDNA35	14
5eeceffae721864d1371545d5f6817ab	EDNA36	11
5eeceffae721864d1371545d5f6817ab	EDNA53	4
5eeceffae721864d1371545d5f6817ab	EDNA54	4
5eeceffae721864d1371545d5f6817ab	EDNA57	5
5eeceffae721864d1371545d5f6817ab	EDNA58	4
5eeceffae721864d1371545d5f6817ab	EDNA59	16
5eeceffae721864d1371545d5f6817ab	EDNA91	9
5eeceffae721864d1371545d5f6817ab	EDNA92	2
5eeceffae721864d1371545d5f6817ab	EDNA79	11
5eeceffae721864d1371545d5f6817ab	EDNA93	3
5eeceffae721864d1371545d5f6817ab	EDNA97	6
5eeceffae721864d1371545d5f6817ab	MB20	20
5eeceffae721864d1371545d5f6817ab	MB21	12
5eeceffae721864d1371545d5f6817ab	MB22	10
5eeceffae721864d1371545d5f6817ab	MB23	20
5eeceffae721864d1371545d5f6817ab	MB24	21
5eeceffae721864d1371545d5f6817ab	MB25	14
5eeceffae721864d1371545d5f6817ab	EDNA25	8
5eeceffae721864d1371545d5f6817ab	EDNA40	2
5eeceffae721864d1371545d5f6817ab	EDNA41	17
5eeceffae721864d1371545d5f6817ab	EDNA42	9
5eeceffae721864d1371545d5f6817ab	EDNA43	5
5eeceffae721864d1371545d5f6817ab	EDNA44	15
5eeceffae721864d1371545d5f6817ab	EDNA45	11
af8e17452d5359cad9686f6b1d6dfdea	EDNA97	3
af8e17452d5359cad9686f6b1d6dfdea	EDNA41	81
af8e17452d5359cad9686f6b1d6dfdea	EDNA60	4
af8e17452d5359cad9686f6b1d6dfdea	EDNA42	100
af8e17452d5359cad9686f6b1d6dfdea	EDNA61	4
af8e17452d5359cad9686f6b1d6dfdea	EDNA52	24
af8e17452d5359cad9686f6b1d6dfdea	EDNA43	80
af8e17452d5359cad9686f6b1d6dfdea	EDNA34	34
af8e17452d5359cad9686f6b1d6dfdea	EDNA44	41
af8e17452d5359cad9686f6b1d6dfdea	EDNA35	40
af8e17452d5359cad9686f6b1d6dfdea	EDNA63	3
af8e17452d5359cad9686f6b1d6dfdea	EDNA54	30
af8e17452d5359cad9686f6b1d6dfdea	EDNA45	42
af8e17452d5359cad9686f6b1d6dfdea	EDNA36	48
af8e17452d5359cad9686f6b1d6dfdea	EDNA91	4
af8e17452d5359cad9686f6b1d6dfdea	EDNA46	55
af8e17452d5359cad9686f6b1d6dfdea	EDNA47	52
af8e17452d5359cad9686f6b1d6dfdea	EDNA93	12
af8e17452d5359cad9686f6b1d6dfdea	EDNA48	35
af8e17452d5359cad9686f6b1d6dfdea	EDNA58	8
af8e17452d5359cad9686f6b1d6dfdea	EDNA59	9
2f9ea3c18f9826c5dd99e99f65963dc3	EDNA96	5
2f9ea3c18f9826c5dd99e99f65963dc3	EDNA40	103
2f9ea3c18f9826c5dd99e99f65963dc3	EDNA41	69
2f9ea3c18f9826c5dd99e99f65963dc3	EDNA42	36
2f9ea3c18f9826c5dd99e99f65963dc3	EDNA61	27
2f9ea3c18f9826c5dd99e99f65963dc3	EDNA52	7
2f9ea3c18f9826c5dd99e99f65963dc3	EDNA43	112
2f9ea3c18f9826c5dd99e99f65963dc3	EDNA34	57
2f9ea3c18f9826c5dd99e99f65963dc3	EDNA62	18
2f9ea3c18f9826c5dd99e99f65963dc3	EDNA53	8
2f9ea3c18f9826c5dd99e99f65963dc3	EDNA44	36
2f9ea3c18f9826c5dd99e99f65963dc3	EDNA35	69
2f9ea3c18f9826c5dd99e99f65963dc3	EDNA63	19
2f9ea3c18f9826c5dd99e99f65963dc3	EDNA54	4
2f9ea3c18f9826c5dd99e99f65963dc3	EDNA45	37
2f9ea3c18f9826c5dd99e99f65963dc3	EDNA36	41
2f9ea3c18f9826c5dd99e99f65963dc3	EDNA55	16
2f9ea3c18f9826c5dd99e99f65963dc3	EDNA46	11
2f9ea3c18f9826c5dd99e99f65963dc3	EDNA92	2
2f9ea3c18f9826c5dd99e99f65963dc3	EDNA56	4
2f9ea3c18f9826c5dd99e99f65963dc3	EDNA47	9
2f9ea3c18f9826c5dd99e99f65963dc3	EDNA57	8
2f9ea3c18f9826c5dd99e99f65963dc3	EDNA58	3
2f9ea3c18f9826c5dd99e99f65963dc3	EDNA59	4
1b0a3eb7838bbeb40f230fad932ef6c0	MB17	185
1b0a3eb7838bbeb40f230fad932ef6c0	EDNA68	516
3aefb0ca1fd5e7cf6bb2022559ad023b	EDNA87	10
3aefb0ca1fd5e7cf6bb2022559ad023b	EDNA79	10
3aefb0ca1fd5e7cf6bb2022559ad023b	MB21	5
3aefb0ca1fd5e7cf6bb2022559ad023b	EDNA40	2
3aefb0ca1fd5e7cf6bb2022559ad023b	EDNA80	50
3aefb0ca1fd5e7cf6bb2022559ad023b	EDNA81	37
3aefb0ca1fd5e7cf6bb2022559ad023b	EDNA91	4
3aefb0ca1fd5e7cf6bb2022559ad023b	EDNA82	161
3aefb0ca1fd5e7cf6bb2022559ad023b	EDNA92	1
3aefb0ca1fd5e7cf6bb2022559ad023b	EDNA83	178
3aefb0ca1fd5e7cf6bb2022559ad023b	EDNA84	219
3aefb0ca1fd5e7cf6bb2022559ad023b	EDNA75	1
3aefb0ca1fd5e7cf6bb2022559ad023b	EDNA85	5
3aefb0ca1fd5e7cf6bb2022559ad023b	EDNA58	5
3aefb0ca1fd5e7cf6bb2022559ad023b	EDNA86	7
b6bfff3851bfdfbea72de1284f9d2321	MB12	102
b6bfff3851bfdfbea72de1284f9d2321	MB13	62
b6bfff3851bfdfbea72de1284f9d2321	MB14	4
b6bfff3851bfdfbea72de1284f9d2321	EDNA24	18
b6bfff3851bfdfbea72de1284f9d2321	EDNA81	3
b6bfff3851bfdfbea72de1284f9d2321	MB7	500
97d215ce69da1d6fc2131c631bc0815c	EDNA11	18
97d215ce69da1d6fc2131c631bc0815c	MB20	46
97d215ce69da1d6fc2131c631bc0815c	MB21	72
97d215ce69da1d6fc2131c631bc0815c	MB12	17
97d215ce69da1d6fc2131c631bc0815c	MB13	23
97d215ce69da1d6fc2131c631bc0815c	EDNA43	338
97d215ce69da1d6fc2131c631bc0815c	EDNA44	147
97d215ce69da1d6fc2131c631bc0815c	EDNA81	9
97d215ce69da1d6fc2131c631bc0815c	MB4	13
97d215ce69da1d6fc2131c631bc0815c	EDNA83	1
38a69945661ad7dfe11af87de7f5cdee	MB20	10
38a69945661ad7dfe11af87de7f5cdee	EDNA79	4
38a69945661ad7dfe11af87de7f5cdee	MB21	72
38a69945661ad7dfe11af87de7f5cdee	EDNA80	25
38a69945661ad7dfe11af87de7f5cdee	EDNA81	104
38a69945661ad7dfe11af87de7f5cdee	EDNA82	115
38a69945661ad7dfe11af87de7f5cdee	MB19	247
38a69945661ad7dfe11af87de7f5cdee	EDNA83	85
38a69945661ad7dfe11af87de7f5cdee	EDNA84	15
a88c05715e9d608677db994b9e30250c	EDNA2	8
a88c05715e9d608677db994b9e30250c	EDNA3	65
a88c05715e9d608677db994b9e30250c	EDNA61	16
a88c05715e9d608677db994b9e30250c	EDNA62	8
a88c05715e9d608677db994b9e30250c	EDNA63	8
a88c05715e9d608677db994b9e30250c	EDNA8	12
a88c05715e9d608677db994b9e30250c	EDNA9	18
a88c05715e9d608677db994b9e30250c	MB13	2
a88c05715e9d608677db994b9e30250c	MB2	6
a88c05715e9d608677db994b9e30250c	EDNA101	1
a88c05715e9d608677db994b9e30250c	EDNA10	19
a88c05715e9d608677db994b9e30250c	EDNA11	14
a88c05715e9d608677db994b9e30250c	EDNA12	9
a88c05715e9d608677db994b9e30250c	EDNA13	14
a88c05715e9d608677db994b9e30250c	EDNA14	10
a88c05715e9d608677db994b9e30250c	EDNA15	13
a88c05715e9d608677db994b9e30250c	EDNA16	18
a88c05715e9d608677db994b9e30250c	EDNA17	11
a88c05715e9d608677db994b9e30250c	EDNA18	9
a88c05715e9d608677db994b9e30250c	EDNA35	16
a88c05715e9d608677db994b9e30250c	EDNA36	13
a88c05715e9d608677db994b9e30250c	EDNA52	15
a88c05715e9d608677db994b9e30250c	EDNA53	15
a88c05715e9d608677db994b9e30250c	EDNA54	18
a88c05715e9d608677db994b9e30250c	EDNA55	26
a88c05715e9d608677db994b9e30250c	EDNA56	17
a88c05715e9d608677db994b9e30250c	EDNA57	19
a88c05715e9d608677db994b9e30250c	EDNA58	18
a88c05715e9d608677db994b9e30250c	EDNA59	8
a88c05715e9d608677db994b9e30250c	EDNA92	7
a88c05715e9d608677db994b9e30250c	EDNA93	24
a88c05715e9d608677db994b9e30250c	EDNA95	12
a88c05715e9d608677db994b9e30250c	EDNA99	8
a88c05715e9d608677db994b9e30250c	EDNA22	22
a88c05715e9d608677db994b9e30250c	EDNA23	25
a88c05715e9d608677db994b9e30250c	EDNA24	15
a88c05715e9d608677db994b9e30250c	EDNA43	13
a88c05715e9d608677db994b9e30250c	EDNA44	100
a88c05715e9d608677db994b9e30250c	EDNA45	20
931180894f35225a5eda462c0c4c2630	EDNA11	10
931180894f35225a5eda462c0c4c2630	MB9	2
931180894f35225a5eda462c0c4c2630	MB11	6
931180894f35225a5eda462c0c4c2630	EDNA31	159
931180894f35225a5eda462c0c4c2630	MB13	2
931180894f35225a5eda462c0c4c2630	EDNA14	5
931180894f35225a5eda462c0c4c2630	EDNA42	39
931180894f35225a5eda462c0c4c2630	EDNA33	39
931180894f35225a5eda462c0c4c2630	EDNA24	25
931180894f35225a5eda462c0c4c2630	MB15	2
931180894f35225a5eda462c0c4c2630	EDNA61	9
931180894f35225a5eda462c0c4c2630	EDNA43	29
931180894f35225a5eda462c0c4c2630	EDNA2	49
931180894f35225a5eda462c0c4c2630	EDNA16	6
931180894f35225a5eda462c0c4c2630	MB1	10
931180894f35225a5eda462c0c4c2630	EDNA44	39
931180894f35225a5eda462c0c4c2630	EDNA35	107
931180894f35225a5eda462c0c4c2630	EDNA63	16
931180894f35225a5eda462c0c4c2630	EDNA45	16
931180894f35225a5eda462c0c4c2630	EDNA18	17
931180894f35225a5eda462c0c4c2630	EDNA57	4
931180894f35225a5eda462c0c4c2630	MB6	2
931180894f35225a5eda462c0c4c2630	EDNA8	26
931180894f35225a5eda462c0c4c2630	EDNA58	15
931180894f35225a5eda462c0c4c2630	EDNA59	21
931180894f35225a5eda462c0c4c2630	EDNA10	10
2350354650bd651b0bbb0f4753adb4cc	EDNA96	32
2350354650bd651b0bbb0f4753adb4cc	EDNA11	3
2350354650bd651b0bbb0f4753adb4cc	EDNA97	9
2350354650bd651b0bbb0f4753adb4cc	EDNA12	13
2350354650bd651b0bbb0f4753adb4cc	EDNA98	10
2350354650bd651b0bbb0f4753adb4cc	EDNA31	131
2350354650bd651b0bbb0f4753adb4cc	EDNA99	9
2350354650bd651b0bbb0f4753adb4cc	EDNA32	58
2350354650bd651b0bbb0f4753adb4cc	EDNA23	22
2350354650bd651b0bbb0f4753adb4cc	EDNA14	12
2350354650bd651b0bbb0f4753adb4cc	EDNA33	32
2350354650bd651b0bbb0f4753adb4cc	EDNA24	48
2350354650bd651b0bbb0f4753adb4cc	EDNA1	12
2350354650bd651b0bbb0f4753adb4cc	EDNA15	5
2350354650bd651b0bbb0f4753adb4cc	EDNA34	10
2350354650bd651b0bbb0f4753adb4cc	EDNA2	24
2350354650bd651b0bbb0f4753adb4cc	EDNA25	54
2350354650bd651b0bbb0f4753adb4cc	EDNA16	5
2350354650bd651b0bbb0f4753adb4cc	EDNA3	11
2350354650bd651b0bbb0f4753adb4cc	EDNA26	17
2350354650bd651b0bbb0f4753adb4cc	EDNA17	4
2350354650bd651b0bbb0f4753adb4cc	EDNA27	56
2350354650bd651b0bbb0f4753adb4cc	EDNA18	11
2350354650bd651b0bbb0f4753adb4cc	EDNA91	4
2350354650bd651b0bbb0f4753adb4cc	EDNA92	1
2350354650bd651b0bbb0f4753adb4cc	EDNA93	1
2350354650bd651b0bbb0f4753adb4cc	EDNA7	5
2350354650bd651b0bbb0f4753adb4cc	EDNA75	26
2350354650bd651b0bbb0f4753adb4cc	EDNA94	2
2350354650bd651b0bbb0f4753adb4cc	EDNA8	4
2350354650bd651b0bbb0f4753adb4cc	EDNA9	13
2350354650bd651b0bbb0f4753adb4cc	EDNA95	19
106f95833a6b1901daf528a07b084add	EDNA69	16
106f95833a6b1901daf528a07b084add	EDNA70	85
106f95833a6b1901daf528a07b084add	EDNA71	172
106f95833a6b1901daf528a07b084add	EDNA73	77
106f95833a6b1901daf528a07b084add	EDNA74	94
106f95833a6b1901daf528a07b084add	EDNA75	135
106f95833a6b1901daf528a07b084add	EDNA67	41
106f95833a6b1901daf528a07b084add	EDNA68	43
e11081902e05fa6e6c536af0dbb715fb	MB21	36
e11081902e05fa6e6c536af0dbb715fb	EDNA80	5
e11081902e05fa6e6c536af0dbb715fb	EDNA81	8
e11081902e05fa6e6c536af0dbb715fb	EDNA82	115
e11081902e05fa6e6c536af0dbb715fb	EDNA83	203
e11081902e05fa6e6c536af0dbb715fb	EDNA74	62
e11081902e05fa6e6c536af0dbb715fb	EDNA84	202
e11081902e05fa6e6c536af0dbb715fb	EDNA75	12
e11081902e05fa6e6c536af0dbb715fb	EDNA86	20
a2ad0ad4f34a3d5f6c534b886294a141	EDNA18	6
a2ad0ad4f34a3d5f6c534b886294a141	MB5	654
55044173ef1912fa64ebaa811c6428da	EDNA69	63
55044173ef1912fa64ebaa811c6428da	EDNA79	1
55044173ef1912fa64ebaa811c6428da	EDNA70	70
55044173ef1912fa64ebaa811c6428da	EDNA80	38
55044173ef1912fa64ebaa811c6428da	EDNA71	55
55044173ef1912fa64ebaa811c6428da	EDNA81	5
55044173ef1912fa64ebaa811c6428da	EDNA73	189
55044173ef1912fa64ebaa811c6428da	EDNA92	5
55044173ef1912fa64ebaa811c6428da	EDNA74	39
55044173ef1912fa64ebaa811c6428da	EDNA93	13
55044173ef1912fa64ebaa811c6428da	EDNA75	76
55044173ef1912fa64ebaa811c6428da	EDNA85	7
55044173ef1912fa64ebaa811c6428da	EDNA67	31
55044173ef1912fa64ebaa811c6428da	EDNA95	1
55044173ef1912fa64ebaa811c6428da	EDNA86	9
55044173ef1912fa64ebaa811c6428da	EDNA68	44
8e341701bdf01fb53ead0dc71bf6e25e	EDNA87	1
8e341701bdf01fb53ead0dc71bf6e25e	EDNA69	35
8e341701bdf01fb53ead0dc71bf6e25e	MB21	8
8e341701bdf01fb53ead0dc71bf6e25e	MB22	1
8e341701bdf01fb53ead0dc71bf6e25e	EDNA70	22
8e341701bdf01fb53ead0dc71bf6e25e	EDNA71	76
8e341701bdf01fb53ead0dc71bf6e25e	MB17	95
8e341701bdf01fb53ead0dc71bf6e25e	MB18	84
8e341701bdf01fb53ead0dc71bf6e25e	EDNA73	58
8e341701bdf01fb53ead0dc71bf6e25e	MB19	60
8e341701bdf01fb53ead0dc71bf6e25e	EDNA74	32
8e341701bdf01fb53ead0dc71bf6e25e	EDNA84	1
8e341701bdf01fb53ead0dc71bf6e25e	EDNA75	40
8e341701bdf01fb53ead0dc71bf6e25e	EDNA67	98
8e341701bdf01fb53ead0dc71bf6e25e	EDNA86	2
8e341701bdf01fb53ead0dc71bf6e25e	EDNA68	29
f1458f75b9bdc7a7b17b992b58f27cb7	MB8	4
f1458f75b9bdc7a7b17b992b58f27cb7	EDNA11	2
f1458f75b9bdc7a7b17b992b58f27cb7	MB9	7
f1458f75b9bdc7a7b17b992b58f27cb7	MB11	3
f1458f75b9bdc7a7b17b992b58f27cb7	EDNA22	22
f1458f75b9bdc7a7b17b992b58f27cb7	EDNA13	6
f1458f75b9bdc7a7b17b992b58f27cb7	EDNA32	5
f1458f75b9bdc7a7b17b992b58f27cb7	EDNA23	24
f1458f75b9bdc7a7b17b992b58f27cb7	EDNA14	5
f1458f75b9bdc7a7b17b992b58f27cb7	EDNA33	19
f1458f75b9bdc7a7b17b992b58f27cb7	EDNA24	28
f1458f75b9bdc7a7b17b992b58f27cb7	EDNA1	17
f1458f75b9bdc7a7b17b992b58f27cb7	EDNA15	86
f1458f75b9bdc7a7b17b992b58f27cb7	EDNA61	2
f1458f75b9bdc7a7b17b992b58f27cb7	EDNA34	20
f1458f75b9bdc7a7b17b992b58f27cb7	EDNA25	7
f1458f75b9bdc7a7b17b992b58f27cb7	EDNA16	108
f1458f75b9bdc7a7b17b992b58f27cb7	MB1	2
f1458f75b9bdc7a7b17b992b58f27cb7	EDNA62	3
f1458f75b9bdc7a7b17b992b58f27cb7	EDNA53	9
f1458f75b9bdc7a7b17b992b58f27cb7	EDNA3	1
f1458f75b9bdc7a7b17b992b58f27cb7	EDNA17	29
f1458f75b9bdc7a7b17b992b58f27cb7	MB2	8
f1458f75b9bdc7a7b17b992b58f27cb7	EDNA54	13
f1458f75b9bdc7a7b17b992b58f27cb7	EDNA36	32
f1458f75b9bdc7a7b17b992b58f27cb7	EDNA27	11
f1458f75b9bdc7a7b17b992b58f27cb7	EDNA18	12
f1458f75b9bdc7a7b17b992b58f27cb7	MB4	20
f1458f75b9bdc7a7b17b992b58f27cb7	MB6	10
f1458f75b9bdc7a7b17b992b58f27cb7	EDNA8	9
f1458f75b9bdc7a7b17b992b58f27cb7	MB7	110
f1458f75b9bdc7a7b17b992b58f27cb7	EDNA9	3
f1458f75b9bdc7a7b17b992b58f27cb7	EDNA10	1
00ffc17ccd4d9df0e3c51f335341b7ca	MB20	3
00ffc17ccd4d9df0e3c51f335341b7ca	MB21	7
00ffc17ccd4d9df0e3c51f335341b7ca	MB12	6
00ffc17ccd4d9df0e3c51f335341b7ca	MB13	96
00ffc17ccd4d9df0e3c51f335341b7ca	EDNA41	3
00ffc17ccd4d9df0e3c51f335341b7ca	MB14	5
00ffc17ccd4d9df0e3c51f335341b7ca	EDNA60	3
00ffc17ccd4d9df0e3c51f335341b7ca	EDNA42	65
00ffc17ccd4d9df0e3c51f335341b7ca	MB16	2
00ffc17ccd4d9df0e3c51f335341b7ca	EDNA44	123
00ffc17ccd4d9df0e3c51f335341b7ca	EDNA81	14
00ffc17ccd4d9df0e3c51f335341b7ca	EDNA45	213
00ffc17ccd4d9df0e3c51f335341b7ca	EDNA82	9
00ffc17ccd4d9df0e3c51f335341b7ca	EDNA83	27
00ffc17ccd4d9df0e3c51f335341b7ca	EDNA48	6
00ffc17ccd4d9df0e3c51f335341b7ca	EDNA67	3
00ffc17ccd4d9df0e3c51f335341b7ca	MB7	44
00ffc17ccd4d9df0e3c51f335341b7ca	EDNA59	9
a9ab469016723343903febd7ba2aa93a	EDNA96	6
a9ab469016723343903febd7ba2aa93a	EDNA97	7
a9ab469016723343903febd7ba2aa93a	EDNA31	13
a9ab469016723343903febd7ba2aa93a	EDNA41	19
a9ab469016723343903febd7ba2aa93a	EDNA32	12
a9ab469016723343903febd7ba2aa93a	EDNA14	2
a9ab469016723343903febd7ba2aa93a	MB1	121
a9ab469016723343903febd7ba2aa93a	EDNA63	3
a9ab469016723343903febd7ba2aa93a	EDNA91	36
a9ab469016723343903febd7ba2aa93a	EDNA73	213
a9ab469016723343903febd7ba2aa93a	EDNA55	2
a9ab469016723343903febd7ba2aa93a	EDNA46	3
a9ab469016723343903febd7ba2aa93a	EDNA92	50
a9ab469016723343903febd7ba2aa93a	EDNA56	3
a9ab469016723343903febd7ba2aa93a	EDNA47	23
a9ab469016723343903febd7ba2aa93a	EDNA93	100
a9ab469016723343903febd7ba2aa93a	EDNA48	11
a9ab469016723343903febd7ba2aa93a	EDNA94	3
9551e7929c77b84f246b363252855888	EDNA97	3
9551e7929c77b84f246b363252855888	EDNA98	2
9551e7929c77b84f246b363252855888	EDNA40	75
9551e7929c77b84f246b363252855888	EDNA22	6
9551e7929c77b84f246b363252855888	EDNA99	2
9551e7929c77b84f246b363252855888	EDNA41	41
9551e7929c77b84f246b363252855888	EDNA23	13
9551e7929c77b84f246b363252855888	EDNA42	51
9551e7929c77b84f246b363252855888	EDNA24	21
9551e7929c77b84f246b363252855888	EDNA1	11
9551e7929c77b84f246b363252855888	EDNA61	11
9551e7929c77b84f246b363252855888	EDNA52	6
9551e7929c77b84f246b363252855888	EDNA43	57
9551e7929c77b84f246b363252855888	EDNA34	66
9551e7929c77b84f246b363252855888	EDNA2	4
9551e7929c77b84f246b363252855888	EDNA25	21
9551e7929c77b84f246b363252855888	EDNA80	11
9551e7929c77b84f246b363252855888	EDNA62	2
9551e7929c77b84f246b363252855888	EDNA53	4
9551e7929c77b84f246b363252855888	EDNA44	28
9551e7929c77b84f246b363252855888	EDNA35	24
9551e7929c77b84f246b363252855888	EDNA26	9
9551e7929c77b84f246b363252855888	EDNA63	2
9551e7929c77b84f246b363252855888	EDNA54	8
9551e7929c77b84f246b363252855888	EDNA45	31
9551e7929c77b84f246b363252855888	EDNA36	43
9551e7929c77b84f246b363252855888	EDNA27	7
9551e7929c77b84f246b363252855888	EDNA55	18
9551e7929c77b84f246b363252855888	EDNA46	4
9551e7929c77b84f246b363252855888	EDNA56	4
9551e7929c77b84f246b363252855888	EDNA47	11
9551e7929c77b84f246b363252855888	EDNA57	7
9551e7929c77b84f246b363252855888	EDNA48	9
9551e7929c77b84f246b363252855888	EDNA94	1
9551e7929c77b84f246b363252855888	EDNA85	5
9551e7929c77b84f246b363252855888	EDNA58	1
9551e7929c77b84f246b363252855888	EDNA86	3
9551e7929c77b84f246b363252855888	EDNA59	3
deb41b2ec448d6304fd352c021299700	MB13	51
deb41b2ec448d6304fd352c021299700	EDNA43	169
deb41b2ec448d6304fd352c021299700	EDNA44	286
deb41b2ec448d6304fd352c021299700	EDNA45	103
deb41b2ec448d6304fd352c021299700	EDNA55	3
deb41b2ec448d6304fd352c021299700	EDNA56	3
bb020c60465c6955e0be6ed5c71d8875	EDNA69	7
bb020c60465c6955e0be6ed5c71d8875	EDNA79	4
bb020c60465c6955e0be6ed5c71d8875	EDNA13	2
bb020c60465c6955e0be6ed5c71d8875	EDNA41	3
bb020c60465c6955e0be6ed5c71d8875	EDNA42	5
bb020c60465c6955e0be6ed5c71d8875	EDNA61	2
bb020c60465c6955e0be6ed5c71d8875	EDNA43	146
bb020c60465c6955e0be6ed5c71d8875	EDNA16	1
bb020c60465c6955e0be6ed5c71d8875	EDNA80	39
bb020c60465c6955e0be6ed5c71d8875	EDNA44	183
bb020c60465c6955e0be6ed5c71d8875	EDNA81	10
bb020c60465c6955e0be6ed5c71d8875	EDNA63	4
bb020c60465c6955e0be6ed5c71d8875	EDNA45	135
bb020c60465c6955e0be6ed5c71d8875	EDNA18	12
bb020c60465c6955e0be6ed5c71d8875	EDNA82	12
bb020c60465c6955e0be6ed5c71d8875	EDNA92	10
bb020c60465c6955e0be6ed5c71d8875	EDNA84	10
bb020c60465c6955e0be6ed5c71d8875	EDNA75	7
bb020c60465c6955e0be6ed5c71d8875	EDNA85	6
bb020c60465c6955e0be6ed5c71d8875	EDNA67	9
bb020c60465c6955e0be6ed5c71d8875	EDNA86	5
bb020c60465c6955e0be6ed5c71d8875	EDNA10	2
d5741a9e5d40451ce2d25a209fe246b8	EDNA69	91
d5741a9e5d40451ce2d25a209fe246b8	MB20	1
d5741a9e5d40451ce2d25a209fe246b8	MB21	3
d5741a9e5d40451ce2d25a209fe246b8	MB23	5
d5741a9e5d40451ce2d25a209fe246b8	EDNA70	22
d5741a9e5d40451ce2d25a209fe246b8	EDNA71	24
d5741a9e5d40451ce2d25a209fe246b8	MB17	164
d5741a9e5d40451ce2d25a209fe246b8	MB18	106
d5741a9e5d40451ce2d25a209fe246b8	MB19	27
d5741a9e5d40451ce2d25a209fe246b8	EDNA83	1
d5741a9e5d40451ce2d25a209fe246b8	EDNA74	73
d5741a9e5d40451ce2d25a209fe246b8	EDNA75	19
d5741a9e5d40451ce2d25a209fe246b8	EDNA67	21
d5741a9e5d40451ce2d25a209fe246b8	EDNA86	8
d5741a9e5d40451ce2d25a209fe246b8	EDNA68	48
fa3e5f8bef7b704bbb9840558bf8dc90	EDNA96	3
fa3e5f8bef7b704bbb9840558bf8dc90	EDNA40	4
fa3e5f8bef7b704bbb9840558bf8dc90	EDNA22	11
fa3e5f8bef7b704bbb9840558bf8dc90	EDNA13	7
fa3e5f8bef7b704bbb9840558bf8dc90	MB13	1
fa3e5f8bef7b704bbb9840558bf8dc90	EDNA41	8
fa3e5f8bef7b704bbb9840558bf8dc90	EDNA23	4
fa3e5f8bef7b704bbb9840558bf8dc90	EDNA14	2
fa3e5f8bef7b704bbb9840558bf8dc90	EDNA60	2
fa3e5f8bef7b704bbb9840558bf8dc90	EDNA42	1
fa3e5f8bef7b704bbb9840558bf8dc90	EDNA24	11
fa3e5f8bef7b704bbb9840558bf8dc90	EDNA15	4
fa3e5f8bef7b704bbb9840558bf8dc90	EDNA52	2
fa3e5f8bef7b704bbb9840558bf8dc90	EDNA43	105
fa3e5f8bef7b704bbb9840558bf8dc90	EDNA2	1
fa3e5f8bef7b704bbb9840558bf8dc90	EDNA16	12
fa3e5f8bef7b704bbb9840558bf8dc90	EDNA53	1
fa3e5f8bef7b704bbb9840558bf8dc90	EDNA44	127
fa3e5f8bef7b704bbb9840558bf8dc90	EDNA35	22
fa3e5f8bef7b704bbb9840558bf8dc90	EDNA17	11
fa3e5f8bef7b704bbb9840558bf8dc90	EDNA54	1
fa3e5f8bef7b704bbb9840558bf8dc90	EDNA45	225
fa3e5f8bef7b704bbb9840558bf8dc90	EDNA36	8
fa3e5f8bef7b704bbb9840558bf8dc90	EDNA18	13
fa3e5f8bef7b704bbb9840558bf8dc90	EDNA91	2
fa3e5f8bef7b704bbb9840558bf8dc90	EDNA55	4
fa3e5f8bef7b704bbb9840558bf8dc90	EDNA56	3
fa3e5f8bef7b704bbb9840558bf8dc90	EDNA47	2
fa3e5f8bef7b704bbb9840558bf8dc90	EDNA7	3
fa3e5f8bef7b704bbb9840558bf8dc90	EDNA94	2
fa3e5f8bef7b704bbb9840558bf8dc90	EDNA85	2
fa3e5f8bef7b704bbb9840558bf8dc90	EDNA95	4
2b8f4af4878bf5a4688fde57ab24498c	MB12	31
2b8f4af4878bf5a4688fde57ab24498c	EDNA15	272
2b8f4af4878bf5a4688fde57ab24498c	MB7	303
70a50f8d2003566c02a0189cecb656b3	EDNA87	2
70a50f8d2003566c02a0189cecb656b3	EDNA69	27
70a50f8d2003566c02a0189cecb656b3	MB21	8
70a50f8d2003566c02a0189cecb656b3	EDNA70	23
70a50f8d2003566c02a0189cecb656b3	EDNA71	76
70a50f8d2003566c02a0189cecb656b3	MB17	99
70a50f8d2003566c02a0189cecb656b3	MB18	89
70a50f8d2003566c02a0189cecb656b3	EDNA82	1
70a50f8d2003566c02a0189cecb656b3	EDNA73	100
70a50f8d2003566c02a0189cecb656b3	MB19	37
70a50f8d2003566c02a0189cecb656b3	EDNA74	46
70a50f8d2003566c02a0189cecb656b3	EDNA84	5
70a50f8d2003566c02a0189cecb656b3	EDNA75	42
70a50f8d2003566c02a0189cecb656b3	EDNA67	33
70a50f8d2003566c02a0189cecb656b3	EDNA86	1
70a50f8d2003566c02a0189cecb656b3	EDNA68	17
2613216e5e6affdfc270d5f94a823798	MB8	94
2613216e5e6affdfc270d5f94a823798	MB13	125
2613216e5e6affdfc270d5f94a823798	EDNA41	385
8e6304a50b411951ebbd783bc3d342bb	EDNA69	65
8e6304a50b411951ebbd783bc3d342bb	EDNA70	32
8e6304a50b411951ebbd783bc3d342bb	EDNA71	79
8e6304a50b411951ebbd783bc3d342bb	MB17	1
8e6304a50b411951ebbd783bc3d342bb	EDNA73	58
8e6304a50b411951ebbd783bc3d342bb	EDNA74	118
8e6304a50b411951ebbd783bc3d342bb	EDNA75	96
8e6304a50b411951ebbd783bc3d342bb	EDNA67	96
8e6304a50b411951ebbd783bc3d342bb	EDNA68	56
94467c522b53e078a9d564c39587f8b9	MB20	8
94467c522b53e078a9d564c39587f8b9	EDNA67	585
65a5efb7795d8a079fa3d855a251ceeb	EDNA47	2
65a5efb7795d8a079fa3d855a251ceeb	EDNA2	2
65a5efb7795d8a079fa3d855a251ceeb	EDNA60	8
65a5efb7795d8a079fa3d855a251ceeb	EDNA48	9
65a5efb7795d8a079fa3d855a251ceeb	EDNA3	10
65a5efb7795d8a079fa3d855a251ceeb	EDNA61	3
65a5efb7795d8a079fa3d855a251ceeb	EDNA62	6
65a5efb7795d8a079fa3d855a251ceeb	EDNA63	9
65a5efb7795d8a079fa3d855a251ceeb	EDNA7	3
65a5efb7795d8a079fa3d855a251ceeb	EDNA8	6
65a5efb7795d8a079fa3d855a251ceeb	EDNA9	2
65a5efb7795d8a079fa3d855a251ceeb	EDNA80	28
65a5efb7795d8a079fa3d855a251ceeb	EDNA84	2
65a5efb7795d8a079fa3d855a251ceeb	EDNA87	3
65a5efb7795d8a079fa3d855a251ceeb	MB13	5
65a5efb7795d8a079fa3d855a251ceeb	EDNA11	13
65a5efb7795d8a079fa3d855a251ceeb	EDNA12	2
65a5efb7795d8a079fa3d855a251ceeb	EDNA14	6
65a5efb7795d8a079fa3d855a251ceeb	EDNA16	27
65a5efb7795d8a079fa3d855a251ceeb	EDNA17	18
65a5efb7795d8a079fa3d855a251ceeb	EDNA18	50
65a5efb7795d8a079fa3d855a251ceeb	EDNA31	6
65a5efb7795d8a079fa3d855a251ceeb	EDNA32	11
65a5efb7795d8a079fa3d855a251ceeb	EDNA33	5
65a5efb7795d8a079fa3d855a251ceeb	EDNA52	2
65a5efb7795d8a079fa3d855a251ceeb	EDNA58	2
65a5efb7795d8a079fa3d855a251ceeb	EDNA71	5
65a5efb7795d8a079fa3d855a251ceeb	EDNA59	2
65a5efb7795d8a079fa3d855a251ceeb	EDNA79	15
65a5efb7795d8a079fa3d855a251ceeb	MB21	1
65a5efb7795d8a079fa3d855a251ceeb	EDNA23	17
65a5efb7795d8a079fa3d855a251ceeb	EDNA25	10
65a5efb7795d8a079fa3d855a251ceeb	EDNA27	8
65a5efb7795d8a079fa3d855a251ceeb	EDNA40	2
65a5efb7795d8a079fa3d855a251ceeb	EDNA41	1
65a5efb7795d8a079fa3d855a251ceeb	EDNA42	44
65a5efb7795d8a079fa3d855a251ceeb	EDNA43	121
65a5efb7795d8a079fa3d855a251ceeb	EDNA44	50
65a5efb7795d8a079fa3d855a251ceeb	EDNA45	74
10d6b27803e97eaf453affda0854e884	EDNA98	16
10d6b27803e97eaf453affda0854e884	EDNA41	5
10d6b27803e97eaf453affda0854e884	EDNA32	13
10d6b27803e97eaf453affda0854e884	EDNA23	92
10d6b27803e97eaf453affda0854e884	CTRL2	1
10d6b27803e97eaf453affda0854e884	EDNA42	3
10d6b27803e97eaf453affda0854e884	EDNA24	35
10d6b27803e97eaf453affda0854e884	EDNA1	44
10d6b27803e97eaf453affda0854e884	EDNA61	9
10d6b27803e97eaf453affda0854e884	EDNA52	4
10d6b27803e97eaf453affda0854e884	EDNA2	12
10d6b27803e97eaf453affda0854e884	EDNA25	87
10d6b27803e97eaf453affda0854e884	EDNA16	26
10d6b27803e97eaf453affda0854e884	EDNA44	16
10d6b27803e97eaf453affda0854e884	EDNA3	75
10d6b27803e97eaf453affda0854e884	EDNA26	26
10d6b27803e97eaf453affda0854e884	EDNA63	5
10d6b27803e97eaf453affda0854e884	EDNA36	24
10d6b27803e97eaf453affda0854e884	EDNA27	45
10d6b27803e97eaf453affda0854e884	EDNA18	13
10d6b27803e97eaf453affda0854e884	EDNA91	5
10d6b27803e97eaf453affda0854e884	EDNA7	16
10d6b27803e97eaf453affda0854e884	EDNA57	9
10d6b27803e97eaf453affda0854e884	EDNA48	6
dca7308043d49e2bfd750f184a8cd660	EDNA48	2
dca7308043d49e2bfd750f184a8cd660	EDNA7	3
dca7308043d49e2bfd750f184a8cd660	EDNA8	4
dca7308043d49e2bfd750f184a8cd660	EDNA9	6
dca7308043d49e2bfd750f184a8cd660	EDNA67	32
dca7308043d49e2bfd750f184a8cd660	EDNA80	29
dca7308043d49e2bfd750f184a8cd660	EDNA68	23
dca7308043d49e2bfd750f184a8cd660	EDNA81	60
dca7308043d49e2bfd750f184a8cd660	EDNA82	20
dca7308043d49e2bfd750f184a8cd660	EDNA69	15
dca7308043d49e2bfd750f184a8cd660	EDNA83	41
dca7308043d49e2bfd750f184a8cd660	EDNA84	28
dca7308043d49e2bfd750f184a8cd660	EDNA85	21
dca7308043d49e2bfd750f184a8cd660	EDNA86	12
dca7308043d49e2bfd750f184a8cd660	EDNA87	12
dca7308043d49e2bfd750f184a8cd660	EDNA12	1
dca7308043d49e2bfd750f184a8cd660	EDNA14	1
dca7308043d49e2bfd750f184a8cd660	EDNA15	3
dca7308043d49e2bfd750f184a8cd660	EDNA34	5
dca7308043d49e2bfd750f184a8cd660	EDNA35	10
dca7308043d49e2bfd750f184a8cd660	EDNA52	2
dca7308043d49e2bfd750f184a8cd660	EDNA57	3
dca7308043d49e2bfd750f184a8cd660	EDNA70	25
dca7308043d49e2bfd750f184a8cd660	EDNA71	21
dca7308043d49e2bfd750f184a8cd660	EDNA73	49
dca7308043d49e2bfd750f184a8cd660	EDNA74	26
dca7308043d49e2bfd750f184a8cd660	EDNA75	45
dca7308043d49e2bfd750f184a8cd660	EDNA91	2
dca7308043d49e2bfd750f184a8cd660	EDNA79	14
dca7308043d49e2bfd750f184a8cd660	EDNA93	5
dca7308043d49e2bfd750f184a8cd660	EDNA96	2
dca7308043d49e2bfd750f184a8cd660	EDNA99	4
dca7308043d49e2bfd750f184a8cd660	EDNA24	1
dca7308043d49e2bfd750f184a8cd660	EDNA25	4
dca7308043d49e2bfd750f184a8cd660	EDNA27	1
dca7308043d49e2bfd750f184a8cd660	EDNA41	8
dca7308043d49e2bfd750f184a8cd660	EDNA42	13
dca7308043d49e2bfd750f184a8cd660	EDNA43	23
dca7308043d49e2bfd750f184a8cd660	EDNA44	8
dca7308043d49e2bfd750f184a8cd660	EDNA45	2
a0a3652c16ec8cc2030db761b1da48ea	EDNA69	188
a0a3652c16ec8cc2030db761b1da48ea	EDNA71	28
a0a3652c16ec8cc2030db761b1da48ea	EDNA19	1
a0a3652c16ec8cc2030db761b1da48ea	EDNA67	158
a0a3652c16ec8cc2030db761b1da48ea	EDNA68	209
ae6f0b3c3008bcb01a299427f19c6411	EDNA46	5
ae6f0b3c3008bcb01a299427f19c6411	EDNA47	21
ae6f0b3c3008bcb01a299427f19c6411	EDNA60	4
ae6f0b3c3008bcb01a299427f19c6411	EDNA61	7
ae6f0b3c3008bcb01a299427f19c6411	EDNA62	5
ae6f0b3c3008bcb01a299427f19c6411	EDNA63	8
ae6f0b3c3008bcb01a299427f19c6411	EDNA9	3
ae6f0b3c3008bcb01a299427f19c6411	EDNA67	14
ae6f0b3c3008bcb01a299427f19c6411	EDNA68	24
ae6f0b3c3008bcb01a299427f19c6411	EDNA81	5
ae6f0b3c3008bcb01a299427f19c6411	EDNA82	4
ae6f0b3c3008bcb01a299427f19c6411	EDNA69	18
ae6f0b3c3008bcb01a299427f19c6411	EDNA83	4
ae6f0b3c3008bcb01a299427f19c6411	EDNA84	14
ae6f0b3c3008bcb01a299427f19c6411	EDNA85	7
ae6f0b3c3008bcb01a299427f19c6411	EDNA87	1
ae6f0b3c3008bcb01a299427f19c6411	EDNA10	1
ae6f0b3c3008bcb01a299427f19c6411	EDNA14	1
ae6f0b3c3008bcb01a299427f19c6411	EDNA31	2
ae6f0b3c3008bcb01a299427f19c6411	EDNA34	69
ae6f0b3c3008bcb01a299427f19c6411	EDNA35	13
ae6f0b3c3008bcb01a299427f19c6411	EDNA36	56
ae6f0b3c3008bcb01a299427f19c6411	EDNA52	1
ae6f0b3c3008bcb01a299427f19c6411	EDNA53	1
ae6f0b3c3008bcb01a299427f19c6411	EDNA54	2
ae6f0b3c3008bcb01a299427f19c6411	EDNA55	4
ae6f0b3c3008bcb01a299427f19c6411	EDNA57	4
ae6f0b3c3008bcb01a299427f19c6411	EDNA58	3
ae6f0b3c3008bcb01a299427f19c6411	EDNA71	2
ae6f0b3c3008bcb01a299427f19c6411	EDNA59	11
ae6f0b3c3008bcb01a299427f19c6411	EDNA74	5
ae6f0b3c3008bcb01a299427f19c6411	EDNA75	3
ae6f0b3c3008bcb01a299427f19c6411	EDNA92	9
ae6f0b3c3008bcb01a299427f19c6411	EDNA93	8
ae6f0b3c3008bcb01a299427f19c6411	EDNA94	3
ae6f0b3c3008bcb01a299427f19c6411	EDNA95	2
ae6f0b3c3008bcb01a299427f19c6411	EDNA97	3
ae6f0b3c3008bcb01a299427f19c6411	EDNA98	6
ae6f0b3c3008bcb01a299427f19c6411	EDNA99	2
ae6f0b3c3008bcb01a299427f19c6411	EDNA40	65
ae6f0b3c3008bcb01a299427f19c6411	EDNA41	38
ae6f0b3c3008bcb01a299427f19c6411	EDNA42	52
ae6f0b3c3008bcb01a299427f19c6411	EDNA43	33
ae6f0b3c3008bcb01a299427f19c6411	EDNA44	21
ae6f0b3c3008bcb01a299427f19c6411	EDNA45	18
beb315349fc70fc734cb101489791419	EDNA2	467
beb315349fc70fc734cb101489791419	EDNA16	3
beb315349fc70fc734cb101489791419	MB2	76
beb315349fc70fc734cb101489791419	MB4	36
153c13a6a90b97b828d208ac1fa2a729	MB8	14
153c13a6a90b97b828d208ac1fa2a729	MB9	67
153c13a6a90b97b828d208ac1fa2a729	MB20	24
153c13a6a90b97b828d208ac1fa2a729	MB12	12
153c13a6a90b97b828d208ac1fa2a729	EDNA13	7
153c13a6a90b97b828d208ac1fa2a729	MB13	56
153c13a6a90b97b828d208ac1fa2a729	EDNA99	13
153c13a6a90b97b828d208ac1fa2a729	EDNA41	72
153c13a6a90b97b828d208ac1fa2a729	MB23	30
153c13a6a90b97b828d208ac1fa2a729	MB14	26
153c13a6a90b97b828d208ac1fa2a729	EDNA60	35
153c13a6a90b97b828d208ac1fa2a729	EDNA15	14
153c13a6a90b97b828d208ac1fa2a729	MB24	11
153c13a6a90b97b828d208ac1fa2a729	MB16	49
153c13a6a90b97b828d208ac1fa2a729	EDNA44	26
153c13a6a90b97b828d208ac1fa2a729	MB2	19
153c13a6a90b97b828d208ac1fa2a729	EDNA82	3
153c13a6a90b97b828d208ac1fa2a729	MB4	25
153c13a6a90b97b828d208ac1fa2a729	MB19	11
153c13a6a90b97b828d208ac1fa2a729	EDNA47	57
153c13a6a90b97b828d208ac1fa2a729	MB6	10
38a9351679f58128eea220652d63c237	EDNA23	47
38a9351679f58128eea220652d63c237	EDNA25	8
38a9351679f58128eea220652d63c237	EDNA26	21
38a9351679f58128eea220652d63c237	EDNA27	503
e44d2cc42754682e0766f54be3d56e06	EDNA11	13
e44d2cc42754682e0766f54be3d56e06	EDNA12	9
e44d2cc42754682e0766f54be3d56e06	EDNA31	5
e44d2cc42754682e0766f54be3d56e06	EDNA13	7
e44d2cc42754682e0766f54be3d56e06	EDNA23	19
e44d2cc42754682e0766f54be3d56e06	EDNA14	17
e44d2cc42754682e0766f54be3d56e06	EDNA33	2
e44d2cc42754682e0766f54be3d56e06	EDNA1	91
e44d2cc42754682e0766f54be3d56e06	EDNA15	12
e44d2cc42754682e0766f54be3d56e06	EDNA2	121
e44d2cc42754682e0766f54be3d56e06	EDNA25	5
e44d2cc42754682e0766f54be3d56e06	EDNA16	14
e44d2cc42754682e0766f54be3d56e06	EDNA3	159
e44d2cc42754682e0766f54be3d56e06	EDNA26	16
e44d2cc42754682e0766f54be3d56e06	EDNA17	7
e44d2cc42754682e0766f54be3d56e06	MB2	2
e44d2cc42754682e0766f54be3d56e06	EDNA18	15
e44d2cc42754682e0766f54be3d56e06	MB4	1
e44d2cc42754682e0766f54be3d56e06	EDNA7	14
e44d2cc42754682e0766f54be3d56e06	EDNA8	21
e44d2cc42754682e0766f54be3d56e06	EDNA9	21
e44d2cc42754682e0766f54be3d56e06	EDNA10	6
b1af9a3237d711f1bb446dc41492f239	EDNA11	2
b1af9a3237d711f1bb446dc41492f239	MB20	8
b1af9a3237d711f1bb446dc41492f239	EDNA22	5
b1af9a3237d711f1bb446dc41492f239	MB23	9
b1af9a3237d711f1bb446dc41492f239	EDNA44	5
b1af9a3237d711f1bb446dc41492f239	MB2	12
b1af9a3237d711f1bb446dc41492f239	MB7	536
09c85098ffea7da39cfa8ba167ee241b	EDNA46	5
09c85098ffea7da39cfa8ba167ee241b	EDNA47	3
09c85098ffea7da39cfa8ba167ee241b	EDNA48	7
09c85098ffea7da39cfa8ba167ee241b	EDNA61	2
09c85098ffea7da39cfa8ba167ee241b	EDNA62	3
09c85098ffea7da39cfa8ba167ee241b	EDNA80	5
09c85098ffea7da39cfa8ba167ee241b	EDNA81	12
09c85098ffea7da39cfa8ba167ee241b	EDNA84	6
09c85098ffea7da39cfa8ba167ee241b	EDNA85	8
09c85098ffea7da39cfa8ba167ee241b	EDNA86	3
09c85098ffea7da39cfa8ba167ee241b	EDNA87	2
09c85098ffea7da39cfa8ba167ee241b	MB11	5
09c85098ffea7da39cfa8ba167ee241b	MB13	10
09c85098ffea7da39cfa8ba167ee241b	EDNA11	4
09c85098ffea7da39cfa8ba167ee241b	EDNA13	2
09c85098ffea7da39cfa8ba167ee241b	EDNA14	4
09c85098ffea7da39cfa8ba167ee241b	EDNA16	2
09c85098ffea7da39cfa8ba167ee241b	EDNA53	1
09c85098ffea7da39cfa8ba167ee241b	EDNA55	4
09c85098ffea7da39cfa8ba167ee241b	EDNA70	22
09c85098ffea7da39cfa8ba167ee241b	EDNA73	45
09c85098ffea7da39cfa8ba167ee241b	EDNA74	130
09c85098ffea7da39cfa8ba167ee241b	EDNA75	31
09c85098ffea7da39cfa8ba167ee241b	EDNA91	8
09c85098ffea7da39cfa8ba167ee241b	EDNA92	3
09c85098ffea7da39cfa8ba167ee241b	EDNA79	13
09c85098ffea7da39cfa8ba167ee241b	EDNA94	3
09c85098ffea7da39cfa8ba167ee241b	EDNA97	2
09c85098ffea7da39cfa8ba167ee241b	MB23	1
09c85098ffea7da39cfa8ba167ee241b	EDNA23	8
09c85098ffea7da39cfa8ba167ee241b	EDNA24	11
09c85098ffea7da39cfa8ba167ee241b	EDNA25	13
09c85098ffea7da39cfa8ba167ee241b	EDNA26	9
09c85098ffea7da39cfa8ba167ee241b	EDNA27	3
09c85098ffea7da39cfa8ba167ee241b	EDNA40	37
09c85098ffea7da39cfa8ba167ee241b	EDNA41	11
09c85098ffea7da39cfa8ba167ee241b	EDNA42	5
09c85098ffea7da39cfa8ba167ee241b	EDNA43	33
09c85098ffea7da39cfa8ba167ee241b	EDNA44	43
09c85098ffea7da39cfa8ba167ee241b	EDNA45	52
ec35f34befcc9ec63b90cc87b4390e6c	EDNA98	4
ec35f34befcc9ec63b90cc87b4390e6c	MB13	96
ec35f34befcc9ec63b90cc87b4390e6c	EDNA41	41
ec35f34befcc9ec63b90cc87b4390e6c	MB15	6
ec35f34befcc9ec63b90cc87b4390e6c	EDNA44	130
ec35f34befcc9ec63b90cc87b4390e6c	EDNA45	291
ec35f34befcc9ec63b90cc87b4390e6c	EDNA59	1
74465f5dd3be7af2a23e05cc4829e3c8	EDNA96	4
74465f5dd3be7af2a23e05cc4829e3c8	EDNA87	26
74465f5dd3be7af2a23e05cc4829e3c8	EDNA97	11
74465f5dd3be7af2a23e05cc4829e3c8	EDNA98	8
74465f5dd3be7af2a23e05cc4829e3c8	EDNA31	2
74465f5dd3be7af2a23e05cc4829e3c8	EDNA13	2
74465f5dd3be7af2a23e05cc4829e3c8	EDNA41	8
74465f5dd3be7af2a23e05cc4829e3c8	EDNA14	5
74465f5dd3be7af2a23e05cc4829e3c8	EDNA43	18
74465f5dd3be7af2a23e05cc4829e3c8	EDNA34	29
74465f5dd3be7af2a23e05cc4829e3c8	EDNA80	8
74465f5dd3be7af2a23e05cc4829e3c8	EDNA62	3
74465f5dd3be7af2a23e05cc4829e3c8	EDNA53	3
74465f5dd3be7af2a23e05cc4829e3c8	EDNA44	17
74465f5dd3be7af2a23e05cc4829e3c8	EDNA35	34
74465f5dd3be7af2a23e05cc4829e3c8	EDNA81	36
74465f5dd3be7af2a23e05cc4829e3c8	EDNA54	10
74465f5dd3be7af2a23e05cc4829e3c8	EDNA45	15
74465f5dd3be7af2a23e05cc4829e3c8	EDNA36	44
74465f5dd3be7af2a23e05cc4829e3c8	EDNA91	21
74465f5dd3be7af2a23e05cc4829e3c8	EDNA46	8
74465f5dd3be7af2a23e05cc4829e3c8	EDNA92	33
74465f5dd3be7af2a23e05cc4829e3c8	EDNA74	23
74465f5dd3be7af2a23e05cc4829e3c8	EDNA56	7
74465f5dd3be7af2a23e05cc4829e3c8	EDNA93	55
74465f5dd3be7af2a23e05cc4829e3c8	EDNA57	10
74465f5dd3be7af2a23e05cc4829e3c8	EDNA48	8
74465f5dd3be7af2a23e05cc4829e3c8	EDNA85	20
74465f5dd3be7af2a23e05cc4829e3c8	EDNA58	5
74465f5dd3be7af2a23e05cc4829e3c8	EDNA95	8
74465f5dd3be7af2a23e05cc4829e3c8	EDNA86	72
74465f5dd3be7af2a23e05cc4829e3c8	EDNA59	11
e185e7518e7260c0c76841dbfd498f83	MB14	4
e185e7518e7260c0c76841dbfd498f83	MB15	478
e185e7518e7260c0c76841dbfd498f83	MB16	65
e185e7518e7260c0c76841dbfd498f83	MB6	11
c79f98cddaec2c2c96fabf561a118ba3	EDNA87	1
c79f98cddaec2c2c96fabf561a118ba3	MB12	1
c79f98cddaec2c2c96fabf561a118ba3	EDNA40	69
c79f98cddaec2c2c96fabf561a118ba3	EDNA41	87
c79f98cddaec2c2c96fabf561a118ba3	EDNA42	36
c79f98cddaec2c2c96fabf561a118ba3	EDNA61	13
c79f98cddaec2c2c96fabf561a118ba3	EDNA52	29
c79f98cddaec2c2c96fabf561a118ba3	EDNA43	82
c79f98cddaec2c2c96fabf561a118ba3	EDNA34	2
c79f98cddaec2c2c96fabf561a118ba3	EDNA80	1
c79f98cddaec2c2c96fabf561a118ba3	EDNA62	7
c79f98cddaec2c2c96fabf561a118ba3	EDNA53	19
c79f98cddaec2c2c96fabf561a118ba3	EDNA44	40
c79f98cddaec2c2c96fabf561a118ba3	EDNA35	8
c79f98cddaec2c2c96fabf561a118ba3	EDNA81	1
c79f98cddaec2c2c96fabf561a118ba3	EDNA63	6
c79f98cddaec2c2c96fabf561a118ba3	EDNA54	12
c79f98cddaec2c2c96fabf561a118ba3	EDNA45	32
c79f98cddaec2c2c96fabf561a118ba3	EDNA91	2
c79f98cddaec2c2c96fabf561a118ba3	EDNA55	14
c79f98cddaec2c2c96fabf561a118ba3	EDNA46	2
c79f98cddaec2c2c96fabf561a118ba3	EDNA56	14
c79f98cddaec2c2c96fabf561a118ba3	EDNA93	5
c79f98cddaec2c2c96fabf561a118ba3	EDNA75	10
c79f98cddaec2c2c96fabf561a118ba3	EDNA57	30
c79f98cddaec2c2c96fabf561a118ba3	EDNA48	4
c79f98cddaec2c2c96fabf561a118ba3	EDNA94	4
c79f98cddaec2c2c96fabf561a118ba3	EDNA58	10
c79f98cddaec2c2c96fabf561a118ba3	EDNA95	11
c79f98cddaec2c2c96fabf561a118ba3	EDNA59	3
506a4427ba58ad015d514a85d231b5d0	EDNA96	1
506a4427ba58ad015d514a85d231b5d0	EDNA97	1
506a4427ba58ad015d514a85d231b5d0	EDNA40	28
506a4427ba58ad015d514a85d231b5d0	EDNA41	84
506a4427ba58ad015d514a85d231b5d0	EDNA42	81
506a4427ba58ad015d514a85d231b5d0	EDNA24	1
506a4427ba58ad015d514a85d231b5d0	EDNA61	5
506a4427ba58ad015d514a85d231b5d0	EDNA52	14
506a4427ba58ad015d514a85d231b5d0	EDNA43	62
506a4427ba58ad015d514a85d231b5d0	EDNA34	1
506a4427ba58ad015d514a85d231b5d0	EDNA62	5
506a4427ba58ad015d514a85d231b5d0	EDNA53	12
506a4427ba58ad015d514a85d231b5d0	EDNA44	31
506a4427ba58ad015d514a85d231b5d0	EDNA63	5
506a4427ba58ad015d514a85d231b5d0	EDNA54	10
506a4427ba58ad015d514a85d231b5d0	EDNA45	83
506a4427ba58ad015d514a85d231b5d0	EDNA36	9
506a4427ba58ad015d514a85d231b5d0	EDNA55	17
506a4427ba58ad015d514a85d231b5d0	EDNA46	36
506a4427ba58ad015d514a85d231b5d0	EDNA92	3
506a4427ba58ad015d514a85d231b5d0	EDNA56	3
506a4427ba58ad015d514a85d231b5d0	EDNA47	30
506a4427ba58ad015d514a85d231b5d0	EDNA93	4
506a4427ba58ad015d514a85d231b5d0	EDNA57	10
506a4427ba58ad015d514a85d231b5d0	EDNA48	16
506a4427ba58ad015d514a85d231b5d0	EDNA58	1
f1f9fa34d5a1629fc573c28d30d508a2	MB8	142
f1f9fa34d5a1629fc573c28d30d508a2	MB13	23
f1f9fa34d5a1629fc573c28d30d508a2	MB2	382
711d42e7cce6e2bf2d4ed2688a8a8095	EDNA69	32
711d42e7cce6e2bf2d4ed2688a8a8095	EDNA70	64
711d42e7cce6e2bf2d4ed2688a8a8095	EDNA71	114
711d42e7cce6e2bf2d4ed2688a8a8095	EDNA73	114
711d42e7cce6e2bf2d4ed2688a8a8095	EDNA74	41
711d42e7cce6e2bf2d4ed2688a8a8095	EDNA75	88
711d42e7cce6e2bf2d4ed2688a8a8095	EDNA67	36
711d42e7cce6e2bf2d4ed2688a8a8095	EDNA68	56
3de217a29ef9d08d32818f2734e1a1ca	EDNA79	10
3de217a29ef9d08d32818f2734e1a1ca	MB21	26
3de217a29ef9d08d32818f2734e1a1ca	EDNA80	14
3de217a29ef9d08d32818f2734e1a1ca	EDNA81	2
3de217a29ef9d08d32818f2734e1a1ca	EDNA82	112
3de217a29ef9d08d32818f2734e1a1ca	EDNA83	185
3de217a29ef9d08d32818f2734e1a1ca	EDNA84	179
3de217a29ef9d08d32818f2734e1a1ca	EDNA85	9
3de217a29ef9d08d32818f2734e1a1ca	EDNA86	6
cfcd4dec7b552f747dc7bd5d44bb1111	EDNA69	2
cfcd4dec7b552f747dc7bd5d44bb1111	MB17	113
cfcd4dec7b552f747dc7bd5d44bb1111	MB18	82
cfcd4dec7b552f747dc7bd5d44bb1111	EDNA75	11
cfcd4dec7b552f747dc7bd5d44bb1111	EDNA67	1
cfcd4dec7b552f747dc7bd5d44bb1111	EDNA68	331
f604823b5ed1f7605e58d3917d2caf32	EDNA87	4
f604823b5ed1f7605e58d3917d2caf32	MB20	484
f604823b5ed1f7605e58d3917d2caf32	EDNA71	31
f604823b5ed1f7605e58d3917d2caf32	MB18	20
de89fac483d2a1631a03bb152aac657d	MB17	43
de89fac483d2a1631a03bb152aac657d	EDNA68	495
39eba58a99eedba4e2fbec9d5014951b	EDNA46	3
39eba58a99eedba4e2fbec9d5014951b	EDNA1	22
39eba58a99eedba4e2fbec9d5014951b	EDNA47	6
39eba58a99eedba4e2fbec9d5014951b	EDNA3	38
39eba58a99eedba4e2fbec9d5014951b	EDNA61	6
39eba58a99eedba4e2fbec9d5014951b	EDNA63	6
39eba58a99eedba4e2fbec9d5014951b	EDNA7	21
39eba58a99eedba4e2fbec9d5014951b	EDNA8	21
39eba58a99eedba4e2fbec9d5014951b	EDNA9	3
39eba58a99eedba4e2fbec9d5014951b	EDNA10	15
39eba58a99eedba4e2fbec9d5014951b	EDNA11	21
39eba58a99eedba4e2fbec9d5014951b	EDNA12	7
39eba58a99eedba4e2fbec9d5014951b	EDNA13	13
39eba58a99eedba4e2fbec9d5014951b	EDNA14	17
39eba58a99eedba4e2fbec9d5014951b	EDNA15	18
39eba58a99eedba4e2fbec9d5014951b	EDNA16	15
39eba58a99eedba4e2fbec9d5014951b	EDNA17	31
39eba58a99eedba4e2fbec9d5014951b	EDNA18	12
39eba58a99eedba4e2fbec9d5014951b	EDNA31	6
39eba58a99eedba4e2fbec9d5014951b	EDNA32	9
39eba58a99eedba4e2fbec9d5014951b	EDNA35	17
39eba58a99eedba4e2fbec9d5014951b	EDNA36	8
39eba58a99eedba4e2fbec9d5014951b	EDNA52	1
39eba58a99eedba4e2fbec9d5014951b	EDNA53	4
39eba58a99eedba4e2fbec9d5014951b	EDNA54	5
39eba58a99eedba4e2fbec9d5014951b	EDNA55	8
39eba58a99eedba4e2fbec9d5014951b	EDNA56	5
39eba58a99eedba4e2fbec9d5014951b	EDNA57	5
39eba58a99eedba4e2fbec9d5014951b	EDNA58	4
39eba58a99eedba4e2fbec9d5014951b	EDNA92	3
39eba58a99eedba4e2fbec9d5014951b	EDNA93	2
39eba58a99eedba4e2fbec9d5014951b	EDNA97	11
39eba58a99eedba4e2fbec9d5014951b	EDNA98	5
39eba58a99eedba4e2fbec9d5014951b	EDNA99	2
39eba58a99eedba4e2fbec9d5014951b	EDNA22	15
39eba58a99eedba4e2fbec9d5014951b	EDNA23	34
39eba58a99eedba4e2fbec9d5014951b	EDNA24	14
39eba58a99eedba4e2fbec9d5014951b	EDNA25	44
39eba58a99eedba4e2fbec9d5014951b	EDNA26	29
39eba58a99eedba4e2fbec9d5014951b	EDNA27	26
39eba58a99eedba4e2fbec9d5014951b	EDNA43	2
2195d06a91b4c166c31d246ed196a248	EDNA96	6
2195d06a91b4c166c31d246ed196a248	EDNA97	7
2195d06a91b4c166c31d246ed196a248	EDNA40	5
2195d06a91b4c166c31d246ed196a248	EDNA31	38
2195d06a91b4c166c31d246ed196a248	EDNA22	23
2195d06a91b4c166c31d246ed196a248	EDNA13	9
2195d06a91b4c166c31d246ed196a248	EDNA32	9
2195d06a91b4c166c31d246ed196a248	EDNA23	50
2195d06a91b4c166c31d246ed196a248	EDNA60	1
2195d06a91b4c166c31d246ed196a248	EDNA33	2
2195d06a91b4c166c31d246ed196a248	EDNA24	10
2195d06a91b4c166c31d246ed196a248	EDNA15	9
2195d06a91b4c166c31d246ed196a248	EDNA43	74
2195d06a91b4c166c31d246ed196a248	EDNA34	29
2195d06a91b4c166c31d246ed196a248	EDNA2	6
2195d06a91b4c166c31d246ed196a248	EDNA16	4
2195d06a91b4c166c31d246ed196a248	EDNA62	4
2195d06a91b4c166c31d246ed196a248	EDNA44	25
2195d06a91b4c166c31d246ed196a248	EDNA3	37
2195d06a91b4c166c31d246ed196a248	EDNA17	7
2195d06a91b4c166c31d246ed196a248	EDNA81	3
2195d06a91b4c166c31d246ed196a248	EDNA63	7
2195d06a91b4c166c31d246ed196a248	EDNA45	57
2195d06a91b4c166c31d246ed196a248	EDNA18	47
2195d06a91b4c166c31d246ed196a248	EDNA91	8
2195d06a91b4c166c31d246ed196a248	MB4	1
2195d06a91b4c166c31d246ed196a248	EDNA92	7
2195d06a91b4c166c31d246ed196a248	EDNA56	4
2195d06a91b4c166c31d246ed196a248	MB6	1
2195d06a91b4c166c31d246ed196a248	EDNA94	8
2195d06a91b4c166c31d246ed196a248	EDNA8	5
2195d06a91b4c166c31d246ed196a248	EDNA9	13
2195d06a91b4c166c31d246ed196a248	EDNA95	7
2195d06a91b4c166c31d246ed196a248	EDNA59	4
2195d06a91b4c166c31d246ed196a248	EDNA10	7
9575738826d1b223553c8fbdfbd0b33b	MB8	58
9575738826d1b223553c8fbdfbd0b33b	MB10	1
9575738826d1b223553c8fbdfbd0b33b	MB9	7
9575738826d1b223553c8fbdfbd0b33b	EDNA12	5
9575738826d1b223553c8fbdfbd0b33b	EDNA23	1
9575738826d1b223553c8fbdfbd0b33b	EDNA1	17
9575738826d1b223553c8fbdfbd0b33b	MB15	7
9575738826d1b223553c8fbdfbd0b33b	EDNA25	14
9575738826d1b223553c8fbdfbd0b33b	MB1	97
9575738826d1b223553c8fbdfbd0b33b	MB16	42
9575738826d1b223553c8fbdfbd0b33b	EDNA3	12
9575738826d1b223553c8fbdfbd0b33b	EDNA35	3
9575738826d1b223553c8fbdfbd0b33b	MB2	28
9575738826d1b223553c8fbdfbd0b33b	EDNA27	11
9575738826d1b223553c8fbdfbd0b33b	MB3	140
9575738826d1b223553c8fbdfbd0b33b	MB5	32
9575738826d1b223553c8fbdfbd0b33b	MB6	9
9575738826d1b223553c8fbdfbd0b33b	MB7	46
9575738826d1b223553c8fbdfbd0b33b	EDNA10	4
f139618fd19d7abe382634de2dff1372	EDNA69	70
f139618fd19d7abe382634de2dff1372	EDNA70	53
f139618fd19d7abe382634de2dff1372	EDNA71	32
f139618fd19d7abe382634de2dff1372	EDNA81	7
f139618fd19d7abe382634de2dff1372	EDNA73	52
f139618fd19d7abe382634de2dff1372	EDNA74	72
f139618fd19d7abe382634de2dff1372	EDNA75	112
f139618fd19d7abe382634de2dff1372	EDNA85	5
f139618fd19d7abe382634de2dff1372	EDNA67	52
f139618fd19d7abe382634de2dff1372	EDNA68	78
38bf15b3f129b1fb0ee366e082275b53	EDNA69	27
38bf15b3f129b1fb0ee366e082275b53	MB21	4
38bf15b3f129b1fb0ee366e082275b53	EDNA70	20
38bf15b3f129b1fb0ee366e082275b53	EDNA71	56
38bf15b3f129b1fb0ee366e082275b53	MB17	108
38bf15b3f129b1fb0ee366e082275b53	MB18	93
38bf15b3f129b1fb0ee366e082275b53	EDNA73	10
38bf15b3f129b1fb0ee366e082275b53	MB19	74
38bf15b3f129b1fb0ee366e082275b53	EDNA74	50
38bf15b3f129b1fb0ee366e082275b53	EDNA75	5
38bf15b3f129b1fb0ee366e082275b53	EDNA67	77
38bf15b3f129b1fb0ee366e082275b53	EDNA86	1
38bf15b3f129b1fb0ee366e082275b53	EDNA68	3
8572f02af735a3c8ac9845dd4e116cc4	MB20	114
8572f02af735a3c8ac9845dd4e116cc4	MB21	40
8572f02af735a3c8ac9845dd4e116cc4	MB22	15
8572f02af735a3c8ac9845dd4e116cc4	MB13	8
8572f02af735a3c8ac9845dd4e116cc4	MB23	18
8572f02af735a3c8ac9845dd4e116cc4	MB14	9
8572f02af735a3c8ac9845dd4e116cc4	MB24	26
8572f02af735a3c8ac9845dd4e116cc4	EDNA80	15
8572f02af735a3c8ac9845dd4e116cc4	MB17	33
8572f02af735a3c8ac9845dd4e116cc4	EDNA81	5
8572f02af735a3c8ac9845dd4e116cc4	MB18	151
8572f02af735a3c8ac9845dd4e116cc4	EDNA93	90
5b32eef2476e619d80ec705370013de5	MB8	12
5b32eef2476e619d80ec705370013de5	MB9	60
5b32eef2476e619d80ec705370013de5	MB11	9
5b32eef2476e619d80ec705370013de5	EDNA31	72
5b32eef2476e619d80ec705370013de5	EDNA22	48
5b32eef2476e619d80ec705370013de5	MB14	4
5b32eef2476e619d80ec705370013de5	MB15	12
5b32eef2476e619d80ec705370013de5	MB25	218
5b32eef2476e619d80ec705370013de5	MB16	12
5b32eef2476e619d80ec705370013de5	EDNA94	8
5b32eef2476e619d80ec705370013de5	MB7	54
5b32eef2476e619d80ec705370013de5	EDNA95	11
30bfaa25f12a64f8bd70898986ac0513	MB8	39
30bfaa25f12a64f8bd70898986ac0513	MB1	302
30bfaa25f12a64f8bd70898986ac0513	MB2	6
30bfaa25f12a64f8bd70898986ac0513	MB6	57
30bfaa25f12a64f8bd70898986ac0513	EDNA94	111
12c7166df5d89b22868faf96a22d6f66	MB20	276
12c7166df5d89b22868faf96a22d6f66	MB21	75
12c7166df5d89b22868faf96a22d6f66	MB22	14
12c7166df5d89b22868faf96a22d6f66	EDNA83	148
3b103a500869380385cda59748325085	MB12	8
3b103a500869380385cda59748325085	EDNA40	207
3b103a500869380385cda59748325085	EDNA22	2
3b103a500869380385cda59748325085	EDNA41	71
3b103a500869380385cda59748325085	EDNA42	115
3b103a500869380385cda59748325085	EDNA43	15
3b103a500869380385cda59748325085	EDNA25	8
3b103a500869380385cda59748325085	EDNA80	15
3b103a500869380385cda59748325085	EDNA44	7
3b103a500869380385cda59748325085	EDNA81	22
3b103a500869380385cda59748325085	EDNA45	13
3b103a500869380385cda59748325085	EDNA27	1
3b103a500869380385cda59748325085	EDNA18	1
3b103a500869380385cda59748325085	EDNA46	3
3b103a500869380385cda59748325085	EDNA92	1
3b103a500869380385cda59748325085	EDNA47	3
3b103a500869380385cda59748325085	EDNA85	2
3b103a500869380385cda59748325085	MB7	10
3b103a500869380385cda59748325085	EDNA86	1
eac668dcb990ea857a0e54ae71c052f8	MB13	319
eac668dcb990ea857a0e54ae71c052f8	EDNA59	185
07af0e81251543ad41efa2b95bce824d	MB8	16
07af0e81251543ad41efa2b95bce824d	EDNA11	4
07af0e81251543ad41efa2b95bce824d	MB9	8
07af0e81251543ad41efa2b95bce824d	EDNA97	1
07af0e81251543ad41efa2b95bce824d	EDNA31	8
07af0e81251543ad41efa2b95bce824d	EDNA22	3
07af0e81251543ad41efa2b95bce824d	EDNA13	2
07af0e81251543ad41efa2b95bce824d	EDNA32	2
07af0e81251543ad41efa2b95bce824d	EDNA33	1
07af0e81251543ad41efa2b95bce824d	EDNA24	5
07af0e81251543ad41efa2b95bce824d	EDNA15	5
07af0e81251543ad41efa2b95bce824d	EDNA25	22
07af0e81251543ad41efa2b95bce824d	EDNA16	10
07af0e81251543ad41efa2b95bce824d	EDNA44	3
07af0e81251543ad41efa2b95bce824d	EDNA3	4
07af0e81251543ad41efa2b95bce824d	EDNA27	19
07af0e81251543ad41efa2b95bce824d	EDNA18	6
07af0e81251543ad41efa2b95bce824d	MB4	3
07af0e81251543ad41efa2b95bce824d	MB5	17
07af0e81251543ad41efa2b95bce824d	EDNA48	1
07af0e81251543ad41efa2b95bce824d	MB6	13
07af0e81251543ad41efa2b95bce824d	EDNA8	7
07af0e81251543ad41efa2b95bce824d	MB7	342
07af0e81251543ad41efa2b95bce824d	EDNA10	1
c1e90888c57e1157f3e9f9940476a050	MB20	21
c1e90888c57e1157f3e9f9940476a050	EDNA79	33
c1e90888c57e1157f3e9f9940476a050	MB21	7
c1e90888c57e1157f3e9f9940476a050	MB12	34
c1e90888c57e1157f3e9f9940476a050	MB22	6
c1e90888c57e1157f3e9f9940476a050	MB13	20
c1e90888c57e1157f3e9f9940476a050	EDNA41	121
c1e90888c57e1157f3e9f9940476a050	MB23	16
c1e90888c57e1157f3e9f9940476a050	MB14	15
c1e90888c57e1157f3e9f9940476a050	MB24	9
c1e90888c57e1157f3e9f9940476a050	MB15	29
c1e90888c57e1157f3e9f9940476a050	EDNA16	32
c1e90888c57e1157f3e9f9940476a050	MB1	55
c1e90888c57e1157f3e9f9940476a050	EDNA17	3
c1e90888c57e1157f3e9f9940476a050	MB2	9
c1e90888c57e1157f3e9f9940476a050	EDNA91	46
c1e90888c57e1157f3e9f9940476a050	MB4	27
c1e90888c57e1157f3e9f9940476a050	EDNA95	20
7e3a9b78853ba1238549d084b597eded	EDNA11	4
7e3a9b78853ba1238549d084b597eded	EDNA12	11
7e3a9b78853ba1238549d084b597eded	EDNA31	17
7e3a9b78853ba1238549d084b597eded	EDNA22	9
7e3a9b78853ba1238549d084b597eded	EDNA13	23
7e3a9b78853ba1238549d084b597eded	MB13	3
7e3a9b78853ba1238549d084b597eded	EDNA41	4
7e3a9b78853ba1238549d084b597eded	EDNA32	9
7e3a9b78853ba1238549d084b597eded	EDNA23	3
7e3a9b78853ba1238549d084b597eded	EDNA14	13
7e3a9b78853ba1238549d084b597eded	EDNA33	18
7e3a9b78853ba1238549d084b597eded	EDNA24	5
7e3a9b78853ba1238549d084b597eded	EDNA1	11
7e3a9b78853ba1238549d084b597eded	EDNA15	17
7e3a9b78853ba1238549d084b597eded	EDNA43	27
7e3a9b78853ba1238549d084b597eded	EDNA34	4
7e3a9b78853ba1238549d084b597eded	EDNA2	6
7e3a9b78853ba1238549d084b597eded	EDNA25	8
7e3a9b78853ba1238549d084b597eded	EDNA16	19
7e3a9b78853ba1238549d084b597eded	MB1	5
7e3a9b78853ba1238549d084b597eded	EDNA62	3
7e3a9b78853ba1238549d084b597eded	EDNA44	29
7e3a9b78853ba1238549d084b597eded	EDNA3	16
7e3a9b78853ba1238549d084b597eded	EDNA17	17
7e3a9b78853ba1238549d084b597eded	MB2	12
7e3a9b78853ba1238549d084b597eded	EDNA45	55
7e3a9b78853ba1238549d084b597eded	EDNA18	23
7e3a9b78853ba1238549d084b597eded	EDNA82	3
7e3a9b78853ba1238549d084b597eded	EDNA55	1
7e3a9b78853ba1238549d084b597eded	MB4	13
7e3a9b78853ba1238549d084b597eded	MB5	33
7e3a9b78853ba1238549d084b597eded	EDNA7	6
7e3a9b78853ba1238549d084b597eded	EDNA8	35
7e3a9b78853ba1238549d084b597eded	EDNA9	23
7e3a9b78853ba1238549d084b597eded	EDNA10	17
72140534ae59048a8237d7428861dd04	EDNA11	3
72140534ae59048a8237d7428861dd04	EDNA40	86
72140534ae59048a8237d7428861dd04	EDNA22	16
72140534ae59048a8237d7428861dd04	MB13	3
72140534ae59048a8237d7428861dd04	EDNA41	14
72140534ae59048a8237d7428861dd04	EDNA42	21
72140534ae59048a8237d7428861dd04	EDNA24	52
72140534ae59048a8237d7428861dd04	EDNA15	3
72140534ae59048a8237d7428861dd04	EDNA70	1
72140534ae59048a8237d7428861dd04	EDNA43	42
72140534ae59048a8237d7428861dd04	EDNA25	15
72140534ae59048a8237d7428861dd04	EDNA44	20
72140534ae59048a8237d7428861dd04	EDNA35	3
72140534ae59048a8237d7428861dd04	EDNA81	8
72140534ae59048a8237d7428861dd04	EDNA54	1
72140534ae59048a8237d7428861dd04	EDNA45	3
72140534ae59048a8237d7428861dd04	EDNA36	1
72140534ae59048a8237d7428861dd04	EDNA27	13
72140534ae59048a8237d7428861dd04	EDNA18	1
72140534ae59048a8237d7428861dd04	EDNA91	13
72140534ae59048a8237d7428861dd04	EDNA82	16
72140534ae59048a8237d7428861dd04	EDNA73	24
72140534ae59048a8237d7428861dd04	EDNA92	18
72140534ae59048a8237d7428861dd04	EDNA83	12
72140534ae59048a8237d7428861dd04	EDNA47	19
72140534ae59048a8237d7428861dd04	EDNA93	29
72140534ae59048a8237d7428861dd04	EDNA75	44
72140534ae59048a8237d7428861dd04	EDNA94	13
72140534ae59048a8237d7428861dd04	EDNA68	5
72140534ae59048a8237d7428861dd04	EDNA10	3
38f09ac2567ce63a5a89b33be61de41a	MB17	107
38f09ac2567ce63a5a89b33be61de41a	EDNA67	395
8c7fcc0c0d5784311330576c294bd54b	EDNA69	76
8c7fcc0c0d5784311330576c294bd54b	EDNA11	2
8c7fcc0c0d5784311330576c294bd54b	EDNA12	1
8c7fcc0c0d5784311330576c294bd54b	EDNA31	7
8c7fcc0c0d5784311330576c294bd54b	EDNA41	2
8c7fcc0c0d5784311330576c294bd54b	EDNA32	2
8c7fcc0c0d5784311330576c294bd54b	EDNA23	3
8c7fcc0c0d5784311330576c294bd54b	EDNA24	4
8c7fcc0c0d5784311330576c294bd54b	EDNA1	1
8c7fcc0c0d5784311330576c294bd54b	EDNA15	1
8c7fcc0c0d5784311330576c294bd54b	EDNA70	73
8c7fcc0c0d5784311330576c294bd54b	EDNA2	29
8c7fcc0c0d5784311330576c294bd54b	EDNA25	5
8c7fcc0c0d5784311330576c294bd54b	MB1	2
8c7fcc0c0d5784311330576c294bd54b	EDNA71	77
8c7fcc0c0d5784311330576c294bd54b	EDNA44	1
8c7fcc0c0d5784311330576c294bd54b	EDNA3	17
8c7fcc0c0d5784311330576c294bd54b	EDNA35	19
8c7fcc0c0d5784311330576c294bd54b	EDNA26	1
8c7fcc0c0d5784311330576c294bd54b	EDNA81	3
8c7fcc0c0d5784311330576c294bd54b	EDNA27	8
8c7fcc0c0d5784311330576c294bd54b	EDNA18	6
8c7fcc0c0d5784311330576c294bd54b	EDNA91	2
8c7fcc0c0d5784311330576c294bd54b	EDNA74	13
8c7fcc0c0d5784311330576c294bd54b	EDNA47	1
8c7fcc0c0d5784311330576c294bd54b	EDNA7	2
8c7fcc0c0d5784311330576c294bd54b	EDNA75	18
8c7fcc0c0d5784311330576c294bd54b	EDNA67	61
8c7fcc0c0d5784311330576c294bd54b	EDNA68	62
4097ec7f5ebd6151d639da904796ceda	MB12	2
4097ec7f5ebd6151d639da904796ceda	MB22	3
4097ec7f5ebd6151d639da904796ceda	MB13	17
4097ec7f5ebd6151d639da904796ceda	EDNA27	446
4097ec7f5ebd6151d639da904796ceda	EDNA47	22
e864b27d286ce18f6c38ba33e0f830fd	MB21	33
e864b27d286ce18f6c38ba33e0f830fd	MB24	1
e864b27d286ce18f6c38ba33e0f830fd	EDNA82	84
e864b27d286ce18f6c38ba33e0f830fd	EDNA73	15
e864b27d286ce18f6c38ba33e0f830fd	EDNA83	182
e864b27d286ce18f6c38ba33e0f830fd	EDNA84	173
e864b27d286ce18f6c38ba33e0f830fd	EDNA85	1
74605014a516c865924aa413dcb6efe8	EDNA12	5
74605014a516c865924aa413dcb6efe8	EDNA98	1
74605014a516c865924aa413dcb6efe8	EDNA31	12
74605014a516c865924aa413dcb6efe8	EDNA22	2
74605014a516c865924aa413dcb6efe8	MB13	3
74605014a516c865924aa413dcb6efe8	EDNA32	59
74605014a516c865924aa413dcb6efe8	MB23	4
74605014a516c865924aa413dcb6efe8	EDNA33	7
74605014a516c865924aa413dcb6efe8	EDNA1	52
74605014a516c865924aa413dcb6efe8	EDNA43	8
74605014a516c865924aa413dcb6efe8	EDNA34	58
74605014a516c865924aa413dcb6efe8	EDNA2	35
74605014a516c865924aa413dcb6efe8	EDNA25	24
74605014a516c865924aa413dcb6efe8	EDNA3	42
74605014a516c865924aa413dcb6efe8	EDNA35	21
74605014a516c865924aa413dcb6efe8	EDNA45	54
74605014a516c865924aa413dcb6efe8	EDNA36	26
74605014a516c865924aa413dcb6efe8	EDNA91	1
74605014a516c865924aa413dcb6efe8	MB4	10
74605014a516c865924aa413dcb6efe8	EDNA92	20
74605014a516c865924aa413dcb6efe8	EDNA93	8
74605014a516c865924aa413dcb6efe8	EDNA94	29
74605014a516c865924aa413dcb6efe8	EDNA8	3
74605014a516c865924aa413dcb6efe8	EDNA85	4
02a27f0134461f39d68db52eca213ae1	EDNA69	148
02a27f0134461f39d68db52eca213ae1	EDNA71	14
02a27f0134461f39d68db52eca213ae1	EDNA67	184
02a27f0134461f39d68db52eca213ae1	EDNA68	142
70ce6b58cf75e7fae52427dd778dc441	MB11	6
70ce6b58cf75e7fae52427dd778dc441	EDNA12	1
70ce6b58cf75e7fae52427dd778dc441	EDNA22	4
70ce6b58cf75e7fae52427dd778dc441	EDNA14	3
70ce6b58cf75e7fae52427dd778dc441	EDNA24	12
70ce6b58cf75e7fae52427dd778dc441	EDNA15	6
70ce6b58cf75e7fae52427dd778dc441	EDNA61	55
70ce6b58cf75e7fae52427dd778dc441	EDNA52	1
70ce6b58cf75e7fae52427dd778dc441	EDNA43	92
70ce6b58cf75e7fae52427dd778dc441	EDNA34	28
70ce6b58cf75e7fae52427dd778dc441	EDNA25	43
70ce6b58cf75e7fae52427dd778dc441	EDNA16	17
70ce6b58cf75e7fae52427dd778dc441	EDNA62	26
70ce6b58cf75e7fae52427dd778dc441	EDNA53	4
70ce6b58cf75e7fae52427dd778dc441	EDNA44	29
70ce6b58cf75e7fae52427dd778dc441	EDNA26	4
70ce6b58cf75e7fae52427dd778dc441	EDNA17	21
70ce6b58cf75e7fae52427dd778dc441	EDNA63	26
70ce6b58cf75e7fae52427dd778dc441	EDNA54	10
70ce6b58cf75e7fae52427dd778dc441	EDNA45	28
70ce6b58cf75e7fae52427dd778dc441	EDNA18	13
70ce6b58cf75e7fae52427dd778dc441	EDNA55	6
70ce6b58cf75e7fae52427dd778dc441	EDNA46	6
70ce6b58cf75e7fae52427dd778dc441	EDNA56	6
70ce6b58cf75e7fae52427dd778dc441	EDNA93	3
70ce6b58cf75e7fae52427dd778dc441	EDNA94	4
70ce6b58cf75e7fae52427dd778dc441	EDNA58	9
70ce6b58cf75e7fae52427dd778dc441	EDNA95	1
70ce6b58cf75e7fae52427dd778dc441	EDNA59	13
70ce6b58cf75e7fae52427dd778dc441	EDNA10	1
40fe2fd7196be3f282a7cf387e53da60	MB1	161
40fe2fd7196be3f282a7cf387e53da60	EDNA9	297
40fe2fd7196be3f282a7cf387e53da60	EDNA10	18
a33aef9839e3efcb98568ffa41aa3f83	EDNA69	11
a33aef9839e3efcb98568ffa41aa3f83	EDNA70	12
a33aef9839e3efcb98568ffa41aa3f83	EDNA71	19
a33aef9839e3efcb98568ffa41aa3f83	MB17	84
a33aef9839e3efcb98568ffa41aa3f83	MB18	157
a33aef9839e3efcb98568ffa41aa3f83	MB19	9
a33aef9839e3efcb98568ffa41aa3f83	EDNA74	6
a33aef9839e3efcb98568ffa41aa3f83	EDNA67	178
ad2319e658cb9103b9d6e622f45e7665	EDNA31	7
ad2319e658cb9103b9d6e622f45e7665	EDNA22	7
ad2319e658cb9103b9d6e622f45e7665	EDNA32	23
ad2319e658cb9103b9d6e622f45e7665	EDNA23	68
ad2319e658cb9103b9d6e622f45e7665	EDNA33	10
ad2319e658cb9103b9d6e622f45e7665	EDNA24	5
ad2319e658cb9103b9d6e622f45e7665	EDNA70	7
ad2319e658cb9103b9d6e622f45e7665	EDNA43	4
ad2319e658cb9103b9d6e622f45e7665	EDNA16	3
ad2319e658cb9103b9d6e622f45e7665	EDNA71	20
ad2319e658cb9103b9d6e622f45e7665	EDNA35	3
ad2319e658cb9103b9d6e622f45e7665	EDNA17	24
ad2319e658cb9103b9d6e622f45e7665	MB2	14
ad2319e658cb9103b9d6e622f45e7665	EDNA81	4
ad2319e658cb9103b9d6e622f45e7665	EDNA45	31
ad2319e658cb9103b9d6e622f45e7665	EDNA36	2
ad2319e658cb9103b9d6e622f45e7665	EDNA18	22
ad2319e658cb9103b9d6e622f45e7665	EDNA46	7
ad2319e658cb9103b9d6e622f45e7665	MB4	8
ad2319e658cb9103b9d6e622f45e7665	EDNA92	5
ad2319e658cb9103b9d6e622f45e7665	EDNA74	132
ad2319e658cb9103b9d6e622f45e7665	EDNA93	2
ad2319e658cb9103b9d6e622f45e7665	EDNA7	2
ad2319e658cb9103b9d6e622f45e7665	EDNA75	7
ad2319e658cb9103b9d6e622f45e7665	EDNA8	2
ad2319e658cb9103b9d6e622f45e7665	MB7	54
ad2319e658cb9103b9d6e622f45e7665	EDNA10	2
ee9ad0c639545267f621151cdf56b45c	EDNA11	9
ee9ad0c639545267f621151cdf56b45c	MB13	4
ee9ad0c639545267f621151cdf56b45c	EDNA14	6
ee9ad0c639545267f621151cdf56b45c	EDNA60	4
ee9ad0c639545267f621151cdf56b45c	EDNA42	27
ee9ad0c639545267f621151cdf56b45c	EDNA33	6
ee9ad0c639545267f621151cdf56b45c	EDNA61	3
ee9ad0c639545267f621151cdf56b45c	EDNA43	72
ee9ad0c639545267f621151cdf56b45c	EDNA53	8
ee9ad0c639545267f621151cdf56b45c	EDNA44	69
ee9ad0c639545267f621151cdf56b45c	EDNA35	47
ee9ad0c639545267f621151cdf56b45c	EDNA17	10
ee9ad0c639545267f621151cdf56b45c	EDNA63	4
ee9ad0c639545267f621151cdf56b45c	EDNA45	131
ee9ad0c639545267f621151cdf56b45c	EDNA18	15
ee9ad0c639545267f621151cdf56b45c	EDNA55	7
ee9ad0c639545267f621151cdf56b45c	EDNA46	32
ee9ad0c639545267f621151cdf56b45c	EDNA56	2
ee9ad0c639545267f621151cdf56b45c	MB6	1
ee9ad0c639545267f621151cdf56b45c	EDNA95	8
ee9ad0c639545267f621151cdf56b45c	EDNA59	6
c96cb78f8cf4d7d292cfbd2e62d934c8	EDNA69	18
c96cb78f8cf4d7d292cfbd2e62d934c8	MB21	3
c96cb78f8cf4d7d292cfbd2e62d934c8	EDNA70	12
c96cb78f8cf4d7d292cfbd2e62d934c8	EDNA71	24
c96cb78f8cf4d7d292cfbd2e62d934c8	MB17	97
c96cb78f8cf4d7d292cfbd2e62d934c8	MB18	53
c96cb78f8cf4d7d292cfbd2e62d934c8	EDNA73	69
c96cb78f8cf4d7d292cfbd2e62d934c8	MB19	61
c96cb78f8cf4d7d292cfbd2e62d934c8	EDNA83	1
c96cb78f8cf4d7d292cfbd2e62d934c8	EDNA74	7
c96cb78f8cf4d7d292cfbd2e62d934c8	EDNA75	36
c96cb78f8cf4d7d292cfbd2e62d934c8	EDNA67	54
c96cb78f8cf4d7d292cfbd2e62d934c8	EDNA68	34
d7e25e79491e6c38f750f145ca534e0f	EDNA11	2
d7e25e79491e6c38f750f145ca534e0f	MB11	1
d7e25e79491e6c38f750f145ca534e0f	EDNA12	3
d7e25e79491e6c38f750f145ca534e0f	EDNA98	4
d7e25e79491e6c38f750f145ca534e0f	EDNA31	160
d7e25e79491e6c38f750f145ca534e0f	EDNA22	2
d7e25e79491e6c38f750f145ca534e0f	EDNA13	3
d7e25e79491e6c38f750f145ca534e0f	EDNA32	61
d7e25e79491e6c38f750f145ca534e0f	EDNA14	9
d7e25e79491e6c38f750f145ca534e0f	EDNA33	48
d7e25e79491e6c38f750f145ca534e0f	EDNA1	13
d7e25e79491e6c38f750f145ca534e0f	EDNA34	9
d7e25e79491e6c38f750f145ca534e0f	EDNA2	9
d7e25e79491e6c38f750f145ca534e0f	EDNA16	1
d7e25e79491e6c38f750f145ca534e0f	EDNA44	5
d7e25e79491e6c38f750f145ca534e0f	EDNA3	9
d7e25e79491e6c38f750f145ca534e0f	MB2	20
d7e25e79491e6c38f750f145ca534e0f	EDNA63	1
d7e25e79491e6c38f750f145ca534e0f	EDNA45	3
d7e25e79491e6c38f750f145ca534e0f	EDNA36	1
d7e25e79491e6c38f750f145ca534e0f	EDNA27	1
d7e25e79491e6c38f750f145ca534e0f	EDNA18	8
d7e25e79491e6c38f750f145ca534e0f	MB4	3
d7e25e79491e6c38f750f145ca534e0f	EDNA7	28
d7e25e79491e6c38f750f145ca534e0f	MB6	6
d7e25e79491e6c38f750f145ca534e0f	EDNA8	29
d7e25e79491e6c38f750f145ca534e0f	EDNA9	22
d7e25e79491e6c38f750f145ca534e0f	EDNA10	7
726d8622287317796b1af7ab66df8f99	EDNA69	9
726d8622287317796b1af7ab66df8f99	MB13	13
726d8622287317796b1af7ab66df8f99	EDNA70	1
726d8622287317796b1af7ab66df8f99	MB17	124
726d8622287317796b1af7ab66df8f99	EDNA45	14
726d8622287317796b1af7ab66df8f99	MB18	207
726d8622287317796b1af7ab66df8f99	EDNA67	2
726d8622287317796b1af7ab66df8f99	EDNA68	90
9c258ff8676cc8042136dc7450726ba6	EDNA44	411
9c258ff8676cc8042136dc7450726ba6	EDNA82	47
6ff55758747425642a87f55f08b449d7	EDNA79	7
6ff55758747425642a87f55f08b449d7	MB21	31
6ff55758747425642a87f55f08b449d7	EDNA40	5
6ff55758747425642a87f55f08b449d7	EDNA80	7
6ff55758747425642a87f55f08b449d7	EDNA81	9
6ff55758747425642a87f55f08b449d7	EDNA82	147
6ff55758747425642a87f55f08b449d7	EDNA83	158
6ff55758747425642a87f55f08b449d7	EDNA93	1
6ff55758747425642a87f55f08b449d7	EDNA84	91
c053d5594e61b92c1252d917d4d135cc	EDNA69	77
c053d5594e61b92c1252d917d4d135cc	EDNA70	5
c053d5594e61b92c1252d917d4d135cc	EDNA71	114
c053d5594e61b92c1252d917d4d135cc	EDNA73	111
c053d5594e61b92c1252d917d4d135cc	EDNA74	28
c053d5594e61b92c1252d917d4d135cc	EDNA75	39
c053d5594e61b92c1252d917d4d135cc	EDNA67	19
c053d5594e61b92c1252d917d4d135cc	EDNA68	62
890aa7468be1418ac2f8a117be29b074	MB24	18
890aa7468be1418ac2f8a117be29b074	EDNA34	49
890aa7468be1418ac2f8a117be29b074	MB25	222
890aa7468be1418ac2f8a117be29b074	MB2	158
6a8b695feb36dbe94c4067525c00d628	MB8	9
6a8b695feb36dbe94c4067525c00d628	MB10	3
6a8b695feb36dbe94c4067525c00d628	MB13	4
6a8b695feb36dbe94c4067525c00d628	MB24	5
6a8b695feb36dbe94c4067525c00d628	MB1	198
6a8b695feb36dbe94c4067525c00d628	MB2	9
6a8b695feb36dbe94c4067525c00d628	EDNA54	200
6a8b695feb36dbe94c4067525c00d628	MB7	10
6a8b695feb36dbe94c4067525c00d628	EDNA10	2
1628f43320ba6160a3d52d3f04db9cbd	EDNA11	27
1628f43320ba6160a3d52d3f04db9cbd	EDNA12	22
1628f43320ba6160a3d52d3f04db9cbd	EDNA13	16
1628f43320ba6160a3d52d3f04db9cbd	EDNA14	15
1628f43320ba6160a3d52d3f04db9cbd	EDNA33	6
1628f43320ba6160a3d52d3f04db9cbd	EDNA1	81
1628f43320ba6160a3d52d3f04db9cbd	EDNA15	4
1628f43320ba6160a3d52d3f04db9cbd	EDNA2	84
1628f43320ba6160a3d52d3f04db9cbd	EDNA3	140
1628f43320ba6160a3d52d3f04db9cbd	EDNA10	39
f58c09745696bc50da81a65d66a3afb8	EDNA11	29
f58c09745696bc50da81a65d66a3afb8	EDNA97	5
f58c09745696bc50da81a65d66a3afb8	EDNA98	13
f58c09745696bc50da81a65d66a3afb8	EDNA32	9
f58c09745696bc50da81a65d66a3afb8	EDNA23	45
f58c09745696bc50da81a65d66a3afb8	EDNA42	17
f58c09745696bc50da81a65d66a3afb8	EDNA24	28
f58c09745696bc50da81a65d66a3afb8	EDNA1	22
f58c09745696bc50da81a65d66a3afb8	EDNA52	18
f58c09745696bc50da81a65d66a3afb8	EDNA25	9
f58c09745696bc50da81a65d66a3afb8	EDNA16	7
f58c09745696bc50da81a65d66a3afb8	EDNA44	27
f58c09745696bc50da81a65d66a3afb8	EDNA3	15
f58c09745696bc50da81a65d66a3afb8	EDNA17	6
f58c09745696bc50da81a65d66a3afb8	EDNA54	11
f58c09745696bc50da81a65d66a3afb8	EDNA45	49
f58c09745696bc50da81a65d66a3afb8	EDNA91	9
f58c09745696bc50da81a65d66a3afb8	EDNA46	17
f58c09745696bc50da81a65d66a3afb8	EDNA47	29
f58c09745696bc50da81a65d66a3afb8	EDNA93	19
f58c09745696bc50da81a65d66a3afb8	EDNA85	10
f58c09745696bc50da81a65d66a3afb8	EDNA9	21
f58c09745696bc50da81a65d66a3afb8	EDNA95	4
f58c09745696bc50da81a65d66a3afb8	EDNA59	5
f58c09745696bc50da81a65d66a3afb8	EDNA10	10
7e0740730656f0b9586bc2be554790f1	MB12	60
7e0740730656f0b9586bc2be554790f1	MB13	81
7e0740730656f0b9586bc2be554790f1	EDNA44	83
7e0740730656f0b9586bc2be554790f1	MB4	27
7e0740730656f0b9586bc2be554790f1	EDNA29	182
a7c154ca68879915d8793a0e7cca09ba	MB8	49
a7c154ca68879915d8793a0e7cca09ba	MB9	147
a7c154ca68879915d8793a0e7cca09ba	EDNA23	25
a7c154ca68879915d8793a0e7cca09ba	MB7	143
a7c154ca68879915d8793a0e7cca09ba	EDNA10	65
2be17ac33831e5e13bf126b69a5f3b5b	EDNA1	1
2be17ac33831e5e13bf126b69a5f3b5b	EDNA2	4
2be17ac33831e5e13bf126b69a5f3b5b	EDNA3	3
2be17ac33831e5e13bf126b69a5f3b5b	EDNA8	1
2be17ac33831e5e13bf126b69a5f3b5b	EDNA9	6
2be17ac33831e5e13bf126b69a5f3b5b	EDNA69	6
2be17ac33831e5e13bf126b69a5f3b5b	EDNA87	3
2be17ac33831e5e13bf126b69a5f3b5b	MB11	11
2be17ac33831e5e13bf126b69a5f3b5b	MB13	9
2be17ac33831e5e13bf126b69a5f3b5b	MB15	1
2be17ac33831e5e13bf126b69a5f3b5b	MB1	7
2be17ac33831e5e13bf126b69a5f3b5b	MB2	10
2be17ac33831e5e13bf126b69a5f3b5b	MB3	7
2be17ac33831e5e13bf126b69a5f3b5b	MB18	11
2be17ac33831e5e13bf126b69a5f3b5b	MB4	4
2be17ac33831e5e13bf126b69a5f3b5b	MB6	9
2be17ac33831e5e13bf126b69a5f3b5b	MB8	1
2be17ac33831e5e13bf126b69a5f3b5b	EDNA10	7
2be17ac33831e5e13bf126b69a5f3b5b	EDNA11	3
2be17ac33831e5e13bf126b69a5f3b5b	EDNA12	33
2be17ac33831e5e13bf126b69a5f3b5b	EDNA13	4
2be17ac33831e5e13bf126b69a5f3b5b	EDNA14	2
2be17ac33831e5e13bf126b69a5f3b5b	EDNA15	1
2be17ac33831e5e13bf126b69a5f3b5b	EDNA16	2
2be17ac33831e5e13bf126b69a5f3b5b	EDNA31	19
2be17ac33831e5e13bf126b69a5f3b5b	EDNA32	5
2be17ac33831e5e13bf126b69a5f3b5b	EDNA33	13
2be17ac33831e5e13bf126b69a5f3b5b	EDNA34	1
2be17ac33831e5e13bf126b69a5f3b5b	EDNA36	5
2be17ac33831e5e13bf126b69a5f3b5b	EDNA70	17
2be17ac33831e5e13bf126b69a5f3b5b	EDNA73	2
2be17ac33831e5e13bf126b69a5f3b5b	EDNA74	1
2be17ac33831e5e13bf126b69a5f3b5b	EDNA91	9
2be17ac33831e5e13bf126b69a5f3b5b	EDNA92	6
2be17ac33831e5e13bf126b69a5f3b5b	EDNA93	6
2be17ac33831e5e13bf126b69a5f3b5b	EDNA95	2
2be17ac33831e5e13bf126b69a5f3b5b	EDNA96	2
2be17ac33831e5e13bf126b69a5f3b5b	EDNA98	3
2be17ac33831e5e13bf126b69a5f3b5b	EDNA99	8
2be17ac33831e5e13bf126b69a5f3b5b	MB23	5
2be17ac33831e5e13bf126b69a5f3b5b	EDNA22	15
2be17ac33831e5e13bf126b69a5f3b5b	EDNA23	23
2be17ac33831e5e13bf126b69a5f3b5b	EDNA24	55
2be17ac33831e5e13bf126b69a5f3b5b	EDNA25	6
2be17ac33831e5e13bf126b69a5f3b5b	EDNA26	5
2be17ac33831e5e13bf126b69a5f3b5b	EDNA40	8
2be17ac33831e5e13bf126b69a5f3b5b	EDNA42	5
2be17ac33831e5e13bf126b69a5f3b5b	EDNA43	14
2be17ac33831e5e13bf126b69a5f3b5b	EDNA44	7
2be17ac33831e5e13bf126b69a5f3b5b	EDNA45	37
cf85e197cb0048ffac87349440c957e9	EDNA96	5
cf85e197cb0048ffac87349440c957e9	EDNA97	35
cf85e197cb0048ffac87349440c957e9	EDNA12	1
cf85e197cb0048ffac87349440c957e9	EDNA98	23
cf85e197cb0048ffac87349440c957e9	EDNA40	3
cf85e197cb0048ffac87349440c957e9	EDNA31	8
cf85e197cb0048ffac87349440c957e9	EDNA22	4
cf85e197cb0048ffac87349440c957e9	EDNA99	18
cf85e197cb0048ffac87349440c957e9	EDNA41	1
cf85e197cb0048ffac87349440c957e9	EDNA42	5
cf85e197cb0048ffac87349440c957e9	EDNA33	2
cf85e197cb0048ffac87349440c957e9	EDNA15	5
cf85e197cb0048ffac87349440c957e9	EDNA61	5
cf85e197cb0048ffac87349440c957e9	EDNA52	9
cf85e197cb0048ffac87349440c957e9	EDNA43	14
cf85e197cb0048ffac87349440c957e9	EDNA34	63
cf85e197cb0048ffac87349440c957e9	EDNA62	5
cf85e197cb0048ffac87349440c957e9	EDNA53	2
cf85e197cb0048ffac87349440c957e9	EDNA44	5
cf85e197cb0048ffac87349440c957e9	EDNA3	6
cf85e197cb0048ffac87349440c957e9	EDNA35	37
cf85e197cb0048ffac87349440c957e9	EDNA63	7
cf85e197cb0048ffac87349440c957e9	EDNA91	24
cf85e197cb0048ffac87349440c957e9	EDNA46	5
cf85e197cb0048ffac87349440c957e9	EDNA92	13
cf85e197cb0048ffac87349440c957e9	EDNA56	9
cf85e197cb0048ffac87349440c957e9	EDNA47	7
cf85e197cb0048ffac87349440c957e9	EDNA93	30
cf85e197cb0048ffac87349440c957e9	EDNA94	9
cf85e197cb0048ffac87349440c957e9	EDNA85	9
cf85e197cb0048ffac87349440c957e9	EDNA58	8
cf85e197cb0048ffac87349440c957e9	EDNA95	9
cf85e197cb0048ffac87349440c957e9	EDNA86	34
cf85e197cb0048ffac87349440c957e9	EDNA59	5
8f8ed28b74ce57168de6e64f5a65dd98	EDNA69	17
8f8ed28b74ce57168de6e64f5a65dd98	MB20	1
8f8ed28b74ce57168de6e64f5a65dd98	EDNA79	3
8f8ed28b74ce57168de6e64f5a65dd98	EDNA41	1
8f8ed28b74ce57168de6e64f5a65dd98	EDNA61	4
8f8ed28b74ce57168de6e64f5a65dd98	EDNA80	20
8f8ed28b74ce57168de6e64f5a65dd98	EDNA44	96
8f8ed28b74ce57168de6e64f5a65dd98	EDNA81	16
8f8ed28b74ce57168de6e64f5a65dd98	EDNA45	39
8f8ed28b74ce57168de6e64f5a65dd98	EDNA73	42
8f8ed28b74ce57168de6e64f5a65dd98	EDNA47	4
8f8ed28b74ce57168de6e64f5a65dd98	EDNA75	182
122c4720999fe482fc2ff2f6c1f5ee5d	EDNA79	9
122c4720999fe482fc2ff2f6c1f5ee5d	MB21	24
122c4720999fe482fc2ff2f6c1f5ee5d	EDNA80	10
122c4720999fe482fc2ff2f6c1f5ee5d	EDNA81	15
122c4720999fe482fc2ff2f6c1f5ee5d	EDNA82	85
122c4720999fe482fc2ff2f6c1f5ee5d	MB19	9
122c4720999fe482fc2ff2f6c1f5ee5d	EDNA83	121
122c4720999fe482fc2ff2f6c1f5ee5d	EDNA84	152
5747772bd52e41ad488d3a50367d2ecc	MB8	3
5747772bd52e41ad488d3a50367d2ecc	MB21	7
5747772bd52e41ad488d3a50367d2ecc	EDNA40	1
5747772bd52e41ad488d3a50367d2ecc	EDNA22	5
5747772bd52e41ad488d3a50367d2ecc	MB13	2
5747772bd52e41ad488d3a50367d2ecc	EDNA23	22
5747772bd52e41ad488d3a50367d2ecc	EDNA24	12
5747772bd52e41ad488d3a50367d2ecc	EDNA43	9
5747772bd52e41ad488d3a50367d2ecc	EDNA25	9
5747772bd52e41ad488d3a50367d2ecc	EDNA71	14
5747772bd52e41ad488d3a50367d2ecc	EDNA44	3
5747772bd52e41ad488d3a50367d2ecc	EDNA35	2
5747772bd52e41ad488d3a50367d2ecc	EDNA26	5
5747772bd52e41ad488d3a50367d2ecc	EDNA45	13
5747772bd52e41ad488d3a50367d2ecc	EDNA27	13
5747772bd52e41ad488d3a50367d2ecc	EDNA18	1
5747772bd52e41ad488d3a50367d2ecc	EDNA82	77
5747772bd52e41ad488d3a50367d2ecc	MB19	3
5747772bd52e41ad488d3a50367d2ecc	EDNA83	100
5747772bd52e41ad488d3a50367d2ecc	EDNA74	15
5747772bd52e41ad488d3a50367d2ecc	EDNA84	99
5747772bd52e41ad488d3a50367d2ecc	EDNA75	9
dcc119202824cef936f0dcc14d5220a1	EDNA11	12
dcc119202824cef936f0dcc14d5220a1	EDNA12	5
dcc119202824cef936f0dcc14d5220a1	EDNA22	43
dcc119202824cef936f0dcc14d5220a1	EDNA23	35
dcc119202824cef936f0dcc14d5220a1	EDNA14	14
dcc119202824cef936f0dcc14d5220a1	EDNA1	66
dcc119202824cef936f0dcc14d5220a1	EDNA2	35
dcc119202824cef936f0dcc14d5220a1	EDNA25	52
dcc119202824cef936f0dcc14d5220a1	EDNA3	12
dcc119202824cef936f0dcc14d5220a1	EDNA27	78
dcc119202824cef936f0dcc14d5220a1	EDNA18	22
dcc119202824cef936f0dcc14d5220a1	EDNA7	44
dcc119202824cef936f0dcc14d5220a1	EDNA10	5
51b84d298fe4ba4fc9082597e018a27c	MB12	3
51b84d298fe4ba4fc9082597e018a27c	EDNA22	15
51b84d298fe4ba4fc9082597e018a27c	MB13	15
51b84d298fe4ba4fc9082597e018a27c	EDNA41	9
51b84d298fe4ba4fc9082597e018a27c	EDNA24	39
51b84d298fe4ba4fc9082597e018a27c	MB15	2
51b84d298fe4ba4fc9082597e018a27c	EDNA43	17
51b84d298fe4ba4fc9082597e018a27c	EDNA34	69
51b84d298fe4ba4fc9082597e018a27c	EDNA16	3
51b84d298fe4ba4fc9082597e018a27c	EDNA62	11
51b84d298fe4ba4fc9082597e018a27c	EDNA44	47
51b84d298fe4ba4fc9082597e018a27c	EDNA63	4
51b84d298fe4ba4fc9082597e018a27c	EDNA45	185
51b84d298fe4ba4fc9082597e018a27c	EDNA59	3
304632cdfd3f1c91303a6680e488d857	EDNA1	8
304632cdfd3f1c91303a6680e488d857	EDNA47	8
304632cdfd3f1c91303a6680e488d857	EDNA2	5
304632cdfd3f1c91303a6680e488d857	EDNA3	27
304632cdfd3f1c91303a6680e488d857	EDNA62	3
304632cdfd3f1c91303a6680e488d857	EDNA7	8
304632cdfd3f1c91303a6680e488d857	EDNA8	4
304632cdfd3f1c91303a6680e488d857	EDNA9	12
304632cdfd3f1c91303a6680e488d857	EDNA81	3
304632cdfd3f1c91303a6680e488d857	MB2	2
304632cdfd3f1c91303a6680e488d857	EDNA10	8
304632cdfd3f1c91303a6680e488d857	EDNA11	7
304632cdfd3f1c91303a6680e488d857	EDNA12	6
304632cdfd3f1c91303a6680e488d857	EDNA13	3
304632cdfd3f1c91303a6680e488d857	EDNA14	6
304632cdfd3f1c91303a6680e488d857	EDNA15	3
304632cdfd3f1c91303a6680e488d857	EDNA17	12
304632cdfd3f1c91303a6680e488d857	EDNA18	8
304632cdfd3f1c91303a6680e488d857	EDNA32	3
304632cdfd3f1c91303a6680e488d857	EDNA34	8
304632cdfd3f1c91303a6680e488d857	EDNA35	25
304632cdfd3f1c91303a6680e488d857	EDNA36	8
304632cdfd3f1c91303a6680e488d857	EDNA52	1
304632cdfd3f1c91303a6680e488d857	EDNA53	2
304632cdfd3f1c91303a6680e488d857	EDNA54	1
304632cdfd3f1c91303a6680e488d857	EDNA55	3
304632cdfd3f1c91303a6680e488d857	EDNA57	3
304632cdfd3f1c91303a6680e488d857	EDNA58	9
304632cdfd3f1c91303a6680e488d857	EDNA91	1
304632cdfd3f1c91303a6680e488d857	EDNA94	12
304632cdfd3f1c91303a6680e488d857	EDNA95	1
304632cdfd3f1c91303a6680e488d857	EDNA96	4
304632cdfd3f1c91303a6680e488d857	EDNA97	10
304632cdfd3f1c91303a6680e488d857	EDNA99	5
304632cdfd3f1c91303a6680e488d857	EDNA22	21
304632cdfd3f1c91303a6680e488d857	EDNA23	40
304632cdfd3f1c91303a6680e488d857	EDNA24	26
304632cdfd3f1c91303a6680e488d857	EDNA25	37
304632cdfd3f1c91303a6680e488d857	EDNA26	35
304632cdfd3f1c91303a6680e488d857	EDNA27	20
304632cdfd3f1c91303a6680e488d857	EDNA41	3
304632cdfd3f1c91303a6680e488d857	EDNA42	1
304632cdfd3f1c91303a6680e488d857	EDNA44	9
f688bb1277eaf67fb691e398b72901d3	EDNA11	8
f688bb1277eaf67fb691e398b72901d3	MB9	2
f688bb1277eaf67fb691e398b72901d3	MB11	4
f688bb1277eaf67fb691e398b72901d3	EDNA12	19
f688bb1277eaf67fb691e398b72901d3	EDNA98	7
f688bb1277eaf67fb691e398b72901d3	EDNA31	13
f688bb1277eaf67fb691e398b72901d3	EDNA22	25
f688bb1277eaf67fb691e398b72901d3	EDNA13	14
f688bb1277eaf67fb691e398b72901d3	EDNA33	25
f688bb1277eaf67fb691e398b72901d3	EDNA15	36
f688bb1277eaf67fb691e398b72901d3	EDNA61	23
f688bb1277eaf67fb691e398b72901d3	EDNA16	17
f688bb1277eaf67fb691e398b72901d3	EDNA62	5
f688bb1277eaf67fb691e398b72901d3	EDNA44	48
f688bb1277eaf67fb691e398b72901d3	EDNA3	22
f688bb1277eaf67fb691e398b72901d3	MB2	6
f688bb1277eaf67fb691e398b72901d3	EDNA63	5
f688bb1277eaf67fb691e398b72901d3	EDNA18	1
f688bb1277eaf67fb691e398b72901d3	EDNA7	11
f688bb1277eaf67fb691e398b72901d3	MB6	1
f688bb1277eaf67fb691e398b72901d3	EDNA8	24
f688bb1277eaf67fb691e398b72901d3	EDNA9	85
f688bb1277eaf67fb691e398b72901d3	EDNA59	3
f688bb1277eaf67fb691e398b72901d3	EDNA10	16
b2a1a01d27693d426659db87b1dd5c17	EDNA96	7
b2a1a01d27693d426659db87b1dd5c17	MB9	3
b2a1a01d27693d426659db87b1dd5c17	EDNA79	27
b2a1a01d27693d426659db87b1dd5c17	EDNA31	3
b2a1a01d27693d426659db87b1dd5c17	EDNA13	4
b2a1a01d27693d426659db87b1dd5c17	EDNA41	6
b2a1a01d27693d426659db87b1dd5c17	EDNA24	1
b2a1a01d27693d426659db87b1dd5c17	EDNA1	4
b2a1a01d27693d426659db87b1dd5c17	EDNA52	4
b2a1a01d27693d426659db87b1dd5c17	EDNA43	43
b2a1a01d27693d426659db87b1dd5c17	EDNA2	8
b2a1a01d27693d426659db87b1dd5c17	EDNA16	13
b2a1a01d27693d426659db87b1dd5c17	EDNA80	21
b2a1a01d27693d426659db87b1dd5c17	EDNA71	1
b2a1a01d27693d426659db87b1dd5c17	EDNA44	17
b2a1a01d27693d426659db87b1dd5c17	EDNA35	3
b2a1a01d27693d426659db87b1dd5c17	EDNA26	4
b2a1a01d27693d426659db87b1dd5c17	EDNA17	12
b2a1a01d27693d426659db87b1dd5c17	EDNA81	10
b2a1a01d27693d426659db87b1dd5c17	EDNA63	1
b2a1a01d27693d426659db87b1dd5c17	EDNA45	47
b2a1a01d27693d426659db87b1dd5c17	EDNA36	46
b2a1a01d27693d426659db87b1dd5c17	EDNA18	12
b2a1a01d27693d426659db87b1dd5c17	EDNA73	23
b2a1a01d27693d426659db87b1dd5c17	EDNA83	20
b2a1a01d27693d426659db87b1dd5c17	EDNA74	52
b2a1a01d27693d426659db87b1dd5c17	EDNA56	2
b2a1a01d27693d426659db87b1dd5c17	EDNA75	15
b2a1a01d27693d426659db87b1dd5c17	EDNA48	1
b2a1a01d27693d426659db87b1dd5c17	EDNA94	4
b2a1a01d27693d426659db87b1dd5c17	EDNA59	3
22c6c0a3fb89b37217eac689a7740ad1	EDNA87	36
22c6c0a3fb89b37217eac689a7740ad1	EDNA79	16
22c6c0a3fb89b37217eac689a7740ad1	EDNA80	52
22c6c0a3fb89b37217eac689a7740ad1	EDNA81	126
22c6c0a3fb89b37217eac689a7740ad1	EDNA91	20
22c6c0a3fb89b37217eac689a7740ad1	EDNA92	9
22c6c0a3fb89b37217eac689a7740ad1	EDNA83	4
22c6c0a3fb89b37217eac689a7740ad1	EDNA74	12
22c6c0a3fb89b37217eac689a7740ad1	EDNA93	25
22c6c0a3fb89b37217eac689a7740ad1	EDNA75	8
22c6c0a3fb89b37217eac689a7740ad1	EDNA85	55
22c6c0a3fb89b37217eac689a7740ad1	EDNA95	2
22c6c0a3fb89b37217eac689a7740ad1	EDNA86	52
69743e1b2326bb9508d5b21fd08bbece	EDNA83	384
69743e1b2326bb9508d5b21fd08bbece	EDNA84	30
0302e86344622dca093a6edb143e805e	EDNA87	2
0302e86344622dca093a6edb143e805e	EDNA79	7
0302e86344622dca093a6edb143e805e	EDNA24	1
0302e86344622dca093a6edb143e805e	EDNA70	27
0302e86344622dca093a6edb143e805e	EDNA80	18
0302e86344622dca093a6edb143e805e	EDNA71	16
0302e86344622dca093a6edb143e805e	EDNA44	1
0302e86344622dca093a6edb143e805e	EDNA81	9
0302e86344622dca093a6edb143e805e	EDNA73	184
0302e86344622dca093a6edb143e805e	EDNA83	6
0302e86344622dca093a6edb143e805e	EDNA74	70
0302e86344622dca093a6edb143e805e	EDNA75	68
0302e86344622dca093a6edb143e805e	EDNA85	3
0302e86344622dca093a6edb143e805e	EDNA86	1
06d8cd4e9f363ec38a85aa2435360ff0	MB21	121
06d8cd4e9f363ec38a85aa2435360ff0	EDNA82	143
06d8cd4e9f363ec38a85aa2435360ff0	EDNA84	117
06d8cd4e9f363ec38a85aa2435360ff0	EDNA94	16
06d8cd4e9f363ec38a85aa2435360ff0	EDNA85	5
06d8cd4e9f363ec38a85aa2435360ff0	EDNA86	10
22e4518b066f6b0321413dd3db69bfa5	EDNA69	5
22e4518b066f6b0321413dd3db69bfa5	MB21	4
22e4518b066f6b0321413dd3db69bfa5	EDNA71	42
22e4518b066f6b0321413dd3db69bfa5	MB17	111
22e4518b066f6b0321413dd3db69bfa5	MB18	49
22e4518b066f6b0321413dd3db69bfa5	EDNA73	47
22e4518b066f6b0321413dd3db69bfa5	MB19	38
22e4518b066f6b0321413dd3db69bfa5	EDNA74	57
22e4518b066f6b0321413dd3db69bfa5	EDNA84	7
22e4518b066f6b0321413dd3db69bfa5	EDNA67	26
22e4518b066f6b0321413dd3db69bfa5	EDNA86	6
22e4518b066f6b0321413dd3db69bfa5	EDNA68	11
5325eb88073c59417dee68b11ba7a6e8	EDNA97	4
5325eb88073c59417dee68b11ba7a6e8	EDNA98	4
5325eb88073c59417dee68b11ba7a6e8	EDNA31	159
5325eb88073c59417dee68b11ba7a6e8	EDNA99	3
5325eb88073c59417dee68b11ba7a6e8	EDNA32	20
5325eb88073c59417dee68b11ba7a6e8	EDNA60	1
5325eb88073c59417dee68b11ba7a6e8	EDNA33	89
5325eb88073c59417dee68b11ba7a6e8	EDNA52	3
5325eb88073c59417dee68b11ba7a6e8	EDNA34	30
5325eb88073c59417dee68b11ba7a6e8	EDNA53	2
5325eb88073c59417dee68b11ba7a6e8	EDNA3	3
5325eb88073c59417dee68b11ba7a6e8	EDNA35	15
5325eb88073c59417dee68b11ba7a6e8	EDNA17	2
5325eb88073c59417dee68b11ba7a6e8	EDNA63	2
5325eb88073c59417dee68b11ba7a6e8	EDNA36	49
5325eb88073c59417dee68b11ba7a6e8	EDNA46	1
5325eb88073c59417dee68b11ba7a6e8	EDNA92	6
5325eb88073c59417dee68b11ba7a6e8	EDNA47	1
5325eb88073c59417dee68b11ba7a6e8	EDNA95	8
bb09d2c30481bd74c80a0259b74787ad	EDNA69	377
bb09d2c30481bd74c80a0259b74787ad	MB18	25
182143cdace7dfcda17159661227d341	EDNA3	113
182143cdace7dfcda17159661227d341	EDNA17	137
182143cdace7dfcda17159661227d341	EDNA45	39
182143cdace7dfcda17159661227d341	EDNA18	108
aa772f305070b4d3de93647875e338c9	MB13	12
aa772f305070b4d3de93647875e338c9	EDNA43	51
aa772f305070b4d3de93647875e338c9	EDNA80	6
aa772f305070b4d3de93647875e338c9	EDNA44	162
aa772f305070b4d3de93647875e338c9	EDNA81	39
aa772f305070b4d3de93647875e338c9	EDNA45	41
aa772f305070b4d3de93647875e338c9	EDNA56	1
aa772f305070b4d3de93647875e338c9	EDNA84	11
aa772f305070b4d3de93647875e338c9	EDNA85	1
aa772f305070b4d3de93647875e338c9	EDNA67	73
9a43fb57312aa88b02fb861396764096	MB8	17
9a43fb57312aa88b02fb861396764096	MB10	13
9a43fb57312aa88b02fb861396764096	EDNA87	9
9a43fb57312aa88b02fb861396764096	MB9	29
9a43fb57312aa88b02fb861396764096	MB20	19
9a43fb57312aa88b02fb861396764096	MB11	3
9a43fb57312aa88b02fb861396764096	EDNA12	5
9a43fb57312aa88b02fb861396764096	MB21	10
9a43fb57312aa88b02fb861396764096	MB12	14
9a43fb57312aa88b02fb861396764096	EDNA13	1
9a43fb57312aa88b02fb861396764096	MB22	8
9a43fb57312aa88b02fb861396764096	MB13	9
9a43fb57312aa88b02fb861396764096	EDNA41	4
9a43fb57312aa88b02fb861396764096	MB23	12
9a43fb57312aa88b02fb861396764096	MB14	28
9a43fb57312aa88b02fb861396764096	EDNA15	2
9a43fb57312aa88b02fb861396764096	MB24	7
9a43fb57312aa88b02fb861396764096	MB15	31
9a43fb57312aa88b02fb861396764096	EDNA61	3
9a43fb57312aa88b02fb861396764096	MB25	6
9a43fb57312aa88b02fb861396764096	MB1	5
9a43fb57312aa88b02fb861396764096	MB16	14
9a43fb57312aa88b02fb861396764096	EDNA80	5
9a43fb57312aa88b02fb861396764096	EDNA35	2
9a43fb57312aa88b02fb861396764096	MB2	13
9a43fb57312aa88b02fb861396764096	EDNA81	2
9a43fb57312aa88b02fb861396764096	EDNA45	7
9a43fb57312aa88b02fb861396764096	EDNA36	1
9a43fb57312aa88b02fb861396764096	EDNA91	3
9a43fb57312aa88b02fb861396764096	EDNA55	1
9a43fb57312aa88b02fb861396764096	EDNA46	2
9a43fb57312aa88b02fb861396764096	MB4	38
9a43fb57312aa88b02fb861396764096	EDNA56	1
9a43fb57312aa88b02fb861396764096	MB6	47
9a43fb57312aa88b02fb861396764096	EDNA86	21
9a43fb57312aa88b02fb861396764096	EDNA59	2
9a43fb57312aa88b02fb861396764096	EDNA10	2
fcd9136a4fdb8410d975c2baf1c1d1e9	EDNA87	1
fcd9136a4fdb8410d975c2baf1c1d1e9	EDNA79	1
fcd9136a4fdb8410d975c2baf1c1d1e9	EDNA40	111
fcd9136a4fdb8410d975c2baf1c1d1e9	EDNA41	22
fcd9136a4fdb8410d975c2baf1c1d1e9	EDNA42	75
fcd9136a4fdb8410d975c2baf1c1d1e9	EDNA15	1
fcd9136a4fdb8410d975c2baf1c1d1e9	EDNA52	6
fcd9136a4fdb8410d975c2baf1c1d1e9	EDNA43	5
fcd9136a4fdb8410d975c2baf1c1d1e9	EDNA71	2
fcd9136a4fdb8410d975c2baf1c1d1e9	EDNA53	5
fcd9136a4fdb8410d975c2baf1c1d1e9	EDNA44	3
fcd9136a4fdb8410d975c2baf1c1d1e9	EDNA45	14
fcd9136a4fdb8410d975c2baf1c1d1e9	EDNA91	1
fcd9136a4fdb8410d975c2baf1c1d1e9	EDNA55	7
fcd9136a4fdb8410d975c2baf1c1d1e9	EDNA46	1
fcd9136a4fdb8410d975c2baf1c1d1e9	EDNA92	3
fcd9136a4fdb8410d975c2baf1c1d1e9	EDNA74	87
fcd9136a4fdb8410d975c2baf1c1d1e9	EDNA93	6
fcd9136a4fdb8410d975c2baf1c1d1e9	EDNA75	36
fcd9136a4fdb8410d975c2baf1c1d1e9	EDNA48	2
fcd9136a4fdb8410d975c2baf1c1d1e9	EDNA68	6
cc46a9878cd400d037f4648aeb8f418d	EDNA96	7
cc46a9878cd400d037f4648aeb8f418d	EDNA11	9
cc46a9878cd400d037f4648aeb8f418d	MB11	8
cc46a9878cd400d037f4648aeb8f418d	EDNA40	3
cc46a9878cd400d037f4648aeb8f418d	EDNA31	1
cc46a9878cd400d037f4648aeb8f418d	EDNA13	2
cc46a9878cd400d037f4648aeb8f418d	MB13	5
cc46a9878cd400d037f4648aeb8f418d	EDNA41	31
cc46a9878cd400d037f4648aeb8f418d	EDNA14	8
cc46a9878cd400d037f4648aeb8f418d	EDNA60	2
cc46a9878cd400d037f4648aeb8f418d	EDNA33	4
cc46a9878cd400d037f4648aeb8f418d	EDNA15	18
cc46a9878cd400d037f4648aeb8f418d	MB24	2
cc46a9878cd400d037f4648aeb8f418d	EDNA61	1
cc46a9878cd400d037f4648aeb8f418d	EDNA52	2
cc46a9878cd400d037f4648aeb8f418d	EDNA43	35
cc46a9878cd400d037f4648aeb8f418d	EDNA25	63
cc46a9878cd400d037f4648aeb8f418d	EDNA16	2
cc46a9878cd400d037f4648aeb8f418d	EDNA62	2
cc46a9878cd400d037f4648aeb8f418d	EDNA53	6
cc46a9878cd400d037f4648aeb8f418d	EDNA17	30
cc46a9878cd400d037f4648aeb8f418d	EDNA45	27
cc46a9878cd400d037f4648aeb8f418d	EDNA27	55
cc46a9878cd400d037f4648aeb8f418d	EDNA18	7
cc46a9878cd400d037f4648aeb8f418d	EDNA91	3
cc46a9878cd400d037f4648aeb8f418d	EDNA56	1
cc46a9878cd400d037f4648aeb8f418d	EDNA47	20
cc46a9878cd400d037f4648aeb8f418d	EDNA93	4
cc46a9878cd400d037f4648aeb8f418d	EDNA48	1
cc46a9878cd400d037f4648aeb8f418d	EDNA94	2
cc46a9878cd400d037f4648aeb8f418d	EDNA58	6
cc46a9878cd400d037f4648aeb8f418d	EDNA9	7
cc46a9878cd400d037f4648aeb8f418d	EDNA95	4
cc46a9878cd400d037f4648aeb8f418d	EDNA86	4
cc46a9878cd400d037f4648aeb8f418d	EDNA59	4
cc46a9878cd400d037f4648aeb8f418d	EDNA10	8
e33579196fbfdb3ce31931233c28f6d5	EDNA97	3
e33579196fbfdb3ce31931233c28f6d5	EDNA98	5
e33579196fbfdb3ce31931233c28f6d5	EDNA40	63
e33579196fbfdb3ce31931233c28f6d5	EDNA13	1
e33579196fbfdb3ce31931233c28f6d5	EDNA99	1
e33579196fbfdb3ce31931233c28f6d5	EDNA41	30
e33579196fbfdb3ce31931233c28f6d5	EDNA23	7
e33579196fbfdb3ce31931233c28f6d5	EDNA14	2
e33579196fbfdb3ce31931233c28f6d5	EDNA60	6
e33579196fbfdb3ce31931233c28f6d5	EDNA42	79
e33579196fbfdb3ce31931233c28f6d5	EDNA24	7
e33579196fbfdb3ce31931233c28f6d5	EDNA61	8
e33579196fbfdb3ce31931233c28f6d5	EDNA52	1
e33579196fbfdb3ce31931233c28f6d5	EDNA43	15
e33579196fbfdb3ce31931233c28f6d5	EDNA34	38
e33579196fbfdb3ce31931233c28f6d5	EDNA25	3
e33579196fbfdb3ce31931233c28f6d5	EDNA62	2
e33579196fbfdb3ce31931233c28f6d5	EDNA53	7
e33579196fbfdb3ce31931233c28f6d5	EDNA44	6
e33579196fbfdb3ce31931233c28f6d5	EDNA35	21
e33579196fbfdb3ce31931233c28f6d5	EDNA17	1
e33579196fbfdb3ce31931233c28f6d5	EDNA81	3
e33579196fbfdb3ce31931233c28f6d5	EDNA63	7
e33579196fbfdb3ce31931233c28f6d5	EDNA54	8
e33579196fbfdb3ce31931233c28f6d5	EDNA45	13
e33579196fbfdb3ce31931233c28f6d5	EDNA36	28
e33579196fbfdb3ce31931233c28f6d5	EDNA27	4
e33579196fbfdb3ce31931233c28f6d5	EDNA55	3
e33579196fbfdb3ce31931233c28f6d5	EDNA46	1
e33579196fbfdb3ce31931233c28f6d5	EDNA93	2
e33579196fbfdb3ce31931233c28f6d5	EDNA57	2
e33579196fbfdb3ce31931233c28f6d5	EDNA58	8
e33579196fbfdb3ce31931233c28f6d5	EDNA59	8
7e3b058608afc0de57d897fbc0297f12	EDNA98	2
7e3b058608afc0de57d897fbc0297f12	EDNA22	20
7e3b058608afc0de57d897fbc0297f12	EDNA13	12
7e3b058608afc0de57d897fbc0297f12	EDNA24	47
7e3b058608afc0de57d897fbc0297f12	EDNA61	9
7e3b058608afc0de57d897fbc0297f12	EDNA16	83
7e3b058608afc0de57d897fbc0297f12	EDNA17	109
7e3b058608afc0de57d897fbc0297f12	EDNA18	94
7e3b058608afc0de57d897fbc0297f12	EDNA92	16
6fd32fe14866d01f7ab18f35b0ceab21	MB20	9
6fd32fe14866d01f7ab18f35b0ceab21	MB13	8
6fd32fe14866d01f7ab18f35b0ceab21	EDNA23	292
6fd32fe14866d01f7ab18f35b0ceab21	MB7	83
81939716bc60b572ed62800829cd1334	EDNA96	28
81939716bc60b572ed62800829cd1334	EDNA87	4
81939716bc60b572ed62800829cd1334	MB13	52
81939716bc60b572ed62800829cd1334	EDNA61	13
81939716bc60b572ed62800829cd1334	EDNA52	7
81939716bc60b572ed62800829cd1334	EDNA43	4
81939716bc60b572ed62800829cd1334	EDNA34	34
81939716bc60b572ed62800829cd1334	EDNA62	11
81939716bc60b572ed62800829cd1334	EDNA44	5
81939716bc60b572ed62800829cd1334	EDNA35	52
81939716bc60b572ed62800829cd1334	EDNA63	7
81939716bc60b572ed62800829cd1334	EDNA54	6
81939716bc60b572ed62800829cd1334	EDNA36	62
81939716bc60b572ed62800829cd1334	EDNA55	16
81939716bc60b572ed62800829cd1334	EDNA46	3
81939716bc60b572ed62800829cd1334	EDNA92	9
81939716bc60b572ed62800829cd1334	EDNA56	11
81939716bc60b572ed62800829cd1334	EDNA93	20
81939716bc60b572ed62800829cd1334	EDNA94	13
81939716bc60b572ed62800829cd1334	EDNA85	14
81939716bc60b572ed62800829cd1334	EDNA58	6
81939716bc60b572ed62800829cd1334	EDNA95	12
81939716bc60b572ed62800829cd1334	EDNA59	1
81f538edecd378ace1a2ea72301908f6	MB8	13
81f538edecd378ace1a2ea72301908f6	MB20	8
81f538edecd378ace1a2ea72301908f6	MB21	76
81f538edecd378ace1a2ea72301908f6	MB12	20
81f538edecd378ace1a2ea72301908f6	EDNA41	79
81f538edecd378ace1a2ea72301908f6	MB14	2
81f538edecd378ace1a2ea72301908f6	MB17	47
81f538edecd378ace1a2ea72301908f6	MB18	89
81f538edecd378ace1a2ea72301908f6	EDNA92	56
f7dc47d4e85011170e8a52dd6f3ae51e	EDNA69	329
f7dc47d4e85011170e8a52dd6f3ae51e	MB17	53
5c31150cfd0619c3c9abb198a9752db2	EDNA79	16
5c31150cfd0619c3c9abb198a9752db2	EDNA22	17
5c31150cfd0619c3c9abb198a9752db2	EDNA13	9
5c31150cfd0619c3c9abb198a9752db2	EDNA80	8
5c31150cfd0619c3c9abb198a9752db2	EDNA3	67
5c31150cfd0619c3c9abb198a9752db2	EDNA18	5
5c31150cfd0619c3c9abb198a9752db2	EDNA82	78
5c31150cfd0619c3c9abb198a9752db2	EDNA83	92
5c31150cfd0619c3c9abb198a9752db2	EDNA84	84
5c31150cfd0619c3c9abb198a9752db2	EDNA7	5
69d78c14fa90999e2b0a73e3c5f4d3fa	EDNA96	12
69d78c14fa90999e2b0a73e3c5f4d3fa	EDNA11	6
69d78c14fa90999e2b0a73e3c5f4d3fa	EDNA97	10
69d78c14fa90999e2b0a73e3c5f4d3fa	EDNA98	6
69d78c14fa90999e2b0a73e3c5f4d3fa	EDNA40	35
69d78c14fa90999e2b0a73e3c5f4d3fa	EDNA22	8
69d78c14fa90999e2b0a73e3c5f4d3fa	EDNA99	3
69d78c14fa90999e2b0a73e3c5f4d3fa	EDNA41	37
69d78c14fa90999e2b0a73e3c5f4d3fa	EDNA23	6
69d78c14fa90999e2b0a73e3c5f4d3fa	EDNA60	6
69d78c14fa90999e2b0a73e3c5f4d3fa	EDNA42	31
69d78c14fa90999e2b0a73e3c5f4d3fa	EDNA24	4
69d78c14fa90999e2b0a73e3c5f4d3fa	EDNA15	3
69d78c14fa90999e2b0a73e3c5f4d3fa	EDNA61	8
69d78c14fa90999e2b0a73e3c5f4d3fa	EDNA52	14
69d78c14fa90999e2b0a73e3c5f4d3fa	EDNA43	26
69d78c14fa90999e2b0a73e3c5f4d3fa	EDNA25	5
69d78c14fa90999e2b0a73e3c5f4d3fa	EDNA62	11
69d78c14fa90999e2b0a73e3c5f4d3fa	EDNA53	10
69d78c14fa90999e2b0a73e3c5f4d3fa	EDNA44	15
69d78c14fa90999e2b0a73e3c5f4d3fa	EDNA63	10
69d78c14fa90999e2b0a73e3c5f4d3fa	EDNA54	12
69d78c14fa90999e2b0a73e3c5f4d3fa	EDNA45	26
69d78c14fa90999e2b0a73e3c5f4d3fa	EDNA27	2
69d78c14fa90999e2b0a73e3c5f4d3fa	EDNA91	4
69d78c14fa90999e2b0a73e3c5f4d3fa	EDNA55	18
69d78c14fa90999e2b0a73e3c5f4d3fa	EDNA46	11
69d78c14fa90999e2b0a73e3c5f4d3fa	EDNA56	10
69d78c14fa90999e2b0a73e3c5f4d3fa	EDNA47	4
69d78c14fa90999e2b0a73e3c5f4d3fa	EDNA84	3
69d78c14fa90999e2b0a73e3c5f4d3fa	EDNA57	14
69d78c14fa90999e2b0a73e3c5f4d3fa	EDNA48	2
69d78c14fa90999e2b0a73e3c5f4d3fa	EDNA94	5
69d78c14fa90999e2b0a73e3c5f4d3fa	EDNA59	3
54bc472444fb0dd55332501b26f32f36	EDNA46	11
54bc472444fb0dd55332501b26f32f36	EDNA47	3
54bc472444fb0dd55332501b26f32f36	EDNA2	2
54bc472444fb0dd55332501b26f32f36	EDNA60	6
54bc472444fb0dd55332501b26f32f36	EDNA9	4
54bc472444fb0dd55332501b26f32f36	EDNA80	2
54bc472444fb0dd55332501b26f32f36	EDNA86	17
54bc472444fb0dd55332501b26f32f36	EDNA87	5
54bc472444fb0dd55332501b26f32f36	MB10	9
54bc472444fb0dd55332501b26f32f36	MB12	10
54bc472444fb0dd55332501b26f32f36	MB13	7
54bc472444fb0dd55332501b26f32f36	MB14	12
54bc472444fb0dd55332501b26f32f36	MB15	24
54bc472444fb0dd55332501b26f32f36	MB16	29
54bc472444fb0dd55332501b26f32f36	MB1	6
54bc472444fb0dd55332501b26f32f36	MB2	4
54bc472444fb0dd55332501b26f32f36	MB4	14
54bc472444fb0dd55332501b26f32f36	MB6	25
54bc472444fb0dd55332501b26f32f36	MB8	10
54bc472444fb0dd55332501b26f32f36	MB9	19
54bc472444fb0dd55332501b26f32f36	EDNA10	3
54bc472444fb0dd55332501b26f32f36	EDNA11	2
54bc472444fb0dd55332501b26f32f36	EDNA12	6
54bc472444fb0dd55332501b26f32f36	EDNA13	4
54bc472444fb0dd55332501b26f32f36	EDNA14	4
54bc472444fb0dd55332501b26f32f36	EDNA15	3
54bc472444fb0dd55332501b26f32f36	EDNA35	3
54bc472444fb0dd55332501b26f32f36	EDNA53	5
54bc472444fb0dd55332501b26f32f36	EDNA54	3
54bc472444fb0dd55332501b26f32f36	EDNA55	3
54bc472444fb0dd55332501b26f32f36	EDNA57	3
54bc472444fb0dd55332501b26f32f36	EDNA58	5
54bc472444fb0dd55332501b26f32f36	EDNA59	4
54bc472444fb0dd55332501b26f32f36	EDNA91	4
54bc472444fb0dd55332501b26f32f36	EDNA93	4
54bc472444fb0dd55332501b26f32f36	MB20	16
54bc472444fb0dd55332501b26f32f36	MB21	7
54bc472444fb0dd55332501b26f32f36	MB22	7
54bc472444fb0dd55332501b26f32f36	MB23	26
54bc472444fb0dd55332501b26f32f36	MB24	14
54bc472444fb0dd55332501b26f32f36	EDNA25	5
54bc472444fb0dd55332501b26f32f36	EDNA41	14
54bc472444fb0dd55332501b26f32f36	EDNA43	7
54bc472444fb0dd55332501b26f32f36	EDNA44	6
a3b61660b2150e7a528db043ecccfa45	EDNA87	5
a3b61660b2150e7a528db043ecccfa45	EDNA79	3
a3b61660b2150e7a528db043ecccfa45	EDNA1	3
a3b61660b2150e7a528db043ecccfa45	EDNA2	1
a3b61660b2150e7a528db043ecccfa45	EDNA80	8
a3b61660b2150e7a528db043ecccfa45	EDNA81	12
a3b61660b2150e7a528db043ecccfa45	EDNA73	150
a3b61660b2150e7a528db043ecccfa45	EDNA92	2
a3b61660b2150e7a528db043ecccfa45	EDNA74	59
a3b61660b2150e7a528db043ecccfa45	EDNA93	9
a3b61660b2150e7a528db043ecccfa45	EDNA75	120
a3b61660b2150e7a528db043ecccfa45	EDNA85	1
a3b61660b2150e7a528db043ecccfa45	EDNA86	3
72e0ae96f9629dc744d2ad37e47a1c55	EDNA18	10
72e0ae96f9629dc744d2ad37e47a1c55	EDNA8	365
308ab750a735ca3f6cc270c39758b3a8	EDNA69	81
308ab750a735ca3f6cc270c39758b3a8	EDNA70	18
308ab750a735ca3f6cc270c39758b3a8	EDNA71	84
308ab750a735ca3f6cc270c39758b3a8	EDNA67	91
308ab750a735ca3f6cc270c39758b3a8	EDNA68	94
5238ae725dd2f7cdff489b709ea112b5	MB21	1
5238ae725dd2f7cdff489b709ea112b5	MB17	24
5238ae725dd2f7cdff489b709ea112b5	MB18	341
5238ae725dd2f7cdff489b709ea112b5	EDNA67	1
23b043676260263d71496b0468eec45c	MB1	11
23b043676260263d71496b0468eec45c	MB18	33
23b043676260263d71496b0468eec45c	EDNA73	322
6c6b906d567187eac3614b23ae4d27dc	MB9	1
6c6b906d567187eac3614b23ae4d27dc	MB20	14
6c6b906d567187eac3614b23ae4d27dc	MB15	2
6c6b906d567187eac3614b23ae4d27dc	MB25	339
6c6b906d567187eac3614b23ae4d27dc	MB4	4
6c6b906d567187eac3614b23ae4d27dc	EDNA58	1
cc00a3378226451eea8eec50325c8051	EDNA87	1
cc00a3378226451eea8eec50325c8051	EDNA79	7
cc00a3378226451eea8eec50325c8051	EDNA70	8
cc00a3378226451eea8eec50325c8051	EDNA80	13
cc00a3378226451eea8eec50325c8051	EDNA71	39
cc00a3378226451eea8eec50325c8051	EDNA81	17
cc00a3378226451eea8eec50325c8051	EDNA91	3
cc00a3378226451eea8eec50325c8051	EDNA82	57
cc00a3378226451eea8eec50325c8051	EDNA73	77
cc00a3378226451eea8eec50325c8051	EDNA83	21
cc00a3378226451eea8eec50325c8051	EDNA74	29
cc00a3378226451eea8eec50325c8051	EDNA93	3
cc00a3378226451eea8eec50325c8051	EDNA84	54
cc00a3378226451eea8eec50325c8051	EDNA75	27
ac9d1470103b5c0649046c90300e369a	EDNA96	6
ac9d1470103b5c0649046c90300e369a	EDNA11	4
ac9d1470103b5c0649046c90300e369a	EDNA12	2
ac9d1470103b5c0649046c90300e369a	EDNA31	43
ac9d1470103b5c0649046c90300e369a	EDNA22	7
ac9d1470103b5c0649046c90300e369a	EDNA13	3
ac9d1470103b5c0649046c90300e369a	EDNA32	24
ac9d1470103b5c0649046c90300e369a	EDNA23	12
ac9d1470103b5c0649046c90300e369a	EDNA14	19
ac9d1470103b5c0649046c90300e369a	EDNA33	12
ac9d1470103b5c0649046c90300e369a	EDNA24	3
ac9d1470103b5c0649046c90300e369a	EDNA1	16
ac9d1470103b5c0649046c90300e369a	EDNA15	8
ac9d1470103b5c0649046c90300e369a	EDNA34	19
ac9d1470103b5c0649046c90300e369a	EDNA2	15
ac9d1470103b5c0649046c90300e369a	EDNA25	12
ac9d1470103b5c0649046c90300e369a	EDNA16	5
ac9d1470103b5c0649046c90300e369a	EDNA80	10
ac9d1470103b5c0649046c90300e369a	EDNA3	7
ac9d1470103b5c0649046c90300e369a	EDNA35	6
ac9d1470103b5c0649046c90300e369a	EDNA26	4
ac9d1470103b5c0649046c90300e369a	EDNA17	2
ac9d1470103b5c0649046c90300e369a	EDNA81	10
ac9d1470103b5c0649046c90300e369a	EDNA27	5
ac9d1470103b5c0649046c90300e369a	EDNA18	12
ac9d1470103b5c0649046c90300e369a	EDNA91	8
ac9d1470103b5c0649046c90300e369a	EDNA55	2
ac9d1470103b5c0649046c90300e369a	EDNA83	10
ac9d1470103b5c0649046c90300e369a	EDNA93	9
ac9d1470103b5c0649046c90300e369a	EDNA84	14
ac9d1470103b5c0649046c90300e369a	EDNA94	3
ac9d1470103b5c0649046c90300e369a	EDNA8	3
ac9d1470103b5c0649046c90300e369a	EDNA85	14
ac9d1470103b5c0649046c90300e369a	EDNA9	7
ac9d1470103b5c0649046c90300e369a	EDNA95	2
ac9d1470103b5c0649046c90300e369a	EDNA86	17
e0c4971f0b159a7476dce184aa96fa53	EDNA11	13
e0c4971f0b159a7476dce184aa96fa53	MB11	9
e0c4971f0b159a7476dce184aa96fa53	EDNA98	4
e0c4971f0b159a7476dce184aa96fa53	EDNA31	62
e0c4971f0b159a7476dce184aa96fa53	MB13	11
e0c4971f0b159a7476dce184aa96fa53	EDNA32	62
e0c4971f0b159a7476dce184aa96fa53	EDNA14	8
e0c4971f0b159a7476dce184aa96fa53	EDNA42	12
e0c4971f0b159a7476dce184aa96fa53	EDNA33	8
e0c4971f0b159a7476dce184aa96fa53	EDNA24	21
e0c4971f0b159a7476dce184aa96fa53	EDNA1	3
e0c4971f0b159a7476dce184aa96fa53	EDNA15	5
e0c4971f0b159a7476dce184aa96fa53	EDNA52	2
e0c4971f0b159a7476dce184aa96fa53	EDNA43	20
e0c4971f0b159a7476dce184aa96fa53	EDNA16	4
e0c4971f0b159a7476dce184aa96fa53	EDNA44	16
e0c4971f0b159a7476dce184aa96fa53	MB2	2
e0c4971f0b159a7476dce184aa96fa53	EDNA63	5
e0c4971f0b159a7476dce184aa96fa53	EDNA45	30
e0c4971f0b159a7476dce184aa96fa53	EDNA18	6
e0c4971f0b159a7476dce184aa96fa53	EDNA46	6
e0c4971f0b159a7476dce184aa96fa53	MB4	6
e0c4971f0b159a7476dce184aa96fa53	EDNA7	22
e0c4971f0b159a7476dce184aa96fa53	EDNA94	10
e0c4971f0b159a7476dce184aa96fa53	EDNA8	4
e0c4971f0b159a7476dce184aa96fa53	EDNA10	3
38312232a77fc8a7b6e6defa1d343fc1	EDNA69	164
38312232a77fc8a7b6e6defa1d343fc1	EDNA74	7
38312232a77fc8a7b6e6defa1d343fc1	EDNA67	68
38312232a77fc8a7b6e6defa1d343fc1	EDNA68	115
ad30231f04b2ba8d36c427b3b25fd625	EDNA79	12
ad30231f04b2ba8d36c427b3b25fd625	EDNA70	101
ad30231f04b2ba8d36c427b3b25fd625	EDNA81	34
ad30231f04b2ba8d36c427b3b25fd625	EDNA82	17
ad30231f04b2ba8d36c427b3b25fd625	EDNA75	190
6210ab67e842a947838267950c37b3ce	EDNA87	1
6210ab67e842a947838267950c37b3ce	EDNA69	14
6210ab67e842a947838267950c37b3ce	EDNA79	2
6210ab67e842a947838267950c37b3ce	EDNA70	24
6210ab67e842a947838267950c37b3ce	EDNA80	30
6210ab67e842a947838267950c37b3ce	EDNA71	13
6210ab67e842a947838267950c37b3ce	EDNA81	34
6210ab67e842a947838267950c37b3ce	EDNA73	29
6210ab67e842a947838267950c37b3ce	EDNA92	3
6210ab67e842a947838267950c37b3ce	EDNA74	53
6210ab67e842a947838267950c37b3ce	EDNA93	12
6210ab67e842a947838267950c37b3ce	EDNA75	54
6210ab67e842a947838267950c37b3ce	EDNA85	13
6210ab67e842a947838267950c37b3ce	EDNA67	27
6210ab67e842a947838267950c37b3ce	EDNA86	7
6210ab67e842a947838267950c37b3ce	EDNA68	37
ebefbd55dd7e140ff0554409e9c4fc3d	EDNA69	169
ebefbd55dd7e140ff0554409e9c4fc3d	MB22	2
ebefbd55dd7e140ff0554409e9c4fc3d	MB24	16
ebefbd55dd7e140ff0554409e9c4fc3d	MB17	166
56c71432ccb1cd909f3414aba0a5adea	EDNA96	5
56c71432ccb1cd909f3414aba0a5adea	EDNA79	2
56c71432ccb1cd909f3414aba0a5adea	EDNA98	4
56c71432ccb1cd909f3414aba0a5adea	EDNA40	38
56c71432ccb1cd909f3414aba0a5adea	EDNA99	2
56c71432ccb1cd909f3414aba0a5adea	EDNA41	17
56c71432ccb1cd909f3414aba0a5adea	EDNA42	19
56c71432ccb1cd909f3414aba0a5adea	EDNA61	3
56c71432ccb1cd909f3414aba0a5adea	EDNA52	6
56c71432ccb1cd909f3414aba0a5adea	EDNA43	17
56c71432ccb1cd909f3414aba0a5adea	EDNA34	2
56c71432ccb1cd909f3414aba0a5adea	EDNA80	6
56c71432ccb1cd909f3414aba0a5adea	EDNA53	3
56c71432ccb1cd909f3414aba0a5adea	EDNA44	7
56c71432ccb1cd909f3414aba0a5adea	EDNA35	19
56c71432ccb1cd909f3414aba0a5adea	EDNA81	5
56c71432ccb1cd909f3414aba0a5adea	EDNA63	1
56c71432ccb1cd909f3414aba0a5adea	EDNA54	12
56c71432ccb1cd909f3414aba0a5adea	EDNA45	16
56c71432ccb1cd909f3414aba0a5adea	EDNA36	13
56c71432ccb1cd909f3414aba0a5adea	EDNA91	5
56c71432ccb1cd909f3414aba0a5adea	EDNA82	15
56c71432ccb1cd909f3414aba0a5adea	EDNA55	2
56c71432ccb1cd909f3414aba0a5adea	EDNA46	16
56c71432ccb1cd909f3414aba0a5adea	EDNA92	2
56c71432ccb1cd909f3414aba0a5adea	EDNA83	29
56c71432ccb1cd909f3414aba0a5adea	EDNA74	3
56c71432ccb1cd909f3414aba0a5adea	EDNA47	23
56c71432ccb1cd909f3414aba0a5adea	EDNA93	9
56c71432ccb1cd909f3414aba0a5adea	EDNA84	25
56c71432ccb1cd909f3414aba0a5adea	EDNA75	7
56c71432ccb1cd909f3414aba0a5adea	EDNA57	2
56c71432ccb1cd909f3414aba0a5adea	EDNA48	6
56c71432ccb1cd909f3414aba0a5adea	EDNA94	2
56c71432ccb1cd909f3414aba0a5adea	EDNA95	4
56c71432ccb1cd909f3414aba0a5adea	EDNA59	4
287f295490be337254e4e8d9944437bb	EDNA12	6
287f295490be337254e4e8d9944437bb	EDNA40	5
287f295490be337254e4e8d9944437bb	EDNA31	30
287f295490be337254e4e8d9944437bb	MB13	3
287f295490be337254e4e8d9944437bb	EDNA41	14
287f295490be337254e4e8d9944437bb	EDNA23	43
287f295490be337254e4e8d9944437bb	EDNA60	1
287f295490be337254e4e8d9944437bb	EDNA42	74
287f295490be337254e4e8d9944437bb	EDNA33	19
287f295490be337254e4e8d9944437bb	EDNA24	22
287f295490be337254e4e8d9944437bb	EDNA1	5
287f295490be337254e4e8d9944437bb	EDNA15	1
287f295490be337254e4e8d9944437bb	EDNA43	13
287f295490be337254e4e8d9944437bb	EDNA34	31
287f295490be337254e4e8d9944437bb	EDNA25	12
287f295490be337254e4e8d9944437bb	EDNA16	4
287f295490be337254e4e8d9944437bb	EDNA62	3
287f295490be337254e4e8d9944437bb	EDNA44	11
287f295490be337254e4e8d9944437bb	EDNA35	14
287f295490be337254e4e8d9944437bb	MB2	7
287f295490be337254e4e8d9944437bb	EDNA63	3
287f295490be337254e4e8d9944437bb	EDNA45	7
287f295490be337254e4e8d9944437bb	EDNA18	1
287f295490be337254e4e8d9944437bb	EDNA55	5
287f295490be337254e4e8d9944437bb	MB4	1
287f295490be337254e4e8d9944437bb	EDNA56	1
287f295490be337254e4e8d9944437bb	MB6	1
287f295490be337254e4e8d9944437bb	EDNA8	6
287f295490be337254e4e8d9944437bb	EDNA58	3
b77fa5e3f7885717fce67a565be2c1e3	EDNA69	7
b77fa5e3f7885717fce67a565be2c1e3	EDNA70	2
b77fa5e3f7885717fce67a565be2c1e3	EDNA71	170
b77fa5e3f7885717fce67a565be2c1e3	EDNA81	5
b77fa5e3f7885717fce67a565be2c1e3	MB18	10
b77fa5e3f7885717fce67a565be2c1e3	EDNA73	71
b77fa5e3f7885717fce67a565be2c1e3	EDNA55	9
b77fa5e3f7885717fce67a565be2c1e3	EDNA75	11
b77fa5e3f7885717fce67a565be2c1e3	EDNA85	36
b77fa5e3f7885717fce67a565be2c1e3	EDNA67	21
b77fa5e3f7885717fce67a565be2c1e3	EDNA86	4
9002329e70beda6c1c0980bb07483b03	EDNA87	3
9002329e70beda6c1c0980bb07483b03	EDNA79	3
9002329e70beda6c1c0980bb07483b03	EDNA70	4
9002329e70beda6c1c0980bb07483b03	EDNA80	12
9002329e70beda6c1c0980bb07483b03	EDNA71	21
9002329e70beda6c1c0980bb07483b03	EDNA81	9
9002329e70beda6c1c0980bb07483b03	EDNA82	1
9002329e70beda6c1c0980bb07483b03	EDNA73	105
9002329e70beda6c1c0980bb07483b03	EDNA83	17
9002329e70beda6c1c0980bb07483b03	EDNA74	28
9002329e70beda6c1c0980bb07483b03	EDNA84	16
9002329e70beda6c1c0980bb07483b03	EDNA75	101
9002329e70beda6c1c0980bb07483b03	EDNA85	1
9002329e70beda6c1c0980bb07483b03	EDNA67	5
9002329e70beda6c1c0980bb07483b03	EDNA86	6
9002329e70beda6c1c0980bb07483b03	EDNA68	12
71db21f0a94f99b3f59319313644029b	EDNA99	65
71db21f0a94f99b3f59319313644029b	MB7	274
b99cc0ddaf9022148fab04fad7afc49d	EDNA31	27
b99cc0ddaf9022148fab04fad7afc49d	EDNA13	6
b99cc0ddaf9022148fab04fad7afc49d	EDNA23	22
b99cc0ddaf9022148fab04fad7afc49d	EDNA14	12
b99cc0ddaf9022148fab04fad7afc49d	EDNA24	44
b99cc0ddaf9022148fab04fad7afc49d	EDNA15	2
b99cc0ddaf9022148fab04fad7afc49d	EDNA2	25
b99cc0ddaf9022148fab04fad7afc49d	EDNA25	30
b99cc0ddaf9022148fab04fad7afc49d	EDNA3	32
b99cc0ddaf9022148fab04fad7afc49d	EDNA17	5
b99cc0ddaf9022148fab04fad7afc49d	MB2	7
b99cc0ddaf9022148fab04fad7afc49d	EDNA27	53
b99cc0ddaf9022148fab04fad7afc49d	EDNA18	33
b99cc0ddaf9022148fab04fad7afc49d	MB4	2
b99cc0ddaf9022148fab04fad7afc49d	EDNA9	37
9cba6999eab0e3b6b947bd0861e16321	MB8	40
9cba6999eab0e3b6b947bd0861e16321	EDNA97	209
9cba6999eab0e3b6b947bd0861e16321	MB16	30
9cba6999eab0e3b6b947bd0861e16321	EDNA59	57
ec9df5158bc61b0be543e1e5092f13b8	EDNA96	14
ec9df5158bc61b0be543e1e5092f13b8	EDNA97	98
ec9df5158bc61b0be543e1e5092f13b8	EDNA98	138
ec9df5158bc61b0be543e1e5092f13b8	EDNA99	80
ec9df5158bc61b0be543e1e5092f13b8	EDNA95	5
16c3ba8e2ec2de1ae453775c08c86ab9	EDNA87	4
16c3ba8e2ec2de1ae453775c08c86ab9	EDNA69	3
16c3ba8e2ec2de1ae453775c08c86ab9	MB20	1
16c3ba8e2ec2de1ae453775c08c86ab9	EDNA79	24
16c3ba8e2ec2de1ae453775c08c86ab9	MB21	2
16c3ba8e2ec2de1ae453775c08c86ab9	EDNA40	5
16c3ba8e2ec2de1ae453775c08c86ab9	EDNA70	2
16c3ba8e2ec2de1ae453775c08c86ab9	EDNA43	16
16c3ba8e2ec2de1ae453775c08c86ab9	EDNA80	49
16c3ba8e2ec2de1ae453775c08c86ab9	EDNA71	9
16c3ba8e2ec2de1ae453775c08c86ab9	EDNA44	13
16c3ba8e2ec2de1ae453775c08c86ab9	EDNA81	70
16c3ba8e2ec2de1ae453775c08c86ab9	EDNA91	3
16c3ba8e2ec2de1ae453775c08c86ab9	EDNA82	19
16c3ba8e2ec2de1ae453775c08c86ab9	EDNA83	47
16c3ba8e2ec2de1ae453775c08c86ab9	EDNA47	3
16c3ba8e2ec2de1ae453775c08c86ab9	EDNA93	3
16c3ba8e2ec2de1ae453775c08c86ab9	EDNA84	39
16c3ba8e2ec2de1ae453775c08c86ab9	EDNA75	7
16c3ba8e2ec2de1ae453775c08c86ab9	EDNA94	4
16c3ba8e2ec2de1ae453775c08c86ab9	EDNA85	6
16c3ba8e2ec2de1ae453775c08c86ab9	EDNA86	2
0d6bba9811c19d0c1619f15060a0443c	EDNA96	20
0d6bba9811c19d0c1619f15060a0443c	EDNA87	4
0d6bba9811c19d0c1619f15060a0443c	EDNA97	3
0d6bba9811c19d0c1619f15060a0443c	EDNA98	3
0d6bba9811c19d0c1619f15060a0443c	EDNA40	33
0d6bba9811c19d0c1619f15060a0443c	EDNA22	2
0d6bba9811c19d0c1619f15060a0443c	EDNA99	1
0d6bba9811c19d0c1619f15060a0443c	EDNA41	24
0d6bba9811c19d0c1619f15060a0443c	EDNA23	3
0d6bba9811c19d0c1619f15060a0443c	EDNA42	15
0d6bba9811c19d0c1619f15060a0443c	EDNA24	8
0d6bba9811c19d0c1619f15060a0443c	EDNA61	2
0d6bba9811c19d0c1619f15060a0443c	EDNA52	3
0d6bba9811c19d0c1619f15060a0443c	EDNA43	19
0d6bba9811c19d0c1619f15060a0443c	EDNA34	9
0d6bba9811c19d0c1619f15060a0443c	EDNA25	3
0d6bba9811c19d0c1619f15060a0443c	EDNA62	1
0d6bba9811c19d0c1619f15060a0443c	EDNA44	2
0d6bba9811c19d0c1619f15060a0443c	EDNA35	24
0d6bba9811c19d0c1619f15060a0443c	EDNA26	3
0d6bba9811c19d0c1619f15060a0443c	EDNA45	5
0d6bba9811c19d0c1619f15060a0443c	EDNA36	2
0d6bba9811c19d0c1619f15060a0443c	EDNA27	5
0d6bba9811c19d0c1619f15060a0443c	EDNA91	22
0d6bba9811c19d0c1619f15060a0443c	EDNA55	6
0d6bba9811c19d0c1619f15060a0443c	EDNA46	35
0d6bba9811c19d0c1619f15060a0443c	EDNA92	11
0d6bba9811c19d0c1619f15060a0443c	EDNA74	2
0d6bba9811c19d0c1619f15060a0443c	EDNA56	5
0d6bba9811c19d0c1619f15060a0443c	EDNA47	3
0d6bba9811c19d0c1619f15060a0443c	EDNA93	17
0d6bba9811c19d0c1619f15060a0443c	EDNA57	5
0d6bba9811c19d0c1619f15060a0443c	EDNA48	11
0d6bba9811c19d0c1619f15060a0443c	EDNA94	8
0d6bba9811c19d0c1619f15060a0443c	EDNA85	4
0d6bba9811c19d0c1619f15060a0443c	EDNA95	5
0d6bba9811c19d0c1619f15060a0443c	EDNA86	2
d358e258fba7457af9402616ae77e317	EDNA87	6
d358e258fba7457af9402616ae77e317	EDNA11	13
d358e258fba7457af9402616ae77e317	MB11	3
d358e258fba7457af9402616ae77e317	EDNA40	25
d358e258fba7457af9402616ae77e317	EDNA31	72
d358e258fba7457af9402616ae77e317	EDNA32	12
d358e258fba7457af9402616ae77e317	EDNA23	12
d358e258fba7457af9402616ae77e317	EDNA33	9
d358e258fba7457af9402616ae77e317	EDNA24	5
d358e258fba7457af9402616ae77e317	EDNA1	20
d358e258fba7457af9402616ae77e317	EDNA52	4
d358e258fba7457af9402616ae77e317	EDNA34	12
d358e258fba7457af9402616ae77e317	EDNA16	4
d358e258fba7457af9402616ae77e317	EDNA3	27
d358e258fba7457af9402616ae77e317	EDNA17	6
d358e258fba7457af9402616ae77e317	MB2	5
d358e258fba7457af9402616ae77e317	EDNA63	2
d358e258fba7457af9402616ae77e317	EDNA18	4
d358e258fba7457af9402616ae77e317	EDNA92	6
d358e258fba7457af9402616ae77e317	EDNA47	12
d358e258fba7457af9402616ae77e317	EDNA93	1
d358e258fba7457af9402616ae77e317	EDNA7	18
d358e258fba7457af9402616ae77e317	EDNA48	3
d358e258fba7457af9402616ae77e317	MB6	2
d358e258fba7457af9402616ae77e317	EDNA8	7
d358e258fba7457af9402616ae77e317	EDNA9	25
d358e258fba7457af9402616ae77e317	EDNA10	12
386cc368e09f26458314fe5a07ba8415	EDNA87	1
386cc368e09f26458314fe5a07ba8415	EDNA69	12
386cc368e09f26458314fe5a07ba8415	MB21	4
386cc368e09f26458314fe5a07ba8415	EDNA71	4
386cc368e09f26458314fe5a07ba8415	MB17	85
386cc368e09f26458314fe5a07ba8415	MB18	32
386cc368e09f26458314fe5a07ba8415	EDNA73	93
386cc368e09f26458314fe5a07ba8415	MB19	44
386cc368e09f26458314fe5a07ba8415	EDNA67	8
386cc368e09f26458314fe5a07ba8415	EDNA68	44
7af995c5690fd79127ca725776fc7dc1	MB10	5
7af995c5690fd79127ca725776fc7dc1	MB20	30
7af995c5690fd79127ca725776fc7dc1	EDNA79	13
7af995c5690fd79127ca725776fc7dc1	MB21	8
7af995c5690fd79127ca725776fc7dc1	MB12	44
7af995c5690fd79127ca725776fc7dc1	MB22	7
7af995c5690fd79127ca725776fc7dc1	MB13	18
7af995c5690fd79127ca725776fc7dc1	EDNA41	52
7af995c5690fd79127ca725776fc7dc1	MB23	12
7af995c5690fd79127ca725776fc7dc1	MB14	4
7af995c5690fd79127ca725776fc7dc1	MB24	4
7af995c5690fd79127ca725776fc7dc1	MB15	32
7af995c5690fd79127ca725776fc7dc1	EDNA16	16
7af995c5690fd79127ca725776fc7dc1	MB1	31
7af995c5690fd79127ca725776fc7dc1	EDNA91	24
7af995c5690fd79127ca725776fc7dc1	MB4	18
7af995c5690fd79127ca725776fc7dc1	EDNA95	8
49e9517dd1be4836d59108afd9c38e74	EDNA96	36
49e9517dd1be4836d59108afd9c38e74	EDNA87	6
49e9517dd1be4836d59108afd9c38e74	EDNA97	22
49e9517dd1be4836d59108afd9c38e74	EDNA79	9
49e9517dd1be4836d59108afd9c38e74	EDNA98	10
49e9517dd1be4836d59108afd9c38e74	EDNA99	8
49e9517dd1be4836d59108afd9c38e74	EDNA80	5
49e9517dd1be4836d59108afd9c38e74	EDNA81	35
49e9517dd1be4836d59108afd9c38e74	EDNA63	2
49e9517dd1be4836d59108afd9c38e74	EDNA91	18
49e9517dd1be4836d59108afd9c38e74	EDNA73	1
49e9517dd1be4836d59108afd9c38e74	EDNA92	19
49e9517dd1be4836d59108afd9c38e74	EDNA74	11
49e9517dd1be4836d59108afd9c38e74	EDNA56	3
49e9517dd1be4836d59108afd9c38e74	EDNA93	15
49e9517dd1be4836d59108afd9c38e74	EDNA75	7
49e9517dd1be4836d59108afd9c38e74	EDNA94	24
49e9517dd1be4836d59108afd9c38e74	EDNA85	18
49e9517dd1be4836d59108afd9c38e74	EDNA58	2
49e9517dd1be4836d59108afd9c38e74	EDNA95	31
49e9517dd1be4836d59108afd9c38e74	EDNA86	42
8d7ceb74d843769a0cbf71e07ecb0b3d	EDNA80	5
8d7ceb74d843769a0cbf71e07ecb0b3d	MB18	1
8d7ceb74d843769a0cbf71e07ecb0b3d	EDNA74	316
36df4268993dd39b18df616dad3d74e5	EDNA46	12
36df4268993dd39b18df616dad3d74e5	EDNA47	1
36df4268993dd39b18df616dad3d74e5	EDNA2	5
36df4268993dd39b18df616dad3d74e5	EDNA60	2
36df4268993dd39b18df616dad3d74e5	EDNA48	4
36df4268993dd39b18df616dad3d74e5	EDNA86	21
36df4268993dd39b18df616dad3d74e5	EDNA87	4
36df4268993dd39b18df616dad3d74e5	MB10	14
36df4268993dd39b18df616dad3d74e5	MB11	6
36df4268993dd39b18df616dad3d74e5	MB12	15
36df4268993dd39b18df616dad3d74e5	MB13	11
36df4268993dd39b18df616dad3d74e5	MB14	17
36df4268993dd39b18df616dad3d74e5	MB15	42
36df4268993dd39b18df616dad3d74e5	MB16	9
36df4268993dd39b18df616dad3d74e5	MB1	12
36df4268993dd39b18df616dad3d74e5	MB4	16
36df4268993dd39b18df616dad3d74e5	MB6	16
36df4268993dd39b18df616dad3d74e5	MB8	5
36df4268993dd39b18df616dad3d74e5	MB9	12
36df4268993dd39b18df616dad3d74e5	EDNA10	2
36df4268993dd39b18df616dad3d74e5	EDNA11	1
36df4268993dd39b18df616dad3d74e5	EDNA13	2
36df4268993dd39b18df616dad3d74e5	EDNA14	2
36df4268993dd39b18df616dad3d74e5	EDNA15	2
36df4268993dd39b18df616dad3d74e5	EDNA35	2
36df4268993dd39b18df616dad3d74e5	EDNA36	1
36df4268993dd39b18df616dad3d74e5	EDNA56	1
36df4268993dd39b18df616dad3d74e5	EDNA58	1
36df4268993dd39b18df616dad3d74e5	EDNA59	2
36df4268993dd39b18df616dad3d74e5	EDNA91	3
36df4268993dd39b18df616dad3d74e5	EDNA79	2
36df4268993dd39b18df616dad3d74e5	MB20	10
36df4268993dd39b18df616dad3d74e5	MB21	7
36df4268993dd39b18df616dad3d74e5	MB22	13
36df4268993dd39b18df616dad3d74e5	MB24	13
36df4268993dd39b18df616dad3d74e5	MB25	8
36df4268993dd39b18df616dad3d74e5	EDNA25	3
36df4268993dd39b18df616dad3d74e5	EDNA40	1
36df4268993dd39b18df616dad3d74e5	EDNA41	11
36df4268993dd39b18df616dad3d74e5	EDNA42	3
36df4268993dd39b18df616dad3d74e5	EDNA43	1
36df4268993dd39b18df616dad3d74e5	EDNA45	5
37807ec4b01df7795e901f3c8f28fbac	EDNA11	5
37807ec4b01df7795e901f3c8f28fbac	EDNA22	47
37807ec4b01df7795e901f3c8f28fbac	EDNA23	108
37807ec4b01df7795e901f3c8f28fbac	EDNA24	103
37807ec4b01df7795e901f3c8f28fbac	EDNA16	4
37807ec4b01df7795e901f3c8f28fbac	EDNA80	16
37807ec4b01df7795e901f3c8f28fbac	EDNA35	9
37807ec4b01df7795e901f3c8f28fbac	EDNA26	22
37807ec4b01df7795e901f3c8f28fbac	EDNA55	4
14e41688d5f2e61c839fa4fa38c59ae5	MB10	42
14e41688d5f2e61c839fa4fa38c59ae5	MB20	9
14e41688d5f2e61c839fa4fa38c59ae5	EDNA41	5
14e41688d5f2e61c839fa4fa38c59ae5	EDNA42	57
14e41688d5f2e61c839fa4fa38c59ae5	EDNA33	50
14e41688d5f2e61c839fa4fa38c59ae5	EDNA15	40
14e41688d5f2e61c839fa4fa38c59ae5	EDNA3	76
14e41688d5f2e61c839fa4fa38c59ae5	EDNA82	2
14e41688d5f2e61c839fa4fa38c59ae5	EDNA9	34
a142ca5441071ba01d05adc2f4435671	EDNA11	1
a142ca5441071ba01d05adc2f4435671	MB11	2
a142ca5441071ba01d05adc2f4435671	EDNA12	18
a142ca5441071ba01d05adc2f4435671	EDNA31	64
a142ca5441071ba01d05adc2f4435671	EDNA13	19
a142ca5441071ba01d05adc2f4435671	MB13	1
a142ca5441071ba01d05adc2f4435671	EDNA32	50
a142ca5441071ba01d05adc2f4435671	EDNA14	29
a142ca5441071ba01d05adc2f4435671	EDNA33	31
a142ca5441071ba01d05adc2f4435671	EDNA15	18
a142ca5441071ba01d05adc2f4435671	EDNA16	4
a142ca5441071ba01d05adc2f4435671	EDNA27	14
a142ca5441071ba01d05adc2f4435671	EDNA18	3
a142ca5441071ba01d05adc2f4435671	MB4	9
a142ca5441071ba01d05adc2f4435671	EDNA7	21
a142ca5441071ba01d05adc2f4435671	MB6	5
a142ca5441071ba01d05adc2f4435671	EDNA8	10
a142ca5441071ba01d05adc2f4435671	EDNA9	13
a142ca5441071ba01d05adc2f4435671	EDNA10	2
da39b027dc0ce102215caf2b4c528fee	EDNA46	15
da39b027dc0ce102215caf2b4c528fee	EDNA1	4
da39b027dc0ce102215caf2b4c528fee	EDNA47	1
da39b027dc0ce102215caf2b4c528fee	EDNA2	7
da39b027dc0ce102215caf2b4c528fee	EDNA3	21
da39b027dc0ce102215caf2b4c528fee	EDNA61	2
da39b027dc0ce102215caf2b4c528fee	EDNA62	3
da39b027dc0ce102215caf2b4c528fee	EDNA7	2
da39b027dc0ce102215caf2b4c528fee	EDNA8	6
da39b027dc0ce102215caf2b4c528fee	EDNA9	7
da39b027dc0ce102215caf2b4c528fee	EDNA86	2
da39b027dc0ce102215caf2b4c528fee	EDNA10	3
da39b027dc0ce102215caf2b4c528fee	EDNA11	4
da39b027dc0ce102215caf2b4c528fee	EDNA12	12
da39b027dc0ce102215caf2b4c528fee	EDNA13	6
da39b027dc0ce102215caf2b4c528fee	EDNA15	1
da39b027dc0ce102215caf2b4c528fee	EDNA18	3
da39b027dc0ce102215caf2b4c528fee	EDNA31	7
da39b027dc0ce102215caf2b4c528fee	EDNA32	28
da39b027dc0ce102215caf2b4c528fee	EDNA34	3
da39b027dc0ce102215caf2b4c528fee	EDNA35	9
da39b027dc0ce102215caf2b4c528fee	EDNA36	8
da39b027dc0ce102215caf2b4c528fee	EDNA52	1
da39b027dc0ce102215caf2b4c528fee	EDNA53	3
da39b027dc0ce102215caf2b4c528fee	EDNA54	3
da39b027dc0ce102215caf2b4c528fee	EDNA55	3
da39b027dc0ce102215caf2b4c528fee	EDNA56	1
da39b027dc0ce102215caf2b4c528fee	EDNA57	4
da39b027dc0ce102215caf2b4c528fee	EDNA58	6
da39b027dc0ce102215caf2b4c528fee	EDNA59	2
da39b027dc0ce102215caf2b4c528fee	EDNA93	11
da39b027dc0ce102215caf2b4c528fee	EDNA94	1
da39b027dc0ce102215caf2b4c528fee	EDNA95	10
da39b027dc0ce102215caf2b4c528fee	EDNA96	5
da39b027dc0ce102215caf2b4c528fee	EDNA97	3
da39b027dc0ce102215caf2b4c528fee	EDNA99	1
da39b027dc0ce102215caf2b4c528fee	EDNA22	10
da39b027dc0ce102215caf2b4c528fee	EDNA23	18
da39b027dc0ce102215caf2b4c528fee	EDNA24	6
da39b027dc0ce102215caf2b4c528fee	EDNA25	9
da39b027dc0ce102215caf2b4c528fee	EDNA26	5
da39b027dc0ce102215caf2b4c528fee	EDNA27	33
da39b027dc0ce102215caf2b4c528fee	EDNA40	4
da39b027dc0ce102215caf2b4c528fee	EDNA42	2
da39b027dc0ce102215caf2b4c528fee	EDNA43	3
da39b027dc0ce102215caf2b4c528fee	EDNA45	13
fb30630076e0ff13298f8903b2cfe4b8	EDNA11	5
fb30630076e0ff13298f8903b2cfe4b8	EDNA98	4
fb30630076e0ff13298f8903b2cfe4b8	EDNA40	27
fb30630076e0ff13298f8903b2cfe4b8	EDNA31	3
fb30630076e0ff13298f8903b2cfe4b8	EDNA22	8
fb30630076e0ff13298f8903b2cfe4b8	EDNA13	10
fb30630076e0ff13298f8903b2cfe4b8	EDNA99	2
fb30630076e0ff13298f8903b2cfe4b8	EDNA41	27
fb30630076e0ff13298f8903b2cfe4b8	EDNA32	3
fb30630076e0ff13298f8903b2cfe4b8	EDNA23	36
fb30630076e0ff13298f8903b2cfe4b8	EDNA14	4
fb30630076e0ff13298f8903b2cfe4b8	EDNA42	23
fb30630076e0ff13298f8903b2cfe4b8	EDNA33	3
fb30630076e0ff13298f8903b2cfe4b8	EDNA24	16
fb30630076e0ff13298f8903b2cfe4b8	EDNA15	1
fb30630076e0ff13298f8903b2cfe4b8	EDNA43	6
fb30630076e0ff13298f8903b2cfe4b8	EDNA34	18
fb30630076e0ff13298f8903b2cfe4b8	EDNA25	5
fb30630076e0ff13298f8903b2cfe4b8	EDNA44	3
fb30630076e0ff13298f8903b2cfe4b8	EDNA3	5
fb30630076e0ff13298f8903b2cfe4b8	EDNA35	13
fb30630076e0ff13298f8903b2cfe4b8	EDNA26	18
fb30630076e0ff13298f8903b2cfe4b8	EDNA17	4
fb30630076e0ff13298f8903b2cfe4b8	EDNA54	4
fb30630076e0ff13298f8903b2cfe4b8	EDNA45	9
fb30630076e0ff13298f8903b2cfe4b8	EDNA36	4
fb30630076e0ff13298f8903b2cfe4b8	EDNA27	24
fb30630076e0ff13298f8903b2cfe4b8	EDNA46	7
fb30630076e0ff13298f8903b2cfe4b8	EDNA92	1
fb30630076e0ff13298f8903b2cfe4b8	EDNA47	11
fb30630076e0ff13298f8903b2cfe4b8	EDNA48	1
fb30630076e0ff13298f8903b2cfe4b8	EDNA8	3
fb30630076e0ff13298f8903b2cfe4b8	EDNA10	2
67765cdfec866378676bc2c905cc2ea9	EDNA69	45
67765cdfec866378676bc2c905cc2ea9	EDNA70	47
67765cdfec866378676bc2c905cc2ea9	EDNA71	25
67765cdfec866378676bc2c905cc2ea9	EDNA73	22
67765cdfec866378676bc2c905cc2ea9	EDNA74	51
67765cdfec866378676bc2c905cc2ea9	EDNA75	48
67765cdfec866378676bc2c905cc2ea9	EDNA67	29
67765cdfec866378676bc2c905cc2ea9	EDNA68	43
5465e26e61e5b0f547a6d98f71f1ddcc	EDNA96	7
5465e26e61e5b0f547a6d98f71f1ddcc	EDNA87	1
5465e26e61e5b0f547a6d98f71f1ddcc	EDNA69	11
5465e26e61e5b0f547a6d98f71f1ddcc	EDNA99	1
5465e26e61e5b0f547a6d98f71f1ddcc	EDNA60	1
5465e26e61e5b0f547a6d98f71f1ddcc	EDNA70	32
5465e26e61e5b0f547a6d98f71f1ddcc	EDNA61	4
5465e26e61e5b0f547a6d98f71f1ddcc	EDNA43	14
5465e26e61e5b0f547a6d98f71f1ddcc	EDNA34	3
5465e26e61e5b0f547a6d98f71f1ddcc	EDNA80	2
5465e26e61e5b0f547a6d98f71f1ddcc	EDNA71	9
5465e26e61e5b0f547a6d98f71f1ddcc	EDNA53	1
5465e26e61e5b0f547a6d98f71f1ddcc	EDNA44	5
5465e26e61e5b0f547a6d98f71f1ddcc	EDNA63	4
5465e26e61e5b0f547a6d98f71f1ddcc	EDNA45	13
5465e26e61e5b0f547a6d98f71f1ddcc	EDNA36	3
5465e26e61e5b0f547a6d98f71f1ddcc	EDNA73	64
5465e26e61e5b0f547a6d98f71f1ddcc	EDNA92	4
5465e26e61e5b0f547a6d98f71f1ddcc	EDNA74	51
5465e26e61e5b0f547a6d98f71f1ddcc	EDNA47	9
5465e26e61e5b0f547a6d98f71f1ddcc	EDNA93	3
5465e26e61e5b0f547a6d98f71f1ddcc	EDNA75	30
5465e26e61e5b0f547a6d98f71f1ddcc	EDNA57	2
5465e26e61e5b0f547a6d98f71f1ddcc	EDNA85	3
5465e26e61e5b0f547a6d98f71f1ddcc	EDNA67	14
5465e26e61e5b0f547a6d98f71f1ddcc	EDNA58	1
5465e26e61e5b0f547a6d98f71f1ddcc	EDNA68	14
5465e26e61e5b0f547a6d98f71f1ddcc	EDNA59	2
ccd385f9edc212006e899a1285730cfe	MB9	9
ccd385f9edc212006e899a1285730cfe	MB22	6
ccd385f9edc212006e899a1285730cfe	MB13	3
ccd385f9edc212006e899a1285730cfe	MB23	8
ccd385f9edc212006e899a1285730cfe	MB14	8
ccd385f9edc212006e899a1285730cfe	MB16	15
ccd385f9edc212006e899a1285730cfe	EDNA80	91
ccd385f9edc212006e899a1285730cfe	MB2	7
ccd385f9edc212006e899a1285730cfe	MB4	11
ccd385f9edc212006e899a1285730cfe	MB6	149
656d3c5b6b1a3709c2d8a0fbc5014001	EDNA11	3
656d3c5b6b1a3709c2d8a0fbc5014001	EDNA31	19
656d3c5b6b1a3709c2d8a0fbc5014001	EDNA32	7
656d3c5b6b1a3709c2d8a0fbc5014001	EDNA33	10
656d3c5b6b1a3709c2d8a0fbc5014001	EDNA1	93
656d3c5b6b1a3709c2d8a0fbc5014001	EDNA43	10
656d3c5b6b1a3709c2d8a0fbc5014001	EDNA2	65
656d3c5b6b1a3709c2d8a0fbc5014001	EDNA44	4
656d3c5b6b1a3709c2d8a0fbc5014001	EDNA3	59
656d3c5b6b1a3709c2d8a0fbc5014001	EDNA45	6
656d3c5b6b1a3709c2d8a0fbc5014001	EDNA84	21
656d3c5b6b1a3709c2d8a0fbc5014001	EDNA8	8
9d274d1372bc6f41ded536078ea71715	EDNA31	203
9d274d1372bc6f41ded536078ea71715	EDNA32	35
9d274d1372bc6f41ded536078ea71715	EDNA33	58
9d274d1372bc6f41ded536078ea71715	EDNA1	3
9d274d1372bc6f41ded536078ea71715	EDNA95	3
9d274d1372bc6f41ded536078ea71715	EDNA86	2
b27e8badf15ddb32920b8d61456e5f79	EDNA96	2
b27e8badf15ddb32920b8d61456e5f79	EDNA11	6
b27e8badf15ddb32920b8d61456e5f79	EDNA12	5
b27e8badf15ddb32920b8d61456e5f79	EDNA98	3
b27e8badf15ddb32920b8d61456e5f79	EDNA40	8
b27e8badf15ddb32920b8d61456e5f79	EDNA31	4
b27e8badf15ddb32920b8d61456e5f79	EDNA13	2
b27e8badf15ddb32920b8d61456e5f79	EDNA99	1
b27e8badf15ddb32920b8d61456e5f79	EDNA41	3
b27e8badf15ddb32920b8d61456e5f79	EDNA32	5
b27e8badf15ddb32920b8d61456e5f79	EDNA23	117
b27e8badf15ddb32920b8d61456e5f79	EDNA24	7
b27e8badf15ddb32920b8d61456e5f79	EDNA1	3
b27e8badf15ddb32920b8d61456e5f79	EDNA15	2
b27e8badf15ddb32920b8d61456e5f79	EDNA52	7
b27e8badf15ddb32920b8d61456e5f79	EDNA43	2
b27e8badf15ddb32920b8d61456e5f79	EDNA2	3
b27e8badf15ddb32920b8d61456e5f79	EDNA25	19
b27e8badf15ddb32920b8d61456e5f79	EDNA16	2
b27e8badf15ddb32920b8d61456e5f79	EDNA53	3
b27e8badf15ddb32920b8d61456e5f79	EDNA44	5
b27e8badf15ddb32920b8d61456e5f79	EDNA3	8
b27e8badf15ddb32920b8d61456e5f79	EDNA26	11
b27e8badf15ddb32920b8d61456e5f79	EDNA17	14
b27e8badf15ddb32920b8d61456e5f79	EDNA63	2
b27e8badf15ddb32920b8d61456e5f79	EDNA45	3
b27e8badf15ddb32920b8d61456e5f79	EDNA36	4
b27e8badf15ddb32920b8d61456e5f79	EDNA27	13
b27e8badf15ddb32920b8d61456e5f79	EDNA92	3
b27e8badf15ddb32920b8d61456e5f79	EDNA93	4
b27e8badf15ddb32920b8d61456e5f79	EDNA7	6
b27e8badf15ddb32920b8d61456e5f79	EDNA57	2
b27e8badf15ddb32920b8d61456e5f79	EDNA94	4
b27e8badf15ddb32920b8d61456e5f79	EDNA58	9
b27e8badf15ddb32920b8d61456e5f79	EDNA9	4
b27e8badf15ddb32920b8d61456e5f79	EDNA95	4
b27e8badf15ddb32920b8d61456e5f79	EDNA10	2
80e180d0f4e083cec7a33e2968a6cfba	EDNA69	10
80e180d0f4e083cec7a33e2968a6cfba	EDNA80	6
80e180d0f4e083cec7a33e2968a6cfba	EDNA71	32
80e180d0f4e083cec7a33e2968a6cfba	EDNA81	20
80e180d0f4e083cec7a33e2968a6cfba	EDNA45	7
80e180d0f4e083cec7a33e2968a6cfba	EDNA91	7
80e180d0f4e083cec7a33e2968a6cfba	EDNA73	20
80e180d0f4e083cec7a33e2968a6cfba	EDNA92	4
80e180d0f4e083cec7a33e2968a6cfba	EDNA83	7
80e180d0f4e083cec7a33e2968a6cfba	EDNA74	26
80e180d0f4e083cec7a33e2968a6cfba	EDNA84	3
80e180d0f4e083cec7a33e2968a6cfba	EDNA75	128
80e180d0f4e083cec7a33e2968a6cfba	EDNA85	3
80e180d0f4e083cec7a33e2968a6cfba	EDNA67	5
80e180d0f4e083cec7a33e2968a6cfba	EDNA95	1
80e180d0f4e083cec7a33e2968a6cfba	EDNA68	22
7fbb39855346e2caf5f75685675e5c7a	EDNA40	97
7fbb39855346e2caf5f75685675e5c7a	EDNA22	5
7fbb39855346e2caf5f75685675e5c7a	MB13	2
7fbb39855346e2caf5f75685675e5c7a	EDNA41	53
7fbb39855346e2caf5f75685675e5c7a	EDNA42	99
7fbb39855346e2caf5f75685675e5c7a	EDNA43	30
7fbb39855346e2caf5f75685675e5c7a	EDNA57	6
7fbb39855346e2caf5f75685675e5c7a	EDNA48	7
1457e813b1ec5ff725e450a43e486ab5	EDNA69	153
1457e813b1ec5ff725e450a43e486ab5	EDNA67	70
1457e813b1ec5ff725e450a43e486ab5	EDNA68	76
772ac238672d63cb18858bdb31180705	MB8	7
772ac238672d63cb18858bdb31180705	MB1	15
772ac238672d63cb18858bdb31180705	EDNA3	218
772ac238672d63cb18858bdb31180705	EDNA7	3
772ac238672d63cb18858bdb31180705	EDNA9	55
36d05365bf22fbb03360fa05387d10f9	MB8	38
36d05365bf22fbb03360fa05387d10f9	MB14	5
36d05365bf22fbb03360fa05387d10f9	MB7	255
dd32ff0a7408b8f80fcbdbc87e3f4580	MB14	3
dd32ff0a7408b8f80fcbdbc87e3f4580	EDNA15	6
dd32ff0a7408b8f80fcbdbc87e3f4580	MB16	4
dd32ff0a7408b8f80fcbdbc87e3f4580	MB19	52
dd32ff0a7408b8f80fcbdbc87e3f4580	EDNA47	232
5bb7ca4e3a877f675bd27f1b18b6c975	EDNA96	2
5bb7ca4e3a877f675bd27f1b18b6c975	MB11	6
5bb7ca4e3a877f675bd27f1b18b6c975	EDNA22	8
5bb7ca4e3a877f675bd27f1b18b6c975	EDNA13	2
5bb7ca4e3a877f675bd27f1b18b6c975	MB13	1
5bb7ca4e3a877f675bd27f1b18b6c975	EDNA23	18
5bb7ca4e3a877f675bd27f1b18b6c975	EDNA42	5
5bb7ca4e3a877f675bd27f1b18b6c975	EDNA24	18
5bb7ca4e3a877f675bd27f1b18b6c975	MB24	1
5bb7ca4e3a877f675bd27f1b18b6c975	MB15	1
5bb7ca4e3a877f675bd27f1b18b6c975	EDNA61	10
5bb7ca4e3a877f675bd27f1b18b6c975	EDNA43	3
5bb7ca4e3a877f675bd27f1b18b6c975	EDNA34	28
5bb7ca4e3a877f675bd27f1b18b6c975	EDNA16	10
5bb7ca4e3a877f675bd27f1b18b6c975	EDNA80	5
5bb7ca4e3a877f675bd27f1b18b6c975	EDNA62	4
5bb7ca4e3a877f675bd27f1b18b6c975	EDNA44	20
5bb7ca4e3a877f675bd27f1b18b6c975	EDNA17	4
5bb7ca4e3a877f675bd27f1b18b6c975	MB2	3
5bb7ca4e3a877f675bd27f1b18b6c975	EDNA63	7
5bb7ca4e3a877f675bd27f1b18b6c975	EDNA45	66
5bb7ca4e3a877f675bd27f1b18b6c975	EDNA36	16
5bb7ca4e3a877f675bd27f1b18b6c975	EDNA18	10
5bb7ca4e3a877f675bd27f1b18b6c975	EDNA46	5
5bb7ca4e3a877f675bd27f1b18b6c975	EDNA7	3
5bb7ca4e3a877f675bd27f1b18b6c975	EDNA57	5
5bb7ca4e3a877f675bd27f1b18b6c975	EDNA48	3
5bb7ca4e3a877f675bd27f1b18b6c975	EDNA94	9
5bb7ca4e3a877f675bd27f1b18b6c975	EDNA8	10
5bb7ca4e3a877f675bd27f1b18b6c975	EDNA95	6
5bb7ca4e3a877f675bd27f1b18b6c975	EDNA59	1
5bb7ca4e3a877f675bd27f1b18b6c975	EDNA10	3
3cf0b14927d2e669fbe313d7bc3fc335	EDNA87	2
3cf0b14927d2e669fbe313d7bc3fc335	EDNA69	13
3cf0b14927d2e669fbe313d7bc3fc335	EDNA70	34
3cf0b14927d2e669fbe313d7bc3fc335	EDNA17	2
3cf0b14927d2e669fbe313d7bc3fc335	EDNA73	118
3cf0b14927d2e669fbe313d7bc3fc335	MB4	1
3cf0b14927d2e669fbe313d7bc3fc335	EDNA74	72
3cf0b14927d2e669fbe313d7bc3fc335	EDNA75	26
3cf0b14927d2e669fbe313d7bc3fc335	EDNA67	25
9128d7be90a34bb840d5df63c4b3f790	MB14	3
9128d7be90a34bb840d5df63c4b3f790	EDNA15	9
9128d7be90a34bb840d5df63c4b3f790	MB16	2
9128d7be90a34bb840d5df63c4b3f790	MB19	44
9128d7be90a34bb840d5df63c4b3f790	EDNA47	233
5b498244ae3d1b13b36c1fd7b1b71e32	EDNA11	3
5b498244ae3d1b13b36c1fd7b1b71e32	EDNA12	24
5b498244ae3d1b13b36c1fd7b1b71e32	EDNA40	1
5b498244ae3d1b13b36c1fd7b1b71e32	EDNA31	44
5b498244ae3d1b13b36c1fd7b1b71e32	EDNA13	3
5b498244ae3d1b13b36c1fd7b1b71e32	MB13	2
5b498244ae3d1b13b36c1fd7b1b71e32	EDNA41	2
5b498244ae3d1b13b36c1fd7b1b71e32	EDNA32	26
5b498244ae3d1b13b36c1fd7b1b71e32	EDNA14	8
5b498244ae3d1b13b36c1fd7b1b71e32	EDNA33	37
5b498244ae3d1b13b36c1fd7b1b71e32	EDNA34	6
5b498244ae3d1b13b36c1fd7b1b71e32	EDNA16	7
5b498244ae3d1b13b36c1fd7b1b71e32	EDNA80	1
5b498244ae3d1b13b36c1fd7b1b71e32	EDNA3	15
5b498244ae3d1b13b36c1fd7b1b71e32	MB2	7
5b498244ae3d1b13b36c1fd7b1b71e32	EDNA27	5
5b498244ae3d1b13b36c1fd7b1b71e32	EDNA18	14
5b498244ae3d1b13b36c1fd7b1b71e32	EDNA91	2
5b498244ae3d1b13b36c1fd7b1b71e32	EDNA46	2
5b498244ae3d1b13b36c1fd7b1b71e32	MB4	3
5b498244ae3d1b13b36c1fd7b1b71e32	EDNA92	6
5b498244ae3d1b13b36c1fd7b1b71e32	EDNA7	29
5b498244ae3d1b13b36c1fd7b1b71e32	MB6	4
5b498244ae3d1b13b36c1fd7b1b71e32	EDNA8	17
5b498244ae3d1b13b36c1fd7b1b71e32	EDNA9	14
5b498244ae3d1b13b36c1fd7b1b71e32	EDNA10	7
a31b9d883bcbb091cbdb1e55b7db4c41	EDNA69	72
a31b9d883bcbb091cbdb1e55b7db4c41	EDNA67	128
a31b9d883bcbb091cbdb1e55b7db4c41	EDNA68	89
a96333127d104bd5aec2fe4ec70d76e3	EDNA69	112
a96333127d104bd5aec2fe4ec70d76e3	MB17	29
a96333127d104bd5aec2fe4ec70d76e3	EDNA67	17
a96333127d104bd5aec2fe4ec70d76e3	EDNA68	131
62c6199404a5c48c41d85584024f1c83	EDNA11	5
62c6199404a5c48c41d85584024f1c83	EDNA12	12
62c6199404a5c48c41d85584024f1c83	EDNA99	2
62c6199404a5c48c41d85584024f1c83	EDNA24	33
62c6199404a5c48c41d85584024f1c83	EDNA2	15
62c6199404a5c48c41d85584024f1c83	EDNA25	97
62c6199404a5c48c41d85584024f1c83	EDNA3	71
62c6199404a5c48c41d85584024f1c83	EDNA17	5
62c6199404a5c48c41d85584024f1c83	EDNA9	45
a1359cc23e517985acda8b0c8dfae855	MB8	17
a1359cc23e517985acda8b0c8dfae855	EDNA11	3
a1359cc23e517985acda8b0c8dfae855	MB1	102
a1359cc23e517985acda8b0c8dfae855	EDNA26	103
a1359cc23e517985acda8b0c8dfae855	MB4	7
a1359cc23e517985acda8b0c8dfae855	MB5	53
bb819a1fb7a0c11def6f83cc50f0a227	EDNA1	11
bb819a1fb7a0c11def6f83cc50f0a227	EDNA2	7
bb819a1fb7a0c11def6f83cc50f0a227	EDNA3	26
bb819a1fb7a0c11def6f83cc50f0a227	EDNA61	4
bb819a1fb7a0c11def6f83cc50f0a227	EDNA63	3
bb819a1fb7a0c11def6f83cc50f0a227	EDNA85	1
bb819a1fb7a0c11def6f83cc50f0a227	EDNA10	4
bb819a1fb7a0c11def6f83cc50f0a227	EDNA11	3
bb819a1fb7a0c11def6f83cc50f0a227	EDNA13	3
bb819a1fb7a0c11def6f83cc50f0a227	EDNA14	3
bb819a1fb7a0c11def6f83cc50f0a227	EDNA16	4
bb819a1fb7a0c11def6f83cc50f0a227	EDNA17	2
bb819a1fb7a0c11def6f83cc50f0a227	EDNA18	3
bb819a1fb7a0c11def6f83cc50f0a227	EDNA31	35
bb819a1fb7a0c11def6f83cc50f0a227	EDNA32	20
bb819a1fb7a0c11def6f83cc50f0a227	EDNA33	14
bb819a1fb7a0c11def6f83cc50f0a227	EDNA34	15
bb819a1fb7a0c11def6f83cc50f0a227	EDNA36	4
bb819a1fb7a0c11def6f83cc50f0a227	EDNA52	3
bb819a1fb7a0c11def6f83cc50f0a227	EDNA53	7
bb819a1fb7a0c11def6f83cc50f0a227	EDNA54	5
bb819a1fb7a0c11def6f83cc50f0a227	EDNA55	10
bb819a1fb7a0c11def6f83cc50f0a227	EDNA56	5
bb819a1fb7a0c11def6f83cc50f0a227	EDNA57	8
bb819a1fb7a0c11def6f83cc50f0a227	EDNA59	1
bb819a1fb7a0c11def6f83cc50f0a227	EDNA93	1
bb819a1fb7a0c11def6f83cc50f0a227	EDNA94	4
bb819a1fb7a0c11def6f83cc50f0a227	EDNA95	12
bb819a1fb7a0c11def6f83cc50f0a227	EDNA96	6
bb819a1fb7a0c11def6f83cc50f0a227	EDNA97	1
bb819a1fb7a0c11def6f83cc50f0a227	EDNA98	1
bb819a1fb7a0c11def6f83cc50f0a227	EDNA99	1
bb819a1fb7a0c11def6f83cc50f0a227	EDNA22	1
bb819a1fb7a0c11def6f83cc50f0a227	EDNA23	9
bb819a1fb7a0c11def6f83cc50f0a227	EDNA24	11
bb819a1fb7a0c11def6f83cc50f0a227	EDNA25	3
bb819a1fb7a0c11def6f83cc50f0a227	EDNA26	4
bb819a1fb7a0c11def6f83cc50f0a227	EDNA27	17
bb819a1fb7a0c11def6f83cc50f0a227	EDNA41	3
bb819a1fb7a0c11def6f83cc50f0a227	EDNA43	4
bb819a1fb7a0c11def6f83cc50f0a227	EDNA45	2
d6a289692822c508441787ed52778877	EDNA69	4
d6a289692822c508441787ed52778877	EDNA41	1
d6a289692822c508441787ed52778877	EDNA42	2
d6a289692822c508441787ed52778877	EDNA70	14
d6a289692822c508441787ed52778877	EDNA43	23
d6a289692822c508441787ed52778877	EDNA80	1
d6a289692822c508441787ed52778877	EDNA71	52
d6a289692822c508441787ed52778877	EDNA62	2
d6a289692822c508441787ed52778877	EDNA44	7
d6a289692822c508441787ed52778877	EDNA81	20
d6a289692822c508441787ed52778877	EDNA73	21
d6a289692822c508441787ed52778877	EDNA74	10
d6a289692822c508441787ed52778877	EDNA47	8
d6a289692822c508441787ed52778877	EDNA75	45
d6a289692822c508441787ed52778877	EDNA67	14
d6a289692822c508441787ed52778877	EDNA68	57
81fc03ee963b8b23069b99b83b219e35	MB23	23
81fc03ee963b8b23069b99b83b219e35	EDNA80	99
81fc03ee963b8b23069b99b83b219e35	MB6	157
edb61ccbb0a45b20d209027c4212895b	MB11	4
edb61ccbb0a45b20d209027c4212895b	EDNA79	3
edb61ccbb0a45b20d209027c4212895b	EDNA12	1
edb61ccbb0a45b20d209027c4212895b	EDNA13	2
edb61ccbb0a45b20d209027c4212895b	MB13	10
edb61ccbb0a45b20d209027c4212895b	EDNA99	2
edb61ccbb0a45b20d209027c4212895b	EDNA14	1
edb61ccbb0a45b20d209027c4212895b	EDNA15	4
edb61ccbb0a45b20d209027c4212895b	EDNA43	92
edb61ccbb0a45b20d209027c4212895b	EDNA71	48
edb61ccbb0a45b20d209027c4212895b	EDNA44	49
edb61ccbb0a45b20d209027c4212895b	EDNA17	4
edb61ccbb0a45b20d209027c4212895b	EDNA81	2
edb61ccbb0a45b20d209027c4212895b	EDNA45	38
edb61ccbb0a45b20d209027c4212895b	EDNA73	14
edb61ccbb0a45b20d209027c4212895b	MB4	1
edb61ccbb0a45b20d209027c4212895b	MB19	3
c85285232a34db5b263784d29964647c	EDNA69	13
c85285232a34db5b263784d29964647c	EDNA79	1
c85285232a34db5b263784d29964647c	EDNA70	33
c85285232a34db5b263784d29964647c	EDNA80	31
c85285232a34db5b263784d29964647c	EDNA71	30
c85285232a34db5b263784d29964647c	EDNA44	1
c85285232a34db5b263784d29964647c	EDNA81	14
c85285232a34db5b263784d29964647c	EDNA45	1
c85285232a34db5b263784d29964647c	EDNA91	1
c85285232a34db5b263784d29964647c	EDNA82	27
c85285232a34db5b263784d29964647c	EDNA73	5
c85285232a34db5b263784d29964647c	EDNA83	16
c85285232a34db5b263784d29964647c	EDNA74	25
c85285232a34db5b263784d29964647c	EDNA84	16
c85285232a34db5b263784d29964647c	EDNA75	2
c85285232a34db5b263784d29964647c	EDNA85	11
c85285232a34db5b263784d29964647c	EDNA67	19
c85285232a34db5b263784d29964647c	EDNA86	4
c85285232a34db5b263784d29964647c	EDNA68	28
0a9692a393ae05540e04f6a801bc03f1	EDNA11	14
0a9692a393ae05540e04f6a801bc03f1	EDNA97	7
0a9692a393ae05540e04f6a801bc03f1	EDNA12	8
0a9692a393ae05540e04f6a801bc03f1	EDNA22	3
0a9692a393ae05540e04f6a801bc03f1	EDNA99	5
0a9692a393ae05540e04f6a801bc03f1	EDNA32	2
0a9692a393ae05540e04f6a801bc03f1	EDNA23	10
0a9692a393ae05540e04f6a801bc03f1	EDNA14	10
0a9692a393ae05540e04f6a801bc03f1	EDNA24	3
0a9692a393ae05540e04f6a801bc03f1	EDNA1	16
0a9692a393ae05540e04f6a801bc03f1	EDNA15	16
0a9692a393ae05540e04f6a801bc03f1	EDNA61	2
0a9692a393ae05540e04f6a801bc03f1	EDNA34	1
0a9692a393ae05540e04f6a801bc03f1	EDNA2	2
0a9692a393ae05540e04f6a801bc03f1	EDNA25	13
0a9692a393ae05540e04f6a801bc03f1	EDNA16	14
0a9692a393ae05540e04f6a801bc03f1	EDNA62	6
0a9692a393ae05540e04f6a801bc03f1	EDNA53	1
0a9692a393ae05540e04f6a801bc03f1	EDNA3	25
0a9692a393ae05540e04f6a801bc03f1	EDNA35	11
0a9692a393ae05540e04f6a801bc03f1	EDNA26	15
0a9692a393ae05540e04f6a801bc03f1	EDNA17	24
0a9692a393ae05540e04f6a801bc03f1	EDNA27	8
0a9692a393ae05540e04f6a801bc03f1	EDNA18	12
0a9692a393ae05540e04f6a801bc03f1	EDNA55	5
0a9692a393ae05540e04f6a801bc03f1	EDNA46	2
0a9692a393ae05540e04f6a801bc03f1	EDNA56	2
0a9692a393ae05540e04f6a801bc03f1	EDNA7	10
0a9692a393ae05540e04f6a801bc03f1	EDNA57	4
0a9692a393ae05540e04f6a801bc03f1	EDNA48	2
0a9692a393ae05540e04f6a801bc03f1	EDNA94	2
0a9692a393ae05540e04f6a801bc03f1	EDNA8	9
0a9692a393ae05540e04f6a801bc03f1	EDNA58	3
0a9692a393ae05540e04f6a801bc03f1	EDNA9	3
0a9692a393ae05540e04f6a801bc03f1	EDNA10	5
953636210eec1bf25175e7db80e21124	MB21	59
953636210eec1bf25175e7db80e21124	MB12	111
953636210eec1bf25175e7db80e21124	MB13	45
953636210eec1bf25175e7db80e21124	EDNA42	60
d1dc9da07d123246161df46b4e176f5a	EDNA79	13
d1dc9da07d123246161df46b4e176f5a	MB13	5
d1dc9da07d123246161df46b4e176f5a	EDNA70	114
d1dc9da07d123246161df46b4e176f5a	EDNA71	50
d1dc9da07d123246161df46b4e176f5a	EDNA44	70
d1dc9da07d123246161df46b4e176f5a	EDNA35	21
83d4829a548fb61063c772b174e05efd	EDNA96	15
83d4829a548fb61063c772b174e05efd	MB11	10
83d4829a548fb61063c772b174e05efd	EDNA97	3
83d4829a548fb61063c772b174e05efd	EDNA79	1
83d4829a548fb61063c772b174e05efd	EDNA12	2
83d4829a548fb61063c772b174e05efd	EDNA98	11
83d4829a548fb61063c772b174e05efd	EDNA31	4
83d4829a548fb61063c772b174e05efd	EDNA13	2
83d4829a548fb61063c772b174e05efd	MB13	3
83d4829a548fb61063c772b174e05efd	EDNA32	10
83d4829a548fb61063c772b174e05efd	EDNA23	33
83d4829a548fb61063c772b174e05efd	EDNA14	1
83d4829a548fb61063c772b174e05efd	MB23	6
83d4829a548fb61063c772b174e05efd	EDNA33	9
83d4829a548fb61063c772b174e05efd	EDNA24	13
83d4829a548fb61063c772b174e05efd	EDNA15	2
83d4829a548fb61063c772b174e05efd	EDNA34	33
83d4829a548fb61063c772b174e05efd	EDNA25	41
83d4829a548fb61063c772b174e05efd	EDNA16	2
83d4829a548fb61063c772b174e05efd	EDNA71	5
83d4829a548fb61063c772b174e05efd	EDNA62	4
83d4829a548fb61063c772b174e05efd	EDNA3	16
83d4829a548fb61063c772b174e05efd	EDNA35	9
83d4829a548fb61063c772b174e05efd	EDNA63	1
83d4829a548fb61063c772b174e05efd	EDNA45	15
83d4829a548fb61063c772b174e05efd	EDNA92	3
83d4829a548fb61063c772b174e05efd	MB6	2
83d4829a548fb61063c772b174e05efd	EDNA8	4
83d4829a548fb61063c772b174e05efd	EDNA95	6
83d4829a548fb61063c772b174e05efd	EDNA10	6
20e7835389e0d50e3d9661c9e4f3d4da	EDNA96	8
20e7835389e0d50e3d9661c9e4f3d4da	EDNA87	3
20e7835389e0d50e3d9661c9e4f3d4da	EDNA31	11
20e7835389e0d50e3d9661c9e4f3d4da	MB13	4
20e7835389e0d50e3d9661c9e4f3d4da	EDNA60	4
20e7835389e0d50e3d9661c9e4f3d4da	EDNA33	10
20e7835389e0d50e3d9661c9e4f3d4da	EDNA61	7
20e7835389e0d50e3d9661c9e4f3d4da	EDNA43	75
20e7835389e0d50e3d9661c9e4f3d4da	EDNA16	2
20e7835389e0d50e3d9661c9e4f3d4da	EDNA80	5
20e7835389e0d50e3d9661c9e4f3d4da	EDNA44	46
20e7835389e0d50e3d9661c9e4f3d4da	EDNA63	3
20e7835389e0d50e3d9661c9e4f3d4da	EDNA54	4
20e7835389e0d50e3d9661c9e4f3d4da	EDNA45	81
20e7835389e0d50e3d9661c9e4f3d4da	EDNA55	6
20e7835389e0d50e3d9661c9e4f3d4da	EDNA56	1
20e7835389e0d50e3d9661c9e4f3d4da	EDNA59	2
1b51e2a8eaec818e214c3f03dc81ddff	MB8	37
1b51e2a8eaec818e214c3f03dc81ddff	EDNA13	37
1b51e2a8eaec818e214c3f03dc81ddff	EDNA14	46
1b51e2a8eaec818e214c3f03dc81ddff	EDNA1	47
1b51e2a8eaec818e214c3f03dc81ddff	EDNA2	48
1b51e2a8eaec818e214c3f03dc81ddff	MB1	49
1b51e2a8eaec818e214c3f03dc81ddff	MB2	7
70051600feaf47af2323079365bd0748	EDNA71	117
70051600feaf47af2323079365bd0748	EDNA82	4
70051600feaf47af2323079365bd0748	EDNA73	146
70051600feaf47af2323079365bd0748	MB19	4
319f4f09b0955f1db19afe27059fc919	EDNA87	4
319f4f09b0955f1db19afe27059fc919	EDNA69	73
319f4f09b0955f1db19afe27059fc919	MB21	3
319f4f09b0955f1db19afe27059fc919	EDNA71	28
319f4f09b0955f1db19afe27059fc919	MB17	56
319f4f09b0955f1db19afe27059fc919	MB18	55
319f4f09b0955f1db19afe27059fc919	EDNA73	3
319f4f09b0955f1db19afe27059fc919	MB19	32
319f4f09b0955f1db19afe27059fc919	EDNA74	10
319f4f09b0955f1db19afe27059fc919	EDNA85	4
319f4f09b0955f1db19afe27059fc919	EDNA67	2
8857265baab018e6fff1ac50862270b7	MB21	16
8857265baab018e6fff1ac50862270b7	MB22	1
8857265baab018e6fff1ac50862270b7	EDNA83	84
8857265baab018e6fff1ac50862270b7	EDNA84	165
082b62ded940f0b6f5e011f3d4fa63c8	EDNA80	2
082b62ded940f0b6f5e011f3d4fa63c8	EDNA35	139
082b62ded940f0b6f5e011f3d4fa63c8	MB17	14
082b62ded940f0b6f5e011f3d4fa63c8	MB19	2
082b62ded940f0b6f5e011f3d4fa63c8	EDNA67	108
a3a55e4bf2dd129701498f8b2a18c303	EDNA96	1
a3a55e4bf2dd129701498f8b2a18c303	EDNA11	11
a3a55e4bf2dd129701498f8b2a18c303	EDNA31	2
a3a55e4bf2dd129701498f8b2a18c303	EDNA22	13
a3a55e4bf2dd129701498f8b2a18c303	EDNA13	5
a3a55e4bf2dd129701498f8b2a18c303	EDNA23	18
a3a55e4bf2dd129701498f8b2a18c303	EDNA14	3
a3a55e4bf2dd129701498f8b2a18c303	EDNA33	8
a3a55e4bf2dd129701498f8b2a18c303	EDNA24	30
a3a55e4bf2dd129701498f8b2a18c303	EDNA1	11
a3a55e4bf2dd129701498f8b2a18c303	EDNA2	18
a3a55e4bf2dd129701498f8b2a18c303	EDNA25	60
a3a55e4bf2dd129701498f8b2a18c303	EDNA62	1
a3a55e4bf2dd129701498f8b2a18c303	EDNA3	22
a3a55e4bf2dd129701498f8b2a18c303	EDNA26	28
a3a55e4bf2dd129701498f8b2a18c303	EDNA36	20
a3a55e4bf2dd129701498f8b2a18c303	EDNA27	6
a3a55e4bf2dd129701498f8b2a18c303	EDNA18	5
a3a55e4bf2dd129701498f8b2a18c303	EDNA7	2
bc2337fabebabeefbc277e3a433294b4	EDNA11	17
bc2337fabebabeefbc277e3a433294b4	EDNA12	12
bc2337fabebabeefbc277e3a433294b4	EDNA98	5
bc2337fabebabeefbc277e3a433294b4	EDNA31	123
bc2337fabebabeefbc277e3a433294b4	EDNA22	7
bc2337fabebabeefbc277e3a433294b4	EDNA13	21
bc2337fabebabeefbc277e3a433294b4	EDNA33	23
bc2337fabebabeefbc277e3a433294b4	EDNA61	3
bc2337fabebabeefbc277e3a433294b4	EDNA62	3
bc2337fabebabeefbc277e3a433294b4	EDNA3	3
bc2337fabebabeefbc277e3a433294b4	EDNA63	6
bc2337fabebabeefbc277e3a433294b4	EDNA27	13
bc2337fabebabeefbc277e3a433294b4	EDNA9	16
bc2337fabebabeefbc277e3a433294b4	EDNA59	1
bc2337fabebabeefbc277e3a433294b4	EDNA10	8
359fa7e74abdcfc6a54e4b96c4fd7a70	EDNA81	61
359fa7e74abdcfc6a54e4b96c4fd7a70	MB5	200
b14db2040a670ba6e948ba525edf3147	EDNA41	101
b14db2040a670ba6e948ba525edf3147	EDNA43	10
b14db2040a670ba6e948ba525edf3147	EDNA44	21
b14db2040a670ba6e948ba525edf3147	EDNA73	74
b14db2040a670ba6e948ba525edf3147	EDNA55	2
b14db2040a670ba6e948ba525edf3147	EDNA47	34
b14db2040a670ba6e948ba525edf3147	EDNA9	10
b14db2040a670ba6e948ba525edf3147	EDNA86	6
9c3b7ebbd6794f6045b7239dffd70ca6	EDNA46	4
9c3b7ebbd6794f6045b7239dffd70ca6	EDNA1	8
9c3b7ebbd6794f6045b7239dffd70ca6	EDNA47	10
9c3b7ebbd6794f6045b7239dffd70ca6	EDNA2	9
9c3b7ebbd6794f6045b7239dffd70ca6	EDNA3	14
9c3b7ebbd6794f6045b7239dffd70ca6	EDNA63	2
9c3b7ebbd6794f6045b7239dffd70ca6	EDNA7	4
9c3b7ebbd6794f6045b7239dffd70ca6	EDNA8	6
9c3b7ebbd6794f6045b7239dffd70ca6	EDNA80	2
9c3b7ebbd6794f6045b7239dffd70ca6	EDNA86	3
9c3b7ebbd6794f6045b7239dffd70ca6	EDNA87	1
9c3b7ebbd6794f6045b7239dffd70ca6	EDNA10	5
9c3b7ebbd6794f6045b7239dffd70ca6	EDNA13	5
9c3b7ebbd6794f6045b7239dffd70ca6	EDNA14	4
9c3b7ebbd6794f6045b7239dffd70ca6	EDNA16	4
9c3b7ebbd6794f6045b7239dffd70ca6	EDNA17	2
9c3b7ebbd6794f6045b7239dffd70ca6	EDNA31	23
9c3b7ebbd6794f6045b7239dffd70ca6	EDNA32	11
9c3b7ebbd6794f6045b7239dffd70ca6	EDNA33	8
9c3b7ebbd6794f6045b7239dffd70ca6	EDNA34	27
9c3b7ebbd6794f6045b7239dffd70ca6	EDNA35	5
9c3b7ebbd6794f6045b7239dffd70ca6	EDNA36	11
9c3b7ebbd6794f6045b7239dffd70ca6	EDNA52	2
9c3b7ebbd6794f6045b7239dffd70ca6	EDNA54	3
9c3b7ebbd6794f6045b7239dffd70ca6	EDNA57	4
9c3b7ebbd6794f6045b7239dffd70ca6	EDNA59	1
9c3b7ebbd6794f6045b7239dffd70ca6	EDNA91	5
9c3b7ebbd6794f6045b7239dffd70ca6	EDNA93	5
9c3b7ebbd6794f6045b7239dffd70ca6	EDNA95	3
9c3b7ebbd6794f6045b7239dffd70ca6	EDNA96	3
9c3b7ebbd6794f6045b7239dffd70ca6	EDNA98	4
9c3b7ebbd6794f6045b7239dffd70ca6	EDNA22	5
9c3b7ebbd6794f6045b7239dffd70ca6	EDNA23	9
9c3b7ebbd6794f6045b7239dffd70ca6	EDNA24	7
9c3b7ebbd6794f6045b7239dffd70ca6	EDNA25	5
9c3b7ebbd6794f6045b7239dffd70ca6	EDNA26	4
9c3b7ebbd6794f6045b7239dffd70ca6	EDNA27	6
9c3b7ebbd6794f6045b7239dffd70ca6	EDNA40	3
9c3b7ebbd6794f6045b7239dffd70ca6	EDNA42	3
9c3b7ebbd6794f6045b7239dffd70ca6	EDNA43	2
9c3b7ebbd6794f6045b7239dffd70ca6	EDNA44	9
9c3b7ebbd6794f6045b7239dffd70ca6	EDNA45	6
c609abc590d3f937cb19d5a224fef1e8	EDNA69	132
c609abc590d3f937cb19d5a224fef1e8	EDNA70	5
c609abc590d3f937cb19d5a224fef1e8	EDNA71	86
c609abc590d3f937cb19d5a224fef1e8	EDNA68	31
835b7681211d6c0e82cd7472eaa5d740	EDNA40	11
835b7681211d6c0e82cd7472eaa5d740	EDNA99	2
835b7681211d6c0e82cd7472eaa5d740	EDNA41	3
835b7681211d6c0e82cd7472eaa5d740	EDNA24	10
835b7681211d6c0e82cd7472eaa5d740	EDNA61	1
835b7681211d6c0e82cd7472eaa5d740	EDNA43	34
835b7681211d6c0e82cd7472eaa5d740	EDNA34	27
835b7681211d6c0e82cd7472eaa5d740	EDNA62	1
835b7681211d6c0e82cd7472eaa5d740	EDNA44	9
835b7681211d6c0e82cd7472eaa5d740	EDNA35	2
835b7681211d6c0e82cd7472eaa5d740	EDNA63	2
835b7681211d6c0e82cd7472eaa5d740	EDNA54	1
835b7681211d6c0e82cd7472eaa5d740	EDNA45	20
835b7681211d6c0e82cd7472eaa5d740	EDNA36	50
835b7681211d6c0e82cd7472eaa5d740	EDNA91	2
835b7681211d6c0e82cd7472eaa5d740	EDNA46	38
835b7681211d6c0e82cd7472eaa5d740	EDNA47	22
835b7681211d6c0e82cd7472eaa5d740	EDNA57	1
835b7681211d6c0e82cd7472eaa5d740	EDNA48	15
835b7681211d6c0e82cd7472eaa5d740	EDNA59	1
2ea2c5a1f94601b8fba34f03f94c3e07	EDNA70	1
2ea2c5a1f94601b8fba34f03f94c3e07	EDNA71	18
2ea2c5a1f94601b8fba34f03f94c3e07	EDNA81	2
2ea2c5a1f94601b8fba34f03f94c3e07	EDNA73	102
2ea2c5a1f94601b8fba34f03f94c3e07	EDNA74	16
2ea2c5a1f94601b8fba34f03f94c3e07	EDNA75	113
455b7d737a48c0fb88fd958758530ded	EDNA11	3
455b7d737a48c0fb88fd958758530ded	EDNA97	4
455b7d737a48c0fb88fd958758530ded	EDNA12	2
455b7d737a48c0fb88fd958758530ded	EDNA98	11
455b7d737a48c0fb88fd958758530ded	EDNA31	53
455b7d737a48c0fb88fd958758530ded	MB13	3
455b7d737a48c0fb88fd958758530ded	EDNA99	4
455b7d737a48c0fb88fd958758530ded	EDNA32	10
455b7d737a48c0fb88fd958758530ded	EDNA14	3
455b7d737a48c0fb88fd958758530ded	EDNA60	2
455b7d737a48c0fb88fd958758530ded	EDNA33	17
455b7d737a48c0fb88fd958758530ded	EDNA1	3
455b7d737a48c0fb88fd958758530ded	EDNA61	1
455b7d737a48c0fb88fd958758530ded	EDNA43	10
455b7d737a48c0fb88fd958758530ded	EDNA34	10
455b7d737a48c0fb88fd958758530ded	EDNA2	14
455b7d737a48c0fb88fd958758530ded	EDNA62	3
455b7d737a48c0fb88fd958758530ded	EDNA53	2
455b7d737a48c0fb88fd958758530ded	EDNA44	31
455b7d737a48c0fb88fd958758530ded	EDNA3	2
455b7d737a48c0fb88fd958758530ded	EDNA35	16
455b7d737a48c0fb88fd958758530ded	EDNA63	5
455b7d737a48c0fb88fd958758530ded	EDNA45	29
455b7d737a48c0fb88fd958758530ded	EDNA36	3
455b7d737a48c0fb88fd958758530ded	EDNA55	1
455b7d737a48c0fb88fd958758530ded	EDNA7	5
455b7d737a48c0fb88fd958758530ded	EDNA9	3
c6ba3f830fcb78581dc43f1b869614cb	EDNA69	9
c6ba3f830fcb78581dc43f1b869614cb	EDNA79	4
c6ba3f830fcb78581dc43f1b869614cb	EDNA70	30
c6ba3f830fcb78581dc43f1b869614cb	EDNA80	14
c6ba3f830fcb78581dc43f1b869614cb	EDNA71	13
c6ba3f830fcb78581dc43f1b869614cb	EDNA81	36
c6ba3f830fcb78581dc43f1b869614cb	EDNA91	2
c6ba3f830fcb78581dc43f1b869614cb	EDNA73	6
c6ba3f830fcb78581dc43f1b869614cb	EDNA92	7
c6ba3f830fcb78581dc43f1b869614cb	EDNA83	16
c6ba3f830fcb78581dc43f1b869614cb	EDNA74	63
c6ba3f830fcb78581dc43f1b869614cb	EDNA93	7
c6ba3f830fcb78581dc43f1b869614cb	EDNA84	6
c6ba3f830fcb78581dc43f1b869614cb	EDNA75	12
c6ba3f830fcb78581dc43f1b869614cb	EDNA85	4
c6ba3f830fcb78581dc43f1b869614cb	EDNA67	3
c6ba3f830fcb78581dc43f1b869614cb	EDNA95	3
c6ba3f830fcb78581dc43f1b869614cb	EDNA86	4
c6ba3f830fcb78581dc43f1b869614cb	EDNA68	11
7da217e5835a007e2bfe09edb9a4d0f5	EDNA70	27
7da217e5835a007e2bfe09edb9a4d0f5	EDNA71	223
dc12769810af8b1048fe61b4d8eab069	EDNA69	13
dc12769810af8b1048fe61b4d8eab069	MB21	2
dc12769810af8b1048fe61b4d8eab069	EDNA71	21
dc12769810af8b1048fe61b4d8eab069	MB17	80
dc12769810af8b1048fe61b4d8eab069	MB18	31
dc12769810af8b1048fe61b4d8eab069	EDNA73	1
dc12769810af8b1048fe61b4d8eab069	MB19	63
dc12769810af8b1048fe61b4d8eab069	EDNA74	6
dc12769810af8b1048fe61b4d8eab069	EDNA67	15
dc12769810af8b1048fe61b4d8eab069	EDNA86	6
dc12769810af8b1048fe61b4d8eab069	EDNA68	11
5a27e5e3cd41cb71be671bcc171d96fc	EDNA12	1
5a27e5e3cd41cb71be671bcc171d96fc	EDNA98	1
5a27e5e3cd41cb71be671bcc171d96fc	EDNA22	13
5a27e5e3cd41cb71be671bcc171d96fc	EDNA13	6
5a27e5e3cd41cb71be671bcc171d96fc	EDNA32	3
5a27e5e3cd41cb71be671bcc171d96fc	EDNA23	35
5a27e5e3cd41cb71be671bcc171d96fc	EDNA14	3
5a27e5e3cd41cb71be671bcc171d96fc	EDNA24	6
5a27e5e3cd41cb71be671bcc171d96fc	EDNA1	9
5a27e5e3cd41cb71be671bcc171d96fc	EDNA15	4
5a27e5e3cd41cb71be671bcc171d96fc	EDNA34	9
5a27e5e3cd41cb71be671bcc171d96fc	EDNA2	18
5a27e5e3cd41cb71be671bcc171d96fc	EDNA25	30
5a27e5e3cd41cb71be671bcc171d96fc	EDNA16	7
5a27e5e3cd41cb71be671bcc171d96fc	EDNA44	2
5a27e5e3cd41cb71be671bcc171d96fc	EDNA3	12
5a27e5e3cd41cb71be671bcc171d96fc	EDNA26	2
5a27e5e3cd41cb71be671bcc171d96fc	EDNA17	5
5a27e5e3cd41cb71be671bcc171d96fc	EDNA36	31
5a27e5e3cd41cb71be671bcc171d96fc	EDNA27	26
5a27e5e3cd41cb71be671bcc171d96fc	EDNA18	9
5a27e5e3cd41cb71be671bcc171d96fc	EDNA7	3
5a27e5e3cd41cb71be671bcc171d96fc	EDNA8	3
5a27e5e3cd41cb71be671bcc171d96fc	EDNA9	6
5a27e5e3cd41cb71be671bcc171d96fc	EDNA10	2
1f602ed2a637ea5a5d1bc4070b6212d6	EDNA46	1
1f602ed2a637ea5a5d1bc4070b6212d6	EDNA3	5
1f602ed2a637ea5a5d1bc4070b6212d6	EDNA62	3
1f602ed2a637ea5a5d1bc4070b6212d6	EDNA7	1
1f602ed2a637ea5a5d1bc4070b6212d6	EDNA8	8
1f602ed2a637ea5a5d1bc4070b6212d6	EDNA9	6
1f602ed2a637ea5a5d1bc4070b6212d6	EDNA85	1
1f602ed2a637ea5a5d1bc4070b6212d6	MB15	2
1f602ed2a637ea5a5d1bc4070b6212d6	MB1	3
1f602ed2a637ea5a5d1bc4070b6212d6	MB2	25
1f602ed2a637ea5a5d1bc4070b6212d6	MB19	3
1f602ed2a637ea5a5d1bc4070b6212d6	MB6	2
1f602ed2a637ea5a5d1bc4070b6212d6	EDNA10	10
1f602ed2a637ea5a5d1bc4070b6212d6	EDNA11	2
1f602ed2a637ea5a5d1bc4070b6212d6	EDNA12	6
1f602ed2a637ea5a5d1bc4070b6212d6	EDNA13	8
1f602ed2a637ea5a5d1bc4070b6212d6	EDNA14	2
1f602ed2a637ea5a5d1bc4070b6212d6	EDNA15	2
1f602ed2a637ea5a5d1bc4070b6212d6	EDNA31	3
1f602ed2a637ea5a5d1bc4070b6212d6	EDNA33	3
1f602ed2a637ea5a5d1bc4070b6212d6	EDNA34	7
1f602ed2a637ea5a5d1bc4070b6212d6	EDNA35	4
1f602ed2a637ea5a5d1bc4070b6212d6	EDNA36	3
1f602ed2a637ea5a5d1bc4070b6212d6	EDNA52	1
1f602ed2a637ea5a5d1bc4070b6212d6	EDNA54	1
1f602ed2a637ea5a5d1bc4070b6212d6	EDNA57	4
1f602ed2a637ea5a5d1bc4070b6212d6	EDNA92	2
1f602ed2a637ea5a5d1bc4070b6212d6	EDNA94	2
1f602ed2a637ea5a5d1bc4070b6212d6	EDNA95	4
1f602ed2a637ea5a5d1bc4070b6212d6	EDNA96	4
1f602ed2a637ea5a5d1bc4070b6212d6	EDNA98	5
1f602ed2a637ea5a5d1bc4070b6212d6	MB23	1
1f602ed2a637ea5a5d1bc4070b6212d6	MB25	4
1f602ed2a637ea5a5d1bc4070b6212d6	EDNA23	6
1f602ed2a637ea5a5d1bc4070b6212d6	EDNA24	6
1f602ed2a637ea5a5d1bc4070b6212d6	EDNA25	4
1f602ed2a637ea5a5d1bc4070b6212d6	EDNA26	3
1f602ed2a637ea5a5d1bc4070b6212d6	EDNA27	9
1f602ed2a637ea5a5d1bc4070b6212d6	EDNA40	7
1f602ed2a637ea5a5d1bc4070b6212d6	EDNA42	6
1f602ed2a637ea5a5d1bc4070b6212d6	EDNA43	24
1f602ed2a637ea5a5d1bc4070b6212d6	EDNA44	21
1f602ed2a637ea5a5d1bc4070b6212d6	EDNA45	21
7c46a31d649827b47d02ca9c9dc8b5c9	EDNA12	6
7c46a31d649827b47d02ca9c9dc8b5c9	EDNA31	94
7c46a31d649827b47d02ca9c9dc8b5c9	EDNA32	29
7c46a31d649827b47d02ca9c9dc8b5c9	EDNA33	27
7c46a31d649827b47d02ca9c9dc8b5c9	EDNA1	16
7c46a31d649827b47d02ca9c9dc8b5c9	EDNA61	5
7c46a31d649827b47d02ca9c9dc8b5c9	EDNA62	5
7c46a31d649827b47d02ca9c9dc8b5c9	EDNA26	5
7c46a31d649827b47d02ca9c9dc8b5c9	MB2	2
7c46a31d649827b47d02ca9c9dc8b5c9	EDNA36	9
7c46a31d649827b47d02ca9c9dc8b5c9	EDNA18	1
7c46a31d649827b47d02ca9c9dc8b5c9	EDNA7	10
7c46a31d649827b47d02ca9c9dc8b5c9	EDNA8	28
7c46a31d649827b47d02ca9c9dc8b5c9	EDNA9	8
1e5b50038b22afe7f76f687a85f620bc	EDNA22	6
1e5b50038b22afe7f76f687a85f620bc	MB15	15
1e5b50038b22afe7f76f687a85f620bc	MB25	93
1e5b50038b22afe7f76f687a85f620bc	EDNA35	11
1e5b50038b22afe7f76f687a85f620bc	EDNA36	66
1e5b50038b22afe7f76f687a85f620bc	EDNA27	54
ded63379c223f6b37f537ffa121b0eec	MB20	1
ded63379c223f6b37f537ffa121b0eec	EDNA79	4
ded63379c223f6b37f537ffa121b0eec	MB21	5
ded63379c223f6b37f537ffa121b0eec	EDNA1	3
ded63379c223f6b37f537ffa121b0eec	EDNA70	3
ded63379c223f6b37f537ffa121b0eec	EDNA2	4
ded63379c223f6b37f537ffa121b0eec	EDNA80	3
ded63379c223f6b37f537ffa121b0eec	EDNA71	1
ded63379c223f6b37f537ffa121b0eec	EDNA26	11
ded63379c223f6b37f537ffa121b0eec	EDNA81	23
ded63379c223f6b37f537ffa121b0eec	EDNA45	3
ded63379c223f6b37f537ffa121b0eec	EDNA82	20
ded63379c223f6b37f537ffa121b0eec	EDNA73	52
ded63379c223f6b37f537ffa121b0eec	MB19	1
ded63379c223f6b37f537ffa121b0eec	EDNA83	37
ded63379c223f6b37f537ffa121b0eec	EDNA74	33
ded63379c223f6b37f537ffa121b0eec	EDNA84	17
ded63379c223f6b37f537ffa121b0eec	EDNA75	5
ded63379c223f6b37f537ffa121b0eec	EDNA85	4
ded63379c223f6b37f537ffa121b0eec	EDNA86	13
c67f318a9db7b79a8be7cf0e5a5c4523	MB8	58
c67f318a9db7b79a8be7cf0e5a5c4523	EDNA11	4
c67f318a9db7b79a8be7cf0e5a5c4523	MB9	38
c67f318a9db7b79a8be7cf0e5a5c4523	EDNA15	2
c67f318a9db7b79a8be7cf0e5a5c4523	MB25	97
c67f318a9db7b79a8be7cf0e5a5c4523	EDNA27	18
c67f318a9db7b79a8be7cf0e5a5c4523	MB4	4
c67f318a9db7b79a8be7cf0e5a5c4523	MB19	10
c67f318a9db7b79a8be7cf0e5a5c4523	MB7	7
c67f318a9db7b79a8be7cf0e5a5c4523	EDNA10	4
508886e1b73621278b04b0f00ba48c68	MB8	1
508886e1b73621278b04b0f00ba48c68	MB20	24
508886e1b73621278b04b0f00ba48c68	MB21	2
508886e1b73621278b04b0f00ba48c68	MB22	4
508886e1b73621278b04b0f00ba48c68	MB23	53
508886e1b73621278b04b0f00ba48c68	EDNA43	13
508886e1b73621278b04b0f00ba48c68	EDNA82	140
79d87e50180505c6a33a78808cb700e6	MB9	1
79d87e50180505c6a33a78808cb700e6	EDNA97	1
79d87e50180505c6a33a78808cb700e6	EDNA98	5
79d87e50180505c6a33a78808cb700e6	EDNA31	23
79d87e50180505c6a33a78808cb700e6	EDNA22	13
79d87e50180505c6a33a78808cb700e6	EDNA13	5
79d87e50180505c6a33a78808cb700e6	MB13	2
79d87e50180505c6a33a78808cb700e6	EDNA32	17
79d87e50180505c6a33a78808cb700e6	EDNA14	6
79d87e50180505c6a33a78808cb700e6	EDNA33	4
79d87e50180505c6a33a78808cb700e6	EDNA24	1
79d87e50180505c6a33a78808cb700e6	EDNA1	19
79d87e50180505c6a33a78808cb700e6	EDNA15	11
79d87e50180505c6a33a78808cb700e6	EDNA61	7
79d87e50180505c6a33a78808cb700e6	EDNA34	8
79d87e50180505c6a33a78808cb700e6	EDNA80	4
79d87e50180505c6a33a78808cb700e6	EDNA44	1
79d87e50180505c6a33a78808cb700e6	EDNA3	2
79d87e50180505c6a33a78808cb700e6	EDNA26	13
79d87e50180505c6a33a78808cb700e6	MB2	5
79d87e50180505c6a33a78808cb700e6	EDNA63	2
79d87e50180505c6a33a78808cb700e6	EDNA45	28
79d87e50180505c6a33a78808cb700e6	EDNA36	18
79d87e50180505c6a33a78808cb700e6	EDNA27	8
79d87e50180505c6a33a78808cb700e6	EDNA18	9
79d87e50180505c6a33a78808cb700e6	MB18	1
79d87e50180505c6a33a78808cb700e6	EDNA46	2
79d87e50180505c6a33a78808cb700e6	EDNA47	7
79d87e50180505c6a33a78808cb700e6	MB6	4
79d87e50180505c6a33a78808cb700e6	EDNA8	7
79d87e50180505c6a33a78808cb700e6	EDNA59	1
563900dfd21fb87e22402155028c7f4e	MB11	1
563900dfd21fb87e22402155028c7f4e	EDNA12	3
563900dfd21fb87e22402155028c7f4e	EDNA31	24
563900dfd21fb87e22402155028c7f4e	EDNA13	11
563900dfd21fb87e22402155028c7f4e	EDNA41	5
563900dfd21fb87e22402155028c7f4e	EDNA32	6
563900dfd21fb87e22402155028c7f4e	EDNA42	2
563900dfd21fb87e22402155028c7f4e	EDNA43	42
563900dfd21fb87e22402155028c7f4e	EDNA34	1
563900dfd21fb87e22402155028c7f4e	EDNA62	2
563900dfd21fb87e22402155028c7f4e	EDNA44	10
563900dfd21fb87e22402155028c7f4e	EDNA3	11
563900dfd21fb87e22402155028c7f4e	EDNA35	53
563900dfd21fb87e22402155028c7f4e	EDNA26	1
563900dfd21fb87e22402155028c7f4e	EDNA45	17
563900dfd21fb87e22402155028c7f4e	EDNA36	4
563900dfd21fb87e22402155028c7f4e	EDNA27	1
563900dfd21fb87e22402155028c7f4e	EDNA18	9
563900dfd21fb87e22402155028c7f4e	EDNA73	8
563900dfd21fb87e22402155028c7f4e	EDNA92	15
563900dfd21fb87e22402155028c7f4e	EDNA7	3
563900dfd21fb87e22402155028c7f4e	MB6	1
563900dfd21fb87e22402155028c7f4e	EDNA10	3
e51fd716a27f1827528b621410ad1477	EDNA96	3
e51fd716a27f1827528b621410ad1477	EDNA11	8
e51fd716a27f1827528b621410ad1477	EDNA31	3
e51fd716a27f1827528b621410ad1477	EDNA32	22
e51fd716a27f1827528b621410ad1477	EDNA23	16
e51fd716a27f1827528b621410ad1477	EDNA14	2
e51fd716a27f1827528b621410ad1477	EDNA42	9
e51fd716a27f1827528b621410ad1477	EDNA33	9
e51fd716a27f1827528b621410ad1477	EDNA61	1
e51fd716a27f1827528b621410ad1477	EDNA52	28
e51fd716a27f1827528b621410ad1477	EDNA43	11
e51fd716a27f1827528b621410ad1477	EDNA34	7
e51fd716a27f1827528b621410ad1477	EDNA25	17
e51fd716a27f1827528b621410ad1477	EDNA16	7
e51fd716a27f1827528b621410ad1477	EDNA53	12
e51fd716a27f1827528b621410ad1477	EDNA3	1
e51fd716a27f1827528b621410ad1477	EDNA54	13
e51fd716a27f1827528b621410ad1477	EDNA55	2
e51fd716a27f1827528b621410ad1477	EDNA46	3
e51fd716a27f1827528b621410ad1477	EDNA74	12
e51fd716a27f1827528b621410ad1477	EDNA7	5
e51fd716a27f1827528b621410ad1477	EDNA57	1
e51fd716a27f1827528b621410ad1477	EDNA8	11
e51fd716a27f1827528b621410ad1477	EDNA9	7
e51fd716a27f1827528b621410ad1477	EDNA68	20
e51fd716a27f1827528b621410ad1477	EDNA10	2
cbd6c38dfeb66db385a0fd6cdc5d4619	EDNA11	78
cbd6c38dfeb66db385a0fd6cdc5d4619	EDNA12	63
cbd6c38dfeb66db385a0fd6cdc5d4619	EDNA13	3
cbd6c38dfeb66db385a0fd6cdc5d4619	EDNA14	5
cbd6c38dfeb66db385a0fd6cdc5d4619	EDNA1	14
cbd6c38dfeb66db385a0fd6cdc5d4619	EDNA15	2
cbd6c38dfeb66db385a0fd6cdc5d4619	EDNA2	4
cbd6c38dfeb66db385a0fd6cdc5d4619	EDNA3	12
cbd6c38dfeb66db385a0fd6cdc5d4619	EDNA7	8
cbd6c38dfeb66db385a0fd6cdc5d4619	EDNA8	2
cbd6c38dfeb66db385a0fd6cdc5d4619	EDNA9	7
cbd6c38dfeb66db385a0fd6cdc5d4619	EDNA10	33
e062e93c7169582a7b7de61e0549836b	EDNA79	3
e062e93c7169582a7b7de61e0549836b	MB21	2
e062e93c7169582a7b7de61e0549836b	EDNA22	8
e062e93c7169582a7b7de61e0549836b	EDNA23	10
e062e93c7169582a7b7de61e0549836b	EDNA24	11
e062e93c7169582a7b7de61e0549836b	EDNA70	3
e062e93c7169582a7b7de61e0549836b	EDNA2	1
e062e93c7169582a7b7de61e0549836b	EDNA25	2
e062e93c7169582a7b7de61e0549836b	EDNA16	2
e062e93c7169582a7b7de61e0549836b	EDNA71	6
e062e93c7169582a7b7de61e0549836b	EDNA44	28
e062e93c7169582a7b7de61e0549836b	EDNA17	1
e062e93c7169582a7b7de61e0549836b	EDNA81	2
e062e93c7169582a7b7de61e0549836b	EDNA45	26
e062e93c7169582a7b7de61e0549836b	EDNA82	23
e062e93c7169582a7b7de61e0549836b	EDNA73	22
e062e93c7169582a7b7de61e0549836b	EDNA83	12
e062e93c7169582a7b7de61e0549836b	EDNA74	30
e062e93c7169582a7b7de61e0549836b	EDNA84	9
e062e93c7169582a7b7de61e0549836b	EDNA75	8
e062e93c7169582a7b7de61e0549836b	EDNA85	2
e062e93c7169582a7b7de61e0549836b	EDNA67	2
e062e93c7169582a7b7de61e0549836b	EDNA86	5
e062e93c7169582a7b7de61e0549836b	EDNA68	11
e062e93c7169582a7b7de61e0549836b	EDNA10	1
c04035dfd76ce228bdb540af4f05cb6a	EDNA96	5
c04035dfd76ce228bdb540af4f05cb6a	EDNA79	26
c04035dfd76ce228bdb540af4f05cb6a	EDNA34	1
c04035dfd76ce228bdb540af4f05cb6a	EDNA80	1
c04035dfd76ce228bdb540af4f05cb6a	EDNA81	16
c04035dfd76ce228bdb540af4f05cb6a	EDNA91	1
c04035dfd76ce228bdb540af4f05cb6a	EDNA82	22
c04035dfd76ce228bdb540af4f05cb6a	EDNA92	2
c04035dfd76ce228bdb540af4f05cb6a	EDNA83	86
c04035dfd76ce228bdb540af4f05cb6a	EDNA74	2
c04035dfd76ce228bdb540af4f05cb6a	EDNA93	17
c04035dfd76ce228bdb540af4f05cb6a	EDNA84	26
c04035dfd76ce228bdb540af4f05cb6a	EDNA94	5
c04035dfd76ce228bdb540af4f05cb6a	EDNA85	16
e5f8b5afc261cc7f1059d50caaa88706	EDNA11	18
e5f8b5afc261cc7f1059d50caaa88706	MB11	48
e5f8b5afc261cc7f1059d50caaa88706	EDNA42	21
e5f8b5afc261cc7f1059d50caaa88706	MB1	13
e5f8b5afc261cc7f1059d50caaa88706	MB16	10
e5f8b5afc261cc7f1059d50caaa88706	MB2	27
e5f8b5afc261cc7f1059d50caaa88706	MB4	6
e5f8b5afc261cc7f1059d50caaa88706	MB7	82
4aba4c045852512a3acd1446ea8adba1	EDNA87	2
4aba4c045852512a3acd1446ea8adba1	EDNA79	7
4aba4c045852512a3acd1446ea8adba1	EDNA70	64
4aba4c045852512a3acd1446ea8adba1	EDNA80	16
4aba4c045852512a3acd1446ea8adba1	EDNA81	43
4aba4c045852512a3acd1446ea8adba1	EDNA82	70
4aba4c045852512a3acd1446ea8adba1	EDNA83	10
4aba4c045852512a3acd1446ea8adba1	EDNA84	10
4aba4c045852512a3acd1446ea8adba1	EDNA85	1
4aba4c045852512a3acd1446ea8adba1	EDNA86	1
afd8017664cdc0c20e0a322fd8d1a9dd	EDNA69	134
afd8017664cdc0c20e0a322fd8d1a9dd	EDNA67	49
afd8017664cdc0c20e0a322fd8d1a9dd	EDNA68	40
c6c5675541e27e257b310f05fdd45417	EDNA98	3
c6c5675541e27e257b310f05fdd45417	EDNA40	12
c6c5675541e27e257b310f05fdd45417	EDNA22	22
c6c5675541e27e257b310f05fdd45417	EDNA23	22
c6c5675541e27e257b310f05fdd45417	EDNA42	19
c6c5675541e27e257b310f05fdd45417	EDNA24	7
c6c5675541e27e257b310f05fdd45417	EDNA43	19
c6c5675541e27e257b310f05fdd45417	EDNA34	2
c6c5675541e27e257b310f05fdd45417	EDNA44	19
c6c5675541e27e257b310f05fdd45417	EDNA26	1
c6c5675541e27e257b310f05fdd45417	EDNA45	37
c6c5675541e27e257b310f05fdd45417	EDNA36	3
c6c5675541e27e257b310f05fdd45417	EDNA73	11
c6c5675541e27e257b310f05fdd45417	MB19	10
c6c5675541e27e257b310f05fdd45417	EDNA92	2
c6c5675541e27e257b310f05fdd45417	EDNA74	11
c6c5675541e27e257b310f05fdd45417	EDNA93	6
c6c5675541e27e257b310f05fdd45417	EDNA75	14
c6c5675541e27e257b310f05fdd45417	EDNA8	2
a759a3e6c7a191bb88d2ef5b233d4ccc	EDNA13	7
a759a3e6c7a191bb88d2ef5b233d4ccc	MB23	39
a759a3e6c7a191bb88d2ef5b233d4ccc	EDNA25	174
0eaf78dbe597759ff99439701ca431bb	EDNA40	33
0eaf78dbe597759ff99439701ca431bb	EDNA31	12
0eaf78dbe597759ff99439701ca431bb	EDNA22	58
0eaf78dbe597759ff99439701ca431bb	MB13	2
0eaf78dbe597759ff99439701ca431bb	EDNA14	3
0eaf78dbe597759ff99439701ca431bb	EDNA33	3
0eaf78dbe597759ff99439701ca431bb	EDNA24	16
0eaf78dbe597759ff99439701ca431bb	EDNA43	8
0eaf78dbe597759ff99439701ca431bb	EDNA80	3
0eaf78dbe597759ff99439701ca431bb	EDNA44	11
0eaf78dbe597759ff99439701ca431bb	EDNA17	6
0eaf78dbe597759ff99439701ca431bb	EDNA45	49
0eaf78dbe597759ff99439701ca431bb	EDNA94	6
0eaf78dbe597759ff99439701ca431bb	EDNA8	2
0eaf78dbe597759ff99439701ca431bb	EDNA9	8
d55534288a5e8030c5409eebd04418ed	MB13	25
d55534288a5e8030c5409eebd04418ed	EDNA43	9
d55534288a5e8030c5409eebd04418ed	EDNA44	107
d55534288a5e8030c5409eebd04418ed	EDNA45	74
d55534288a5e8030c5409eebd04418ed	EDNA57	5
86dd976ba3af8e16354b3d00c0de98b4	EDNA69	3
86dd976ba3af8e16354b3d00c0de98b4	EDNA11	3
86dd976ba3af8e16354b3d00c0de98b4	EDNA12	1
86dd976ba3af8e16354b3d00c0de98b4	EDNA31	4
86dd976ba3af8e16354b3d00c0de98b4	EDNA22	3
86dd976ba3af8e16354b3d00c0de98b4	EDNA32	4
86dd976ba3af8e16354b3d00c0de98b4	EDNA33	4
86dd976ba3af8e16354b3d00c0de98b4	EDNA24	10
86dd976ba3af8e16354b3d00c0de98b4	EDNA52	4
86dd976ba3af8e16354b3d00c0de98b4	EDNA2	6
86dd976ba3af8e16354b3d00c0de98b4	EDNA25	26
86dd976ba3af8e16354b3d00c0de98b4	EDNA16	2
86dd976ba3af8e16354b3d00c0de98b4	EDNA53	4
86dd976ba3af8e16354b3d00c0de98b4	EDNA26	27
86dd976ba3af8e16354b3d00c0de98b4	EDNA54	6
86dd976ba3af8e16354b3d00c0de98b4	EDNA36	5
86dd976ba3af8e16354b3d00c0de98b4	EDNA27	28
86dd976ba3af8e16354b3d00c0de98b4	EDNA7	6
86dd976ba3af8e16354b3d00c0de98b4	EDNA8	22
86dd976ba3af8e16354b3d00c0de98b4	EDNA9	51
6831efee1bc99a73109ce1365d443822	MB8	39
6831efee1bc99a73109ce1365d443822	EDNA11	1
6831efee1bc99a73109ce1365d443822	MB9	7
6831efee1bc99a73109ce1365d443822	MB1	78
6831efee1bc99a73109ce1365d443822	EDNA26	4
6831efee1bc99a73109ce1365d443822	MB2	61
6831efee1bc99a73109ce1365d443822	EDNA47	7
6831efee1bc99a73109ce1365d443822	EDNA48	3
6831efee1bc99a73109ce1365d443822	EDNA85	3
6831efee1bc99a73109ce1365d443822	MB7	13
6831efee1bc99a73109ce1365d443822	EDNA9	3
df554702f07b0881ceb27e94c93dcfc6	MB11	42
df554702f07b0881ceb27e94c93dcfc6	EDNA12	1
df554702f07b0881ceb27e94c93dcfc6	EDNA98	1
df554702f07b0881ceb27e94c93dcfc6	EDNA31	11
df554702f07b0881ceb27e94c93dcfc6	EDNA22	1
df554702f07b0881ceb27e94c93dcfc6	EDNA13	7
df554702f07b0881ceb27e94c93dcfc6	MB13	3
df554702f07b0881ceb27e94c93dcfc6	EDNA41	2
df554702f07b0881ceb27e94c93dcfc6	EDNA14	6
df554702f07b0881ceb27e94c93dcfc6	EDNA42	2
df554702f07b0881ceb27e94c93dcfc6	EDNA15	6
df554702f07b0881ceb27e94c93dcfc6	EDNA61	15
df554702f07b0881ceb27e94c93dcfc6	EDNA43	8
df554702f07b0881ceb27e94c93dcfc6	EDNA2	4
df554702f07b0881ceb27e94c93dcfc6	EDNA25	5
df554702f07b0881ceb27e94c93dcfc6	MB1	1
df554702f07b0881ceb27e94c93dcfc6	MB16	1
df554702f07b0881ceb27e94c93dcfc6	EDNA62	9
df554702f07b0881ceb27e94c93dcfc6	EDNA53	4
df554702f07b0881ceb27e94c93dcfc6	EDNA44	6
df554702f07b0881ceb27e94c93dcfc6	EDNA3	11
df554702f07b0881ceb27e94c93dcfc6	EDNA35	4
df554702f07b0881ceb27e94c93dcfc6	MB2	5
df554702f07b0881ceb27e94c93dcfc6	EDNA63	7
df554702f07b0881ceb27e94c93dcfc6	EDNA45	27
df554702f07b0881ceb27e94c93dcfc6	EDNA36	8
df554702f07b0881ceb27e94c93dcfc6	EDNA18	1
df554702f07b0881ceb27e94c93dcfc6	EDNA55	1
df554702f07b0881ceb27e94c93dcfc6	EDNA46	2
df554702f07b0881ceb27e94c93dcfc6	MB4	7
df554702f07b0881ceb27e94c93dcfc6	EDNA57	3
df554702f07b0881ceb27e94c93dcfc6	EDNA8	2
df554702f07b0881ceb27e94c93dcfc6	EDNA9	5
df554702f07b0881ceb27e94c93dcfc6	EDNA59	1
b0f40a7c7a2058a0760940a3bc7f3135	EDNA79	7
b0f40a7c7a2058a0760940a3bc7f3135	MB21	2
b0f40a7c7a2058a0760940a3bc7f3135	EDNA40	47
b0f40a7c7a2058a0760940a3bc7f3135	EDNA99	4
b0f40a7c7a2058a0760940a3bc7f3135	EDNA15	12
b0f40a7c7a2058a0760940a3bc7f3135	EDNA16	1
b0f40a7c7a2058a0760940a3bc7f3135	EDNA80	6
b0f40a7c7a2058a0760940a3bc7f3135	EDNA44	24
b0f40a7c7a2058a0760940a3bc7f3135	MB2	4
b0f40a7c7a2058a0760940a3bc7f3135	EDNA81	99
b0f40a7c7a2058a0760940a3bc7f3135	EDNA63	2
b0f40a7c7a2058a0760940a3bc7f3135	MB4	2
b0f40a7c7a2058a0760940a3bc7f3135	EDNA8	5
b0f40a7c7a2058a0760940a3bc7f3135	EDNA59	4
faf26baf1a4ef41812ec09234f4aa1f4	EDNA87	3
faf26baf1a4ef41812ec09234f4aa1f4	EDNA69	14
faf26baf1a4ef41812ec09234f4aa1f4	EDNA79	1
faf26baf1a4ef41812ec09234f4aa1f4	EDNA99	3
faf26baf1a4ef41812ec09234f4aa1f4	EDNA70	18
faf26baf1a4ef41812ec09234f4aa1f4	EDNA80	25
faf26baf1a4ef41812ec09234f4aa1f4	EDNA71	13
faf26baf1a4ef41812ec09234f4aa1f4	EDNA81	27
faf26baf1a4ef41812ec09234f4aa1f4	EDNA91	1
faf26baf1a4ef41812ec09234f4aa1f4	EDNA73	22
faf26baf1a4ef41812ec09234f4aa1f4	EDNA92	8
faf26baf1a4ef41812ec09234f4aa1f4	EDNA74	21
faf26baf1a4ef41812ec09234f4aa1f4	EDNA93	6
faf26baf1a4ef41812ec09234f4aa1f4	EDNA75	29
faf26baf1a4ef41812ec09234f4aa1f4	EDNA85	5
faf26baf1a4ef41812ec09234f4aa1f4	EDNA67	5
faf26baf1a4ef41812ec09234f4aa1f4	EDNA86	9
faf26baf1a4ef41812ec09234f4aa1f4	EDNA68	9
93ca7d1d3ff47716da849eb49b1c0314	MB21	7
93ca7d1d3ff47716da849eb49b1c0314	EDNA84	212
25513154e16fa6143f2d343fc0ce12d2	EDNA96	5
25513154e16fa6143f2d343fc0ce12d2	EDNA87	4
25513154e16fa6143f2d343fc0ce12d2	EDNA69	1
25513154e16fa6143f2d343fc0ce12d2	EDNA79	11
25513154e16fa6143f2d343fc0ce12d2	EDNA40	1
25513154e16fa6143f2d343fc0ce12d2	EDNA41	2
25513154e16fa6143f2d343fc0ce12d2	EDNA80	3
25513154e16fa6143f2d343fc0ce12d2	EDNA44	2
25513154e16fa6143f2d343fc0ce12d2	EDNA81	6
25513154e16fa6143f2d343fc0ce12d2	EDNA91	20
25513154e16fa6143f2d343fc0ce12d2	EDNA82	38
25513154e16fa6143f2d343fc0ce12d2	EDNA92	32
25513154e16fa6143f2d343fc0ce12d2	EDNA83	30
25513154e16fa6143f2d343fc0ce12d2	EDNA93	16
25513154e16fa6143f2d343fc0ce12d2	EDNA84	24
25513154e16fa6143f2d343fc0ce12d2	EDNA75	1
25513154e16fa6143f2d343fc0ce12d2	EDNA94	9
25513154e16fa6143f2d343fc0ce12d2	EDNA85	7
25513154e16fa6143f2d343fc0ce12d2	EDNA95	2
25513154e16fa6143f2d343fc0ce12d2	EDNA86	2
33f5cfa4912c4bf5bb92455274bd6aa4	EDNA70	7
33f5cfa4912c4bf5bb92455274bd6aa4	EDNA71	9
33f5cfa4912c4bf5bb92455274bd6aa4	MB17	49
33f5cfa4912c4bf5bb92455274bd6aa4	MB18	51
33f5cfa4912c4bf5bb92455274bd6aa4	MB19	10
33f5cfa4912c4bf5bb92455274bd6aa4	EDNA74	36
33f5cfa4912c4bf5bb92455274bd6aa4	EDNA67	3
33f5cfa4912c4bf5bb92455274bd6aa4	EDNA68	51
1c79d7aad7aa83f783509516440df2e2	EDNA14	10
1c79d7aad7aa83f783509516440df2e2	EDNA1	41
1c79d7aad7aa83f783509516440df2e2	EDNA53	9
1c79d7aad7aa83f783509516440df2e2	EDNA3	145
1c79d7aad7aa83f783509516440df2e2	EDNA18	9
ecb65920ab70aa7d826b9d07ef788501	EDNA61	30
ecb65920ab70aa7d826b9d07ef788501	EDNA62	13
ecb65920ab70aa7d826b9d07ef788501	EDNA44	164
ecb65920ab70aa7d826b9d07ef788501	EDNA45	6
000a54cf0dee06797bc65a1e45a2f960	MB23	2
000a54cf0dee06797bc65a1e45a2f960	MB17	31
000a54cf0dee06797bc65a1e45a2f960	EDNA83	3
000a54cf0dee06797bc65a1e45a2f960	EDNA67	108
000a54cf0dee06797bc65a1e45a2f960	EDNA68	68
c3bc38ef9e02771ef88a1b6e3cb7fb7d	EDNA69	45
c3bc38ef9e02771ef88a1b6e3cb7fb7d	EDNA70	10
c3bc38ef9e02771ef88a1b6e3cb7fb7d	EDNA73	1
c3bc38ef9e02771ef88a1b6e3cb7fb7d	EDNA67	72
c3bc38ef9e02771ef88a1b6e3cb7fb7d	EDNA68	84
078afde9672c22afc65e2a9973d494f3	EDNA31	4
078afde9672c22afc65e2a9973d494f3	EDNA99	1
078afde9672c22afc65e2a9973d494f3	EDNA33	1
078afde9672c22afc65e2a9973d494f3	EDNA70	7
078afde9672c22afc65e2a9973d494f3	EDNA71	35
078afde9672c22afc65e2a9973d494f3	EDNA81	6
078afde9672c22afc65e2a9973d494f3	EDNA73	17
078afde9672c22afc65e2a9973d494f3	EDNA74	61
078afde9672c22afc65e2a9973d494f3	EDNA75	40
078afde9672c22afc65e2a9973d494f3	EDNA67	11
078afde9672c22afc65e2a9973d494f3	EDNA95	3
078afde9672c22afc65e2a9973d494f3	EDNA86	5
078afde9672c22afc65e2a9973d494f3	EDNA68	18
8175a5c4d4122a33ca1384472d518330	EDNA69	11
8175a5c4d4122a33ca1384472d518330	EDNA67	38
8175a5c4d4122a33ca1384472d518330	EDNA68	160
3501ea634d3cf4ac5d3517f27adc98ec	MB8	7
3501ea634d3cf4ac5d3517f27adc98ec	MB13	3
3501ea634d3cf4ac5d3517f27adc98ec	EDNA99	1
3501ea634d3cf4ac5d3517f27adc98ec	EDNA41	5
3501ea634d3cf4ac5d3517f27adc98ec	EDNA15	4
3501ea634d3cf4ac5d3517f27adc98ec	MB24	4
3501ea634d3cf4ac5d3517f27adc98ec	EDNA43	14
3501ea634d3cf4ac5d3517f27adc98ec	EDNA25	22
3501ea634d3cf4ac5d3517f27adc98ec	EDNA16	1
3501ea634d3cf4ac5d3517f27adc98ec	EDNA44	1
3501ea634d3cf4ac5d3517f27adc98ec	MB2	22
3501ea634d3cf4ac5d3517f27adc98ec	EDNA45	12
3501ea634d3cf4ac5d3517f27adc98ec	EDNA36	40
3501ea634d3cf4ac5d3517f27adc98ec	EDNA46	1
3501ea634d3cf4ac5d3517f27adc98ec	EDNA92	53
3501ea634d3cf4ac5d3517f27adc98ec	EDNA57	10
3501ea634d3cf4ac5d3517f27adc98ec	EDNA8	4
3501ea634d3cf4ac5d3517f27adc98ec	EDNA95	1
3501ea634d3cf4ac5d3517f27adc98ec	EDNA10	3
fc90e4d51f97e91102c3c59ce820345b	EDNA96	15
fc90e4d51f97e91102c3c59ce820345b	EDNA87	1
fc90e4d51f97e91102c3c59ce820345b	EDNA97	2
fc90e4d51f97e91102c3c59ce820345b	EDNA79	2
fc90e4d51f97e91102c3c59ce820345b	EDNA98	1
fc90e4d51f97e91102c3c59ce820345b	EDNA40	17
fc90e4d51f97e91102c3c59ce820345b	EDNA41	5
fc90e4d51f97e91102c3c59ce820345b	EDNA42	38
fc90e4d51f97e91102c3c59ce820345b	EDNA52	4
fc90e4d51f97e91102c3c59ce820345b	EDNA43	9
fc90e4d51f97e91102c3c59ce820345b	EDNA53	3
fc90e4d51f97e91102c3c59ce820345b	EDNA44	12
fc90e4d51f97e91102c3c59ce820345b	EDNA54	5
fc90e4d51f97e91102c3c59ce820345b	EDNA45	5
fc90e4d51f97e91102c3c59ce820345b	EDNA91	7
fc90e4d51f97e91102c3c59ce820345b	EDNA55	17
fc90e4d51f97e91102c3c59ce820345b	EDNA92	5
fc90e4d51f97e91102c3c59ce820345b	EDNA56	3
fc90e4d51f97e91102c3c59ce820345b	EDNA93	12
fc90e4d51f97e91102c3c59ce820345b	EDNA57	12
fc90e4d51f97e91102c3c59ce820345b	EDNA48	2
fc90e4d51f97e91102c3c59ce820345b	EDNA94	14
fc90e4d51f97e91102c3c59ce820345b	EDNA95	13
fc90e4d51f97e91102c3c59ce820345b	EDNA86	4
df78547cac53e3d450e524c515f6a211	MB8	87
df78547cac53e3d450e524c515f6a211	EDNA87	2
df78547cac53e3d450e524c515f6a211	EDNA11	2
df78547cac53e3d450e524c515f6a211	MB9	7
df78547cac53e3d450e524c515f6a211	MB11	3
df78547cac53e3d450e524c515f6a211	EDNA12	5
df78547cac53e3d450e524c515f6a211	EDNA33	1
df78547cac53e3d450e524c515f6a211	EDNA1	1
df78547cac53e3d450e524c515f6a211	EDNA15	1
df78547cac53e3d450e524c515f6a211	MB15	8
df78547cac53e3d450e524c515f6a211	MB1	22
df78547cac53e3d450e524c515f6a211	MB16	6
df78547cac53e3d450e524c515f6a211	EDNA3	2
df78547cac53e3d450e524c515f6a211	EDNA35	1
df78547cac53e3d450e524c515f6a211	EDNA26	5
df78547cac53e3d450e524c515f6a211	MB2	14
df78547cac53e3d450e524c515f6a211	EDNA27	2
df78547cac53e3d450e524c515f6a211	MB4	11
df78547cac53e3d450e524c515f6a211	MB6	15
df78547cac53e3d450e524c515f6a211	EDNA8	1
df78547cac53e3d450e524c515f6a211	MB7	1
df78547cac53e3d450e524c515f6a211	EDNA9	4
df78547cac53e3d450e524c515f6a211	EDNA10	5
c66a97f63e6dc84b82f546be46399a86	EDNA87	7
c66a97f63e6dc84b82f546be46399a86	EDNA79	6
c66a97f63e6dc84b82f546be46399a86	EDNA40	1
c66a97f63e6dc84b82f546be46399a86	EDNA41	2
c66a97f63e6dc84b82f546be46399a86	EDNA80	22
c66a97f63e6dc84b82f546be46399a86	EDNA53	2
c66a97f63e6dc84b82f546be46399a86	EDNA44	3
c66a97f63e6dc84b82f546be46399a86	EDNA17	1
c66a97f63e6dc84b82f546be46399a86	EDNA81	38
c66a97f63e6dc84b82f546be46399a86	EDNA45	1
c66a97f63e6dc84b82f546be46399a86	EDNA27	8
c66a97f63e6dc84b82f546be46399a86	EDNA91	15
c66a97f63e6dc84b82f546be46399a86	EDNA82	22
c66a97f63e6dc84b82f546be46399a86	EDNA46	1
c66a97f63e6dc84b82f546be46399a86	EDNA92	3
c66a97f63e6dc84b82f546be46399a86	EDNA83	19
c66a97f63e6dc84b82f546be46399a86	EDNA47	3
c66a97f63e6dc84b82f546be46399a86	EDNA93	8
c66a97f63e6dc84b82f546be46399a86	EDNA84	7
c66a97f63e6dc84b82f546be46399a86	EDNA85	22
c66a97f63e6dc84b82f546be46399a86	EDNA58	1
c66a97f63e6dc84b82f546be46399a86	EDNA86	14
304959775e4f8c53e04275864203d313	EDNA69	43
304959775e4f8c53e04275864203d313	EDNA70	26
304959775e4f8c53e04275864203d313	EDNA71	16
304959775e4f8c53e04275864203d313	EDNA67	55
304959775e4f8c53e04275864203d313	EDNA68	66
4e4007643ff2c3a38e8063e03b4ff517	MB8	2
4e4007643ff2c3a38e8063e03b4ff517	MB10	2
4e4007643ff2c3a38e8063e03b4ff517	MB9	20
4e4007643ff2c3a38e8063e03b4ff517	MB20	10
4e4007643ff2c3a38e8063e03b4ff517	MB12	2
4e4007643ff2c3a38e8063e03b4ff517	MB22	3
4e4007643ff2c3a38e8063e03b4ff517	MB13	21
4e4007643ff2c3a38e8063e03b4ff517	EDNA99	8
4e4007643ff2c3a38e8063e03b4ff517	EDNA41	44
4e4007643ff2c3a38e8063e03b4ff517	MB23	13
4e4007643ff2c3a38e8063e03b4ff517	MB14	6
4e4007643ff2c3a38e8063e03b4ff517	EDNA60	13
4e4007643ff2c3a38e8063e03b4ff517	EDNA15	5
4e4007643ff2c3a38e8063e03b4ff517	MB24	7
4e4007643ff2c3a38e8063e03b4ff517	MB16	12
4e4007643ff2c3a38e8063e03b4ff517	EDNA44	18
4e4007643ff2c3a38e8063e03b4ff517	MB2	9
4e4007643ff2c3a38e8063e03b4ff517	MB4	4
4e4007643ff2c3a38e8063e03b4ff517	MB6	6
f598e0a01717d10e9033b402ceaf9d4b	EDNA69	10
f598e0a01717d10e9033b402ceaf9d4b	EDNA70	11
f598e0a01717d10e9033b402ceaf9d4b	EDNA71	24
f598e0a01717d10e9033b402ceaf9d4b	EDNA82	15
f598e0a01717d10e9033b402ceaf9d4b	EDNA73	25
f598e0a01717d10e9033b402ceaf9d4b	EDNA83	44
f598e0a01717d10e9033b402ceaf9d4b	EDNA74	32
f598e0a01717d10e9033b402ceaf9d4b	EDNA84	12
f598e0a01717d10e9033b402ceaf9d4b	EDNA67	10
f598e0a01717d10e9033b402ceaf9d4b	EDNA68	21
050bb834a63465c8559187c1d6c38ea8	EDNA11	7
050bb834a63465c8559187c1d6c38ea8	EDNA12	12
050bb834a63465c8559187c1d6c38ea8	EDNA31	25
050bb834a63465c8559187c1d6c38ea8	EDNA13	3
050bb834a63465c8559187c1d6c38ea8	EDNA14	5
050bb834a63465c8559187c1d6c38ea8	EDNA1	28
050bb834a63465c8559187c1d6c38ea8	EDNA43	15
050bb834a63465c8559187c1d6c38ea8	EDNA62	2
050bb834a63465c8559187c1d6c38ea8	EDNA63	2
050bb834a63465c8559187c1d6c38ea8	EDNA45	33
050bb834a63465c8559187c1d6c38ea8	EDNA46	13
050bb834a63465c8559187c1d6c38ea8	MB4	2
050bb834a63465c8559187c1d6c38ea8	EDNA7	9
050bb834a63465c8559187c1d6c38ea8	MB6	2
050bb834a63465c8559187c1d6c38ea8	EDNA8	4
050bb834a63465c8559187c1d6c38ea8	EDNA58	4
050bb834a63465c8559187c1d6c38ea8	EDNA9	32
050bb834a63465c8559187c1d6c38ea8	EDNA95	2
050bb834a63465c8559187c1d6c38ea8	EDNA10	3
cafef397cd6c607990dae6ab560bda02	EDNA79	2
cafef397cd6c607990dae6ab560bda02	EDNA12	1
cafef397cd6c607990dae6ab560bda02	EDNA31	9
cafef397cd6c607990dae6ab560bda02	EDNA13	4
cafef397cd6c607990dae6ab560bda02	EDNA42	2
cafef397cd6c607990dae6ab560bda02	EDNA1	10
cafef397cd6c607990dae6ab560bda02	EDNA43	54
cafef397cd6c607990dae6ab560bda02	EDNA34	3
cafef397cd6c607990dae6ab560bda02	EDNA2	2
cafef397cd6c607990dae6ab560bda02	EDNA25	1
cafef397cd6c607990dae6ab560bda02	EDNA16	1
cafef397cd6c607990dae6ab560bda02	MB1	6
cafef397cd6c607990dae6ab560bda02	EDNA80	15
cafef397cd6c607990dae6ab560bda02	EDNA62	1
cafef397cd6c607990dae6ab560bda02	EDNA44	13
cafef397cd6c607990dae6ab560bda02	EDNA3	6
cafef397cd6c607990dae6ab560bda02	EDNA26	1
cafef397cd6c607990dae6ab560bda02	EDNA81	7
cafef397cd6c607990dae6ab560bda02	EDNA45	42
cafef397cd6c607990dae6ab560bda02	EDNA18	3
cafef397cd6c607990dae6ab560bda02	EDNA46	4
cafef397cd6c607990dae6ab560bda02	EDNA7	2
cafef397cd6c607990dae6ab560bda02	EDNA48	3
cafef397cd6c607990dae6ab560bda02	EDNA8	6
cafef397cd6c607990dae6ab560bda02	EDNA9	3
cafef397cd6c607990dae6ab560bda02	EDNA86	2
987321e0361553f039389256a1b6c4c0	EDNA69	64
987321e0361553f039389256a1b6c4c0	MB17	36
987321e0361553f039389256a1b6c4c0	MB19	23
987321e0361553f039389256a1b6c4c0	EDNA75	1
987321e0361553f039389256a1b6c4c0	EDNA85	1
987321e0361553f039389256a1b6c4c0	EDNA67	73
987321e0361553f039389256a1b6c4c0	EDNA68	5
83abb405bad15abc2b1fbdf0f38b97af	EDNA47	3
83abb405bad15abc2b1fbdf0f38b97af	EDNA3	7
83abb405bad15abc2b1fbdf0f38b97af	EDNA9	8
83abb405bad15abc2b1fbdf0f38b97af	EDNA80	3
83abb405bad15abc2b1fbdf0f38b97af	EDNA81	10
83abb405bad15abc2b1fbdf0f38b97af	EDNA85	1
83abb405bad15abc2b1fbdf0f38b97af	EDNA86	1
83abb405bad15abc2b1fbdf0f38b97af	EDNA87	2
83abb405bad15abc2b1fbdf0f38b97af	MB4	2
83abb405bad15abc2b1fbdf0f38b97af	MB9	2
83abb405bad15abc2b1fbdf0f38b97af	EDNA10	2
83abb405bad15abc2b1fbdf0f38b97af	EDNA12	2
83abb405bad15abc2b1fbdf0f38b97af	EDNA13	2
83abb405bad15abc2b1fbdf0f38b97af	EDNA15	5
83abb405bad15abc2b1fbdf0f38b97af	EDNA16	2
83abb405bad15abc2b1fbdf0f38b97af	EDNA17	7
83abb405bad15abc2b1fbdf0f38b97af	EDNA18	5
83abb405bad15abc2b1fbdf0f38b97af	EDNA31	1
83abb405bad15abc2b1fbdf0f38b97af	EDNA32	4
83abb405bad15abc2b1fbdf0f38b97af	EDNA33	2
83abb405bad15abc2b1fbdf0f38b97af	EDNA34	7
83abb405bad15abc2b1fbdf0f38b97af	EDNA35	1
83abb405bad15abc2b1fbdf0f38b97af	EDNA36	3
83abb405bad15abc2b1fbdf0f38b97af	EDNA56	2
83abb405bad15abc2b1fbdf0f38b97af	EDNA57	6
83abb405bad15abc2b1fbdf0f38b97af	EDNA91	11
83abb405bad15abc2b1fbdf0f38b97af	EDNA92	2
83abb405bad15abc2b1fbdf0f38b97af	EDNA93	1
83abb405bad15abc2b1fbdf0f38b97af	EDNA94	7
83abb405bad15abc2b1fbdf0f38b97af	EDNA97	1
83abb405bad15abc2b1fbdf0f38b97af	EDNA99	3
83abb405bad15abc2b1fbdf0f38b97af	EDNA22	7
83abb405bad15abc2b1fbdf0f38b97af	EDNA23	8
83abb405bad15abc2b1fbdf0f38b97af	EDNA24	12
83abb405bad15abc2b1fbdf0f38b97af	EDNA25	13
83abb405bad15abc2b1fbdf0f38b97af	EDNA26	24
83abb405bad15abc2b1fbdf0f38b97af	EDNA27	5
83abb405bad15abc2b1fbdf0f38b97af	EDNA41	2
83abb405bad15abc2b1fbdf0f38b97af	EDNA42	12
83abb405bad15abc2b1fbdf0f38b97af	EDNA44	4
c144c80c3c82d1d66daae1e118e0f6ba	MB8	2
c144c80c3c82d1d66daae1e118e0f6ba	MB9	3
c144c80c3c82d1d66daae1e118e0f6ba	MB11	6
c144c80c3c82d1d66daae1e118e0f6ba	MB13	12
c144c80c3c82d1d66daae1e118e0f6ba	EDNA53	2
c144c80c3c82d1d66daae1e118e0f6ba	EDNA44	75
c144c80c3c82d1d66daae1e118e0f6ba	EDNA17	1
c144c80c3c82d1d66daae1e118e0f6ba	EDNA63	5
c144c80c3c82d1d66daae1e118e0f6ba	EDNA45	93
c144c80c3c82d1d66daae1e118e0f6ba	EDNA59	3
e933ce898a6edcea80957de144aaa739	MB20	87
e933ce898a6edcea80957de144aaa739	MB23	115
4a298d0d7ed4407ce0b41f9bba662dcb	EDNA80	43
4a298d0d7ed4407ce0b41f9bba662dcb	EDNA82	14
4a298d0d7ed4407ce0b41f9bba662dcb	EDNA73	92
4a298d0d7ed4407ce0b41f9bba662dcb	EDNA83	16
4a298d0d7ed4407ce0b41f9bba662dcb	EDNA84	26
4a298d0d7ed4407ce0b41f9bba662dcb	EDNA86	10
a5e0e0fae82f71ea5949752daee80197	EDNA69	43
a5e0e0fae82f71ea5949752daee80197	EDNA67	156
d6aafde3fddbcaa82e2a61c5e937d6a8	EDNA87	2
d6aafde3fddbcaa82e2a61c5e937d6a8	EDNA79	4
d6aafde3fddbcaa82e2a61c5e937d6a8	EDNA31	32
d6aafde3fddbcaa82e2a61c5e937d6a8	MB13	2
d6aafde3fddbcaa82e2a61c5e937d6a8	EDNA14	5
d6aafde3fddbcaa82e2a61c5e937d6a8	EDNA1	4
d6aafde3fddbcaa82e2a61c5e937d6a8	EDNA80	10
d6aafde3fddbcaa82e2a61c5e937d6a8	EDNA62	1
d6aafde3fddbcaa82e2a61c5e937d6a8	EDNA17	1
d6aafde3fddbcaa82e2a61c5e937d6a8	EDNA81	5
d6aafde3fddbcaa82e2a61c5e937d6a8	EDNA45	13
d6aafde3fddbcaa82e2a61c5e937d6a8	EDNA82	3
d6aafde3fddbcaa82e2a61c5e937d6a8	EDNA73	8
d6aafde3fddbcaa82e2a61c5e937d6a8	EDNA74	16
d6aafde3fddbcaa82e2a61c5e937d6a8	EDNA7	25
d6aafde3fddbcaa82e2a61c5e937d6a8	EDNA85	13
d6aafde3fddbcaa82e2a61c5e937d6a8	EDNA9	35
d6aafde3fddbcaa82e2a61c5e937d6a8	EDNA86	19
9de595f27f7bbfae99e0977164e7865c	EDNA96	1
9de595f27f7bbfae99e0977164e7865c	EDNA11	6
9de595f27f7bbfae99e0977164e7865c	EDNA12	4
9de595f27f7bbfae99e0977164e7865c	EDNA98	2
9de595f27f7bbfae99e0977164e7865c	EDNA31	3
9de595f27f7bbfae99e0977164e7865c	EDNA22	8
9de595f27f7bbfae99e0977164e7865c	EDNA13	4
9de595f27f7bbfae99e0977164e7865c	EDNA99	1
9de595f27f7bbfae99e0977164e7865c	EDNA32	2
9de595f27f7bbfae99e0977164e7865c	EDNA23	11
9de595f27f7bbfae99e0977164e7865c	EDNA24	7
9de595f27f7bbfae99e0977164e7865c	EDNA1	8
9de595f27f7bbfae99e0977164e7865c	EDNA15	7
9de595f27f7bbfae99e0977164e7865c	EDNA34	4
9de595f27f7bbfae99e0977164e7865c	EDNA2	2
9de595f27f7bbfae99e0977164e7865c	EDNA25	18
9de595f27f7bbfae99e0977164e7865c	EDNA3	20
9de595f27f7bbfae99e0977164e7865c	EDNA35	5
9de595f27f7bbfae99e0977164e7865c	EDNA26	13
9de595f27f7bbfae99e0977164e7865c	EDNA17	10
9de595f27f7bbfae99e0977164e7865c	EDNA63	4
9de595f27f7bbfae99e0977164e7865c	EDNA36	3
9de595f27f7bbfae99e0977164e7865c	EDNA27	12
9de595f27f7bbfae99e0977164e7865c	EDNA18	5
9de595f27f7bbfae99e0977164e7865c	EDNA55	4
9de595f27f7bbfae99e0977164e7865c	EDNA46	1
9de595f27f7bbfae99e0977164e7865c	EDNA56	3
9de595f27f7bbfae99e0977164e7865c	EDNA7	7
9de595f27f7bbfae99e0977164e7865c	EDNA57	3
9de595f27f7bbfae99e0977164e7865c	EDNA94	2
9de595f27f7bbfae99e0977164e7865c	EDNA8	3
9de595f27f7bbfae99e0977164e7865c	EDNA58	1
9de595f27f7bbfae99e0977164e7865c	EDNA9	1
9de595f27f7bbfae99e0977164e7865c	EDNA95	2
9de595f27f7bbfae99e0977164e7865c	EDNA59	5
9de595f27f7bbfae99e0977164e7865c	EDNA10	5
db6c0801dcdbb66f97053d5056ddbe55	EDNA40	4
db6c0801dcdbb66f97053d5056ddbe55	MB13	30
db6c0801dcdbb66f97053d5056ddbe55	EDNA43	57
db6c0801dcdbb66f97053d5056ddbe55	EDNA44	22
db6c0801dcdbb66f97053d5056ddbe55	EDNA45	83
db6c0801dcdbb66f97053d5056ddbe55	EDNA56	1
d21c157323ac604812ad0ac619b38621	EDNA69	9
d21c157323ac604812ad0ac619b38621	EDNA70	7
d21c157323ac604812ad0ac619b38621	EDNA71	9
d21c157323ac604812ad0ac619b38621	MB17	63
d21c157323ac604812ad0ac619b38621	MB18	52
d21c157323ac604812ad0ac619b38621	MB19	7
d21c157323ac604812ad0ac619b38621	EDNA75	24
d21c157323ac604812ad0ac619b38621	EDNA67	15
d21c157323ac604812ad0ac619b38621	EDNA68	11
0b9b8b0a8cf1d3ec992b92beb456d760	EDNA70	42
0b9b8b0a8cf1d3ec992b92beb456d760	EDNA71	137
0b9b8b0a8cf1d3ec992b92beb456d760	EDNA74	3
0b9b8b0a8cf1d3ec992b92beb456d760	EDNA75	3
0b9b8b0a8cf1d3ec992b92beb456d760	EDNA68	10
cf0232adb97d2b1629ab132b23b0aba2	MB13	18
cf0232adb97d2b1629ab132b23b0aba2	EDNA43	46
cf0232adb97d2b1629ab132b23b0aba2	EDNA44	58
cf0232adb97d2b1629ab132b23b0aba2	EDNA45	71
63678d63be989388b0643afbd83e5132	EDNA69	56
63678d63be989388b0643afbd83e5132	EDNA67	95
63678d63be989388b0643afbd83e5132	EDNA68	40
4ec8f288063304409a9dbd28c530e464	MB13	3
4ec8f288063304409a9dbd28c530e464	EDNA43	104
4ec8f288063304409a9dbd28c530e464	EDNA62	3
4ec8f288063304409a9dbd28c530e464	EDNA17	11
4ec8f288063304409a9dbd28c530e464	EDNA63	5
4ec8f288063304409a9dbd28c530e464	EDNA45	27
4ec8f288063304409a9dbd28c530e464	EDNA55	10
4ec8f288063304409a9dbd28c530e464	EDNA48	7
4ec8f288063304409a9dbd28c530e464	EDNA86	15
4ec8f288063304409a9dbd28c530e464	EDNA59	4
daea27198f33fffe1b05298c10b5ef22	EDNA1	114
daea27198f33fffe1b05298c10b5ef22	EDNA2	61
daea27198f33fffe1b05298c10b5ef22	EDNA26	9
daea27198f33fffe1b05298c10b5ef22	MB4	4
6c16cfeda2a6232a560efd957ceef9de	MB1	37
6c16cfeda2a6232a560efd957ceef9de	EDNA71	48
6c16cfeda2a6232a560efd957ceef9de	EDNA44	14
6c16cfeda2a6232a560efd957ceef9de	EDNA3	35
6c16cfeda2a6232a560efd957ceef9de	MB18	48
6c16cfeda2a6232a560efd957ceef9de	EDNA55	2
6c16cfeda2a6232a560efd957ceef9de	EDNA48	4
76dd889bf126f984d370c980629b850d	EDNA69	1
76dd889bf126f984d370c980629b850d	MB11	3
76dd889bf126f984d370c980629b850d	EDNA79	1
76dd889bf126f984d370c980629b850d	EDNA40	1
76dd889bf126f984d370c980629b850d	EDNA70	12
76dd889bf126f984d370c980629b850d	EDNA61	2
76dd889bf126f984d370c980629b850d	EDNA34	4
76dd889bf126f984d370c980629b850d	EDNA16	2
76dd889bf126f984d370c980629b850d	EDNA80	6
76dd889bf126f984d370c980629b850d	EDNA71	8
76dd889bf126f984d370c980629b850d	EDNA44	1
76dd889bf126f984d370c980629b850d	EDNA18	2
76dd889bf126f984d370c980629b850d	EDNA73	52
76dd889bf126f984d370c980629b850d	EDNA74	31
76dd889bf126f984d370c980629b850d	EDNA84	1
76dd889bf126f984d370c980629b850d	EDNA75	32
76dd889bf126f984d370c980629b850d	EDNA67	6
76dd889bf126f984d370c980629b850d	EDNA68	21
eb9d20c1792dd942b294e1eaa6b36a8a	EDNA87	3
eb9d20c1792dd942b294e1eaa6b36a8a	EDNA99	3
eb9d20c1792dd942b294e1eaa6b36a8a	EDNA23	68
eb9d20c1792dd942b294e1eaa6b36a8a	EDNA33	2
eb9d20c1792dd942b294e1eaa6b36a8a	EDNA24	22
eb9d20c1792dd942b294e1eaa6b36a8a	EDNA25	20
eb9d20c1792dd942b294e1eaa6b36a8a	EDNA26	16
eb9d20c1792dd942b294e1eaa6b36a8a	EDNA18	12
eb9d20c1792dd942b294e1eaa6b36a8a	EDNA47	27
eb9d20c1792dd942b294e1eaa6b36a8a	EDNA95	12
cad9472b618e83a2fcb24ffcfff136fb	EDNA69	21
cad9472b618e83a2fcb24ffcfff136fb	EDNA70	26
cad9472b618e83a2fcb24ffcfff136fb	EDNA71	11
cad9472b618e83a2fcb24ffcfff136fb	EDNA73	1
cad9472b618e83a2fcb24ffcfff136fb	MB19	4
cad9472b618e83a2fcb24ffcfff136fb	EDNA74	37
cad9472b618e83a2fcb24ffcfff136fb	EDNA67	67
cad9472b618e83a2fcb24ffcfff136fb	EDNA68	18
4c10402059f099985644d399801e69e6	EDNA22	12
4c10402059f099985644d399801e69e6	EDNA13	2
4c10402059f099985644d399801e69e6	EDNA23	80
4c10402059f099985644d399801e69e6	EDNA14	4
4c10402059f099985644d399801e69e6	EDNA24	81
4c10402059f099985644d399801e69e6	EDNA16	1
4c10402059f099985644d399801e69e6	EDNA53	1
4c10402059f099985644d399801e69e6	EDNA57	3
bb0a0c77752b74014f0c35a9cf3f10c1	MB8	7
bb0a0c77752b74014f0c35a9cf3f10c1	MB9	2
bb0a0c77752b74014f0c35a9cf3f10c1	MB12	6
bb0a0c77752b74014f0c35a9cf3f10c1	EDNA24	4
bb0a0c77752b74014f0c35a9cf3f10c1	EDNA15	7
bb0a0c77752b74014f0c35a9cf3f10c1	EDNA43	2
bb0a0c77752b74014f0c35a9cf3f10c1	EDNA34	112
bb0a0c77752b74014f0c35a9cf3f10c1	MB16	2
bb0a0c77752b74014f0c35a9cf3f10c1	EDNA17	7
bb0a0c77752b74014f0c35a9cf3f10c1	MB4	3
bb0a0c77752b74014f0c35a9cf3f10c1	MB7	32
e32ae88570860c1d7165e16400a05896	MB8	64
e32ae88570860c1d7165e16400a05896	MB20	6
e32ae88570860c1d7165e16400a05896	MB16	114
d684668d075873bbefdb4232cd9fe683	EDNA96	5
d684668d075873bbefdb4232cd9fe683	EDNA12	2
d684668d075873bbefdb4232cd9fe683	EDNA40	9
d684668d075873bbefdb4232cd9fe683	EDNA22	1
d684668d075873bbefdb4232cd9fe683	EDNA99	1
d684668d075873bbefdb4232cd9fe683	EDNA41	2
d684668d075873bbefdb4232cd9fe683	EDNA23	5
d684668d075873bbefdb4232cd9fe683	EDNA14	4
d684668d075873bbefdb4232cd9fe683	EDNA42	2
d684668d075873bbefdb4232cd9fe683	EDNA24	9
d684668d075873bbefdb4232cd9fe683	EDNA43	7
d684668d075873bbefdb4232cd9fe683	EDNA25	4
d684668d075873bbefdb4232cd9fe683	EDNA16	2
d684668d075873bbefdb4232cd9fe683	EDNA80	9
d684668d075873bbefdb4232cd9fe683	EDNA26	4
d684668d075873bbefdb4232cd9fe683	EDNA17	6
d684668d075873bbefdb4232cd9fe683	EDNA81	6
d684668d075873bbefdb4232cd9fe683	EDNA45	11
d684668d075873bbefdb4232cd9fe683	EDNA27	11
d684668d075873bbefdb4232cd9fe683	EDNA18	5
d684668d075873bbefdb4232cd9fe683	EDNA91	3
d684668d075873bbefdb4232cd9fe683	EDNA73	10
d684668d075873bbefdb4232cd9fe683	EDNA83	2
d684668d075873bbefdb4232cd9fe683	EDNA74	14
d684668d075873bbefdb4232cd9fe683	EDNA47	12
d684668d075873bbefdb4232cd9fe683	EDNA93	4
d684668d075873bbefdb4232cd9fe683	EDNA75	11
d684668d075873bbefdb4232cd9fe683	EDNA48	1
d684668d075873bbefdb4232cd9fe683	EDNA8	4
d684668d075873bbefdb4232cd9fe683	EDNA85	4
d684668d075873bbefdb4232cd9fe683	EDNA9	8
d684668d075873bbefdb4232cd9fe683	EDNA95	1
d684668d075873bbefdb4232cd9fe683	EDNA86	3
d1eb2a8e951961f49336b13e657e3df4	EDNA31	70
d1eb2a8e951961f49336b13e657e3df4	EDNA32	36
d1eb2a8e951961f49336b13e657e3df4	EDNA14	1
d1eb2a8e951961f49336b13e657e3df4	EDNA33	25
d1eb2a8e951961f49336b13e657e3df4	EDNA34	47
d1eb2a8e951961f49336b13e657e3df4	EDNA3	2
d1eb2a8e951961f49336b13e657e3df4	EDNA35	1
601878fb21d64dcda6af4612731b9641	EDNA22	3
601878fb21d64dcda6af4612731b9641	EDNA23	117
601878fb21d64dcda6af4612731b9641	EDNA24	7
601878fb21d64dcda6af4612731b9641	EDNA26	33
601878fb21d64dcda6af4612731b9641	EDNA27	15
601878fb21d64dcda6af4612731b9641	EDNA9	7
ef905c3f17b83166738c9de20d1d431b	EDNA69	64
ef905c3f17b83166738c9de20d1d431b	EDNA71	3
ef905c3f17b83166738c9de20d1d431b	EDNA67	17
ef905c3f17b83166738c9de20d1d431b	EDNA68	98
38bd41131b4b5827235717cc69b8876f	EDNA96	21
38bd41131b4b5827235717cc69b8876f	EDNA11	19
38bd41131b4b5827235717cc69b8876f	EDNA32	44
38bd41131b4b5827235717cc69b8876f	EDNA15	6
38bd41131b4b5827235717cc69b8876f	EDNA3	33
38bd41131b4b5827235717cc69b8876f	EDNA63	12
38bd41131b4b5827235717cc69b8876f	EDNA27	45
eef326a30f49fc899b3f23abac8390bf	EDNA41	6
eef326a30f49fc899b3f23abac8390bf	EDNA34	57
eef326a30f49fc899b3f23abac8390bf	MB5	117
a743437ef4f98b8fa7c621f0b2aef8ab	MB20	29
a743437ef4f98b8fa7c621f0b2aef8ab	MB13	136
a743437ef4f98b8fa7c621f0b2aef8ab	EDNA48	12
5c6c3290c7d396e8dd5f802fc874ed50	MB13	1
5c6c3290c7d396e8dd5f802fc874ed50	EDNA43	52
5c6c3290c7d396e8dd5f802fc874ed50	EDNA71	4
5c6c3290c7d396e8dd5f802fc874ed50	EDNA44	21
5c6c3290c7d396e8dd5f802fc874ed50	EDNA81	33
5c6c3290c7d396e8dd5f802fc874ed50	EDNA45	15
5c6c3290c7d396e8dd5f802fc874ed50	EDNA57	6
5c6c3290c7d396e8dd5f802fc874ed50	EDNA94	3
5c6c3290c7d396e8dd5f802fc874ed50	EDNA67	5
5c6c3290c7d396e8dd5f802fc874ed50	EDNA68	35
5c6c3290c7d396e8dd5f802fc874ed50	EDNA59	1
a572bca69affc2217e9fd64753cbeed2	EDNA71	38
a572bca69affc2217e9fd64753cbeed2	MB17	32
a572bca69affc2217e9fd64753cbeed2	MB18	23
a572bca69affc2217e9fd64753cbeed2	MB19	5
a572bca69affc2217e9fd64753cbeed2	EDNA83	8
a572bca69affc2217e9fd64753cbeed2	EDNA74	40
a572bca69affc2217e9fd64753cbeed2	EDNA85	2
a572bca69affc2217e9fd64753cbeed2	EDNA68	28
7fa52a11a656f17915fea49e39348010	MB17	104
7fa52a11a656f17915fea49e39348010	MB18	72
223113b83422265bd582c51a79eb814a	EDNA41	39
223113b83422265bd582c51a79eb814a	EDNA42	11
223113b83422265bd582c51a79eb814a	EDNA43	26
223113b83422265bd582c51a79eb814a	EDNA44	5
223113b83422265bd582c51a79eb814a	EDNA73	52
223113b83422265bd582c51a79eb814a	EDNA46	1
223113b83422265bd582c51a79eb814a	MB4	1
223113b83422265bd582c51a79eb814a	EDNA74	9
223113b83422265bd582c51a79eb814a	EDNA47	12
223113b83422265bd582c51a79eb814a	MB6	2
223113b83422265bd582c51a79eb814a	EDNA68	15
223113b83422265bd582c51a79eb814a	EDNA10	2
385fe83654b08e1a5f61d7daec9d5eea	MB18	57
385fe83654b08e1a5f61d7daec9d5eea	MB5	118
18b8597bd732d16f0a982c8fe5d92d45	EDNA13	30
18b8597bd732d16f0a982c8fe5d92d45	EDNA14	2
18b8597bd732d16f0a982c8fe5d92d45	EDNA15	6
18b8597bd732d16f0a982c8fe5d92d45	EDNA16	6
18b8597bd732d16f0a982c8fe5d92d45	EDNA17	26
18b8597bd732d16f0a982c8fe5d92d45	EDNA18	6
18b8597bd732d16f0a982c8fe5d92d45	EDNA7	16
18b8597bd732d16f0a982c8fe5d92d45	EDNA8	21
18b8597bd732d16f0a982c8fe5d92d45	EDNA9	57
18b8597bd732d16f0a982c8fe5d92d45	EDNA10	4
1f4f19e3d0d2737da1c1838d4ac40147	EDNA22	21
1f4f19e3d0d2737da1c1838d4ac40147	EDNA13	3
1f4f19e3d0d2737da1c1838d4ac40147	EDNA23	26
1f4f19e3d0d2737da1c1838d4ac40147	EDNA14	18
1f4f19e3d0d2737da1c1838d4ac40147	EDNA24	17
1f4f19e3d0d2737da1c1838d4ac40147	EDNA15	5
1f4f19e3d0d2737da1c1838d4ac40147	EDNA34	4
1f4f19e3d0d2737da1c1838d4ac40147	EDNA25	27
1f4f19e3d0d2737da1c1838d4ac40147	EDNA16	1
1f4f19e3d0d2737da1c1838d4ac40147	EDNA26	12
1f4f19e3d0d2737da1c1838d4ac40147	EDNA17	1
1f4f19e3d0d2737da1c1838d4ac40147	EDNA27	38
2655211feb212848711b085486e6c280	EDNA96	12
2655211feb212848711b085486e6c280	MB11	5
2655211feb212848711b085486e6c280	MB13	3
2655211feb212848711b085486e6c280	EDNA43	13
2655211feb212848711b085486e6c280	EDNA44	10
2655211feb212848711b085486e6c280	EDNA63	3
2655211feb212848711b085486e6c280	EDNA45	35
2655211feb212848711b085486e6c280	EDNA36	74
2655211feb212848711b085486e6c280	EDNA46	16
5222ec42110aebd5f224fddff494d97b	MB8	1
5222ec42110aebd5f224fddff494d97b	MB20	4
5222ec42110aebd5f224fddff494d97b	MB21	2
5222ec42110aebd5f224fddff494d97b	MB22	6
5222ec42110aebd5f224fddff494d97b	MB23	21
5222ec42110aebd5f224fddff494d97b	EDNA43	5
5222ec42110aebd5f224fddff494d97b	EDNA82	131
0cb3e0ab04d0ef12eafdf8a3c8f9c74c	EDNA69	22
0cb3e0ab04d0ef12eafdf8a3c8f9c74c	EDNA71	3
0cb3e0ab04d0ef12eafdf8a3c8f9c74c	MB17	16
0cb3e0ab04d0ef12eafdf8a3c8f9c74c	EDNA73	53
0cb3e0ab04d0ef12eafdf8a3c8f9c74c	EDNA67	34
0cb3e0ab04d0ef12eafdf8a3c8f9c74c	EDNA68	40
a773cf17b6518a370c23d2303a2f96dc	EDNA70	27
a773cf17b6518a370c23d2303a2f96dc	MB17	103
a773cf17b6518a370c23d2303a2f96dc	MB18	30
a773cf17b6518a370c23d2303a2f96dc	MB19	8
e96b2df3831df6afbb2978a5cf27cd23	EDNA69	2
e96b2df3831df6afbb2978a5cf27cd23	EDNA79	1
e96b2df3831df6afbb2978a5cf27cd23	EDNA70	8
e96b2df3831df6afbb2978a5cf27cd23	EDNA71	3
e96b2df3831df6afbb2978a5cf27cd23	EDNA73	138
e96b2df3831df6afbb2978a5cf27cd23	EDNA75	1
e96b2df3831df6afbb2978a5cf27cd23	EDNA67	9
e96b2df3831df6afbb2978a5cf27cd23	EDNA86	1
e96b2df3831df6afbb2978a5cf27cd23	EDNA68	2
f0ce2d1a75f354cc045cb0aa8179ad0e	EDNA69	22
f0ce2d1a75f354cc045cb0aa8179ad0e	MB21	3
f0ce2d1a75f354cc045cb0aa8179ad0e	EDNA70	12
f0ce2d1a75f354cc045cb0aa8179ad0e	EDNA71	44
f0ce2d1a75f354cc045cb0aa8179ad0e	MB17	24
f0ce2d1a75f354cc045cb0aa8179ad0e	MB18	52
f0ce2d1a75f354cc045cb0aa8179ad0e	MB19	6
09fa0c4efe0c14a2bebbd5d1c9f88ce3	EDNA11	3
09fa0c4efe0c14a2bebbd5d1c9f88ce3	EDNA12	2
09fa0c4efe0c14a2bebbd5d1c9f88ce3	EDNA40	5
09fa0c4efe0c14a2bebbd5d1c9f88ce3	EDNA31	30
09fa0c4efe0c14a2bebbd5d1c9f88ce3	EDNA32	17
09fa0c4efe0c14a2bebbd5d1c9f88ce3	EDNA14	2
09fa0c4efe0c14a2bebbd5d1c9f88ce3	EDNA33	12
09fa0c4efe0c14a2bebbd5d1c9f88ce3	EDNA1	10
09fa0c4efe0c14a2bebbd5d1c9f88ce3	EDNA34	7
09fa0c4efe0c14a2bebbd5d1c9f88ce3	EDNA2	15
09fa0c4efe0c14a2bebbd5d1c9f88ce3	EDNA46	1
09fa0c4efe0c14a2bebbd5d1c9f88ce3	EDNA7	22
09fa0c4efe0c14a2bebbd5d1c9f88ce3	EDNA8	25
09fa0c4efe0c14a2bebbd5d1c9f88ce3	EDNA10	11
1881b0cbcb78adf119ef7a1a5f5f7686	EDNA31	25
1881b0cbcb78adf119ef7a1a5f5f7686	EDNA22	6
1881b0cbcb78adf119ef7a1a5f5f7686	EDNA24	5
1881b0cbcb78adf119ef7a1a5f5f7686	EDNA34	53
1881b0cbcb78adf119ef7a1a5f5f7686	EDNA80	6
1881b0cbcb78adf119ef7a1a5f5f7686	EDNA35	8
1881b0cbcb78adf119ef7a1a5f5f7686	EDNA26	8
1881b0cbcb78adf119ef7a1a5f5f7686	EDNA81	8
1881b0cbcb78adf119ef7a1a5f5f7686	EDNA27	34
1881b0cbcb78adf119ef7a1a5f5f7686	EDNA92	3
1881b0cbcb78adf119ef7a1a5f5f7686	EDNA48	2
1881b0cbcb78adf119ef7a1a5f5f7686	EDNA86	4
dc09c26570547461d93b965f9d20b107	MB21	7
dc09c26570547461d93b965f9d20b107	EDNA81	6
dc09c26570547461d93b965f9d20b107	EDNA27	1
dc09c26570547461d93b965f9d20b107	EDNA82	21
dc09c26570547461d93b965f9d20b107	EDNA83	45
dc09c26570547461d93b965f9d20b107	EDNA93	9
dc09c26570547461d93b965f9d20b107	EDNA84	73
4c83b8e3067a1072e5993091ac29307b	EDNA87	2
4c83b8e3067a1072e5993091ac29307b	EDNA81	10
4c83b8e3067a1072e5993091ac29307b	MB19	2
4c83b8e3067a1072e5993091ac29307b	EDNA74	65
4c83b8e3067a1072e5993091ac29307b	EDNA75	63
4c83b8e3067a1072e5993091ac29307b	EDNA67	11
4c83b8e3067a1072e5993091ac29307b	EDNA68	9
0850639facd0c3b75758ab69033152ac	EDNA11	2
0850639facd0c3b75758ab69033152ac	EDNA12	4
0850639facd0c3b75758ab69033152ac	EDNA31	38
0850639facd0c3b75758ab69033152ac	EDNA22	10
0850639facd0c3b75758ab69033152ac	EDNA13	2
0850639facd0c3b75758ab69033152ac	EDNA41	2
0850639facd0c3b75758ab69033152ac	EDNA32	8
0850639facd0c3b75758ab69033152ac	EDNA33	18
0850639facd0c3b75758ab69033152ac	EDNA24	5
0850639facd0c3b75758ab69033152ac	EDNA70	2
0850639facd0c3b75758ab69033152ac	EDNA43	1
0850639facd0c3b75758ab69033152ac	EDNA80	8
0850639facd0c3b75758ab69033152ac	EDNA44	3
0850639facd0c3b75758ab69033152ac	EDNA3	3
0850639facd0c3b75758ab69033152ac	EDNA26	7
0850639facd0c3b75758ab69033152ac	EDNA17	3
0850639facd0c3b75758ab69033152ac	MB2	1
0850639facd0c3b75758ab69033152ac	EDNA45	6
0850639facd0c3b75758ab69033152ac	EDNA36	7
0850639facd0c3b75758ab69033152ac	EDNA27	4
0850639facd0c3b75758ab69033152ac	EDNA18	3
0850639facd0c3b75758ab69033152ac	EDNA46	6
0850639facd0c3b75758ab69033152ac	MB4	1
0850639facd0c3b75758ab69033152ac	MB6	3
0850639facd0c3b75758ab69033152ac	EDNA8	3
0850639facd0c3b75758ab69033152ac	EDNA9	9
0850639facd0c3b75758ab69033152ac	EDNA10	1
45564e4cca6e78eae8d036fd356067dc	EDNA82	82
45564e4cca6e78eae8d036fd356067dc	EDNA83	77
990f01be476e8eada04637c299aaacd1	EDNA11	8
990f01be476e8eada04637c299aaacd1	EDNA12	16
990f01be476e8eada04637c299aaacd1	EDNA31	1
990f01be476e8eada04637c299aaacd1	EDNA13	2
990f01be476e8eada04637c299aaacd1	MB13	1
990f01be476e8eada04637c299aaacd1	EDNA32	19
990f01be476e8eada04637c299aaacd1	EDNA60	3
990f01be476e8eada04637c299aaacd1	EDNA42	2
990f01be476e8eada04637c299aaacd1	EDNA33	3
990f01be476e8eada04637c299aaacd1	EDNA25	3
990f01be476e8eada04637c299aaacd1	EDNA16	4
990f01be476e8eada04637c299aaacd1	EDNA44	11
990f01be476e8eada04637c299aaacd1	EDNA3	18
990f01be476e8eada04637c299aaacd1	MB2	12
990f01be476e8eada04637c299aaacd1	EDNA63	3
990f01be476e8eada04637c299aaacd1	EDNA18	1
990f01be476e8eada04637c299aaacd1	EDNA91	4
990f01be476e8eada04637c299aaacd1	MB4	2
990f01be476e8eada04637c299aaacd1	EDNA56	4
990f01be476e8eada04637c299aaacd1	EDNA7	1
990f01be476e8eada04637c299aaacd1	EDNA48	4
990f01be476e8eada04637c299aaacd1	EDNA8	3
990f01be476e8eada04637c299aaacd1	EDNA9	10
990f01be476e8eada04637c299aaacd1	EDNA59	1
990f01be476e8eada04637c299aaacd1	EDNA10	22
201cf5d20e849d1be669cbd7359d3756	EDNA69	24
201cf5d20e849d1be669cbd7359d3756	EDNA70	28
201cf5d20e849d1be669cbd7359d3756	EDNA73	15
201cf5d20e849d1be669cbd7359d3756	EDNA74	6
201cf5d20e849d1be669cbd7359d3756	EDNA67	39
201cf5d20e849d1be669cbd7359d3756	EDNA68	45
82eae421ac9ab160cad69bda8a1ed27d	MB8	13
82eae421ac9ab160cad69bda8a1ed27d	EDNA11	45
82eae421ac9ab160cad69bda8a1ed27d	MB7	98
f0a46a0f687ffa1889b521ba0f246875	EDNA40	18
f0a46a0f687ffa1889b521ba0f246875	EDNA41	47
f0a46a0f687ffa1889b521ba0f246875	EDNA42	49
f0a46a0f687ffa1889b521ba0f246875	EDNA43	6
f0a46a0f687ffa1889b521ba0f246875	EDNA44	4
f0a46a0f687ffa1889b521ba0f246875	EDNA54	2
f0a46a0f687ffa1889b521ba0f246875	EDNA55	2
f0a46a0f687ffa1889b521ba0f246875	EDNA46	8
f0a46a0f687ffa1889b521ba0f246875	EDNA56	4
f0a46a0f687ffa1889b521ba0f246875	EDNA47	6
f0a46a0f687ffa1889b521ba0f246875	EDNA57	3
f0a46a0f687ffa1889b521ba0f246875	EDNA48	6
420b38edf2f679f14cf21e5ad76e63db	EDNA32	40
420b38edf2f679f14cf21e5ad76e63db	MB7	114
1b9184035f09670237181311793f13d7	EDNA69	2
1b9184035f09670237181311793f13d7	EDNA79	1
1b9184035f09670237181311793f13d7	MB13	1
1b9184035f09670237181311793f13d7	EDNA42	7
1b9184035f09670237181311793f13d7	EDNA43	23
1b9184035f09670237181311793f13d7	EDNA71	4
1b9184035f09670237181311793f13d7	EDNA62	7
1b9184035f09670237181311793f13d7	EDNA44	5
1b9184035f09670237181311793f13d7	EDNA45	3
1b9184035f09670237181311793f13d7	EDNA82	15
1b9184035f09670237181311793f13d7	EDNA73	52
1b9184035f09670237181311793f13d7	EDNA74	10
1b9184035f09670237181311793f13d7	EDNA75	14
1b9184035f09670237181311793f13d7	EDNA68	9
199183d915572fa6eac788d0dd2552b5	EDNA71	36
199183d915572fa6eac788d0dd2552b5	MB17	5
199183d915572fa6eac788d0dd2552b5	EDNA81	4
199183d915572fa6eac788d0dd2552b5	MB18	3
199183d915572fa6eac788d0dd2552b5	MB19	85
199183d915572fa6eac788d0dd2552b5	EDNA67	19
cef635e3e283882ece04b3057dccbfbb	EDNA87	1
cef635e3e283882ece04b3057dccbfbb	EDNA69	3
cef635e3e283882ece04b3057dccbfbb	EDNA79	3
cef635e3e283882ece04b3057dccbfbb	EDNA70	5
cef635e3e283882ece04b3057dccbfbb	EDNA80	5
cef635e3e283882ece04b3057dccbfbb	EDNA71	26
cef635e3e283882ece04b3057dccbfbb	EDNA81	4
cef635e3e283882ece04b3057dccbfbb	EDNA73	33
cef635e3e283882ece04b3057dccbfbb	EDNA92	1
cef635e3e283882ece04b3057dccbfbb	EDNA74	34
cef635e3e283882ece04b3057dccbfbb	EDNA93	7
cef635e3e283882ece04b3057dccbfbb	EDNA75	25
cef635e3e283882ece04b3057dccbfbb	EDNA86	3
cef635e3e283882ece04b3057dccbfbb	EDNA68	2
c450f60164732795bd3499c667338bf5	MB9	102
c450f60164732795bd3499c667338bf5	MB13	44
c450f60164732795bd3499c667338bf5	MB2	6
9d3e4df6696ef29818e6219bf51faf9a	EDNA12	3
9d3e4df6696ef29818e6219bf51faf9a	EDNA22	8
9d3e4df6696ef29818e6219bf51faf9a	EDNA23	34
9d3e4df6696ef29818e6219bf51faf9a	EDNA14	2
9d3e4df6696ef29818e6219bf51faf9a	EDNA33	3
9d3e4df6696ef29818e6219bf51faf9a	EDNA24	11
9d3e4df6696ef29818e6219bf51faf9a	EDNA15	5
9d3e4df6696ef29818e6219bf51faf9a	EDNA34	5
9d3e4df6696ef29818e6219bf51faf9a	EDNA25	10
9d3e4df6696ef29818e6219bf51faf9a	EDNA16	4
9d3e4df6696ef29818e6219bf51faf9a	EDNA35	1
9d3e4df6696ef29818e6219bf51faf9a	EDNA26	8
9d3e4df6696ef29818e6219bf51faf9a	EDNA36	10
9d3e4df6696ef29818e6219bf51faf9a	EDNA27	23
9d3e4df6696ef29818e6219bf51faf9a	EDNA47	1
9d3e4df6696ef29818e6219bf51faf9a	EDNA7	7
9d3e4df6696ef29818e6219bf51faf9a	EDNA8	9
9d3e4df6696ef29818e6219bf51faf9a	EDNA9	2
9d3e4df6696ef29818e6219bf51faf9a	EDNA10	4
443640a748a795e4eea2e34acd7bb591	MB13	1
443640a748a795e4eea2e34acd7bb591	EDNA71	98
443640a748a795e4eea2e34acd7bb591	EDNA45	2
443640a748a795e4eea2e34acd7bb591	EDNA92	7
443640a748a795e4eea2e34acd7bb591	EDNA56	5
443640a748a795e4eea2e34acd7bb591	EDNA68	36
f6c6aaf07961e901a6ffd830655b4d73	EDNA70	5
f6c6aaf07961e901a6ffd830655b4d73	EDNA71	140
f6c6aaf07961e901a6ffd830655b4d73	EDNA62	4
22b5ddb4783db35c7d05c87250f1ff95	EDNA43	36
22b5ddb4783db35c7d05c87250f1ff95	EDNA45	70
22b5ddb4783db35c7d05c87250f1ff95	EDNA55	5
22b5ddb4783db35c7d05c87250f1ff95	EDNA46	19
22b5ddb4783db35c7d05c87250f1ff95	EDNA56	7
22b5ddb4783db35c7d05c87250f1ff95	EDNA94	10
1f5b24b28b158c62e09c649f6ea4c21b	EDNA70	50
1f5b24b28b158c62e09c649f6ea4c21b	EDNA43	5
1f5b24b28b158c62e09c649f6ea4c21b	EDNA44	11
1f5b24b28b158c62e09c649f6ea4c21b	MB18	81
3a8f409823057c3b69bc8888ac7c900c	MB20	28
3a8f409823057c3b69bc8888ac7c900c	MB21	85
3a8f409823057c3b69bc8888ac7c900c	MB12	17
3a8f409823057c3b69bc8888ac7c900c	MB13	12
3a8f409823057c3b69bc8888ac7c900c	EDNA82	2
3a8f409823057c3b69bc8888ac7c900c	MB4	3
a4393443c333edcbb50e1b21018ae418	EDNA11	20
a4393443c333edcbb50e1b21018ae418	EDNA12	9
a4393443c333edcbb50e1b21018ae418	EDNA31	27
a4393443c333edcbb50e1b21018ae418	EDNA14	8
a4393443c333edcbb50e1b21018ae418	EDNA33	14
a4393443c333edcbb50e1b21018ae418	MB2	13
a4393443c333edcbb50e1b21018ae418	MB4	2
a4393443c333edcbb50e1b21018ae418	EDNA93	34
a4393443c333edcbb50e1b21018ae418	MB6	1
a4393443c333edcbb50e1b21018ae418	EDNA8	13
a4393443c333edcbb50e1b21018ae418	EDNA10	5
818a3d1a874957174a94bf8b31124ad6	EDNA96	2
818a3d1a874957174a94bf8b31124ad6	EDNA11	1
818a3d1a874957174a94bf8b31124ad6	MB11	1
818a3d1a874957174a94bf8b31124ad6	EDNA97	13
818a3d1a874957174a94bf8b31124ad6	EDNA12	1
818a3d1a874957174a94bf8b31124ad6	EDNA98	2
818a3d1a874957174a94bf8b31124ad6	EDNA31	4
818a3d1a874957174a94bf8b31124ad6	EDNA22	5
818a3d1a874957174a94bf8b31124ad6	EDNA99	15
818a3d1a874957174a94bf8b31124ad6	MB23	1
818a3d1a874957174a94bf8b31124ad6	EDNA15	1
818a3d1a874957174a94bf8b31124ad6	EDNA2	2
818a3d1a874957174a94bf8b31124ad6	EDNA25	22
818a3d1a874957174a94bf8b31124ad6	EDNA3	3
818a3d1a874957174a94bf8b31124ad6	EDNA26	8
818a3d1a874957174a94bf8b31124ad6	MB2	1
818a3d1a874957174a94bf8b31124ad6	EDNA27	3
818a3d1a874957174a94bf8b31124ad6	EDNA18	3
818a3d1a874957174a94bf8b31124ad6	EDNA91	20
818a3d1a874957174a94bf8b31124ad6	EDNA92	11
818a3d1a874957174a94bf8b31124ad6	EDNA93	16
818a3d1a874957174a94bf8b31124ad6	EDNA7	4
818a3d1a874957174a94bf8b31124ad6	EDNA95	3
818a3d1a874957174a94bf8b31124ad6	EDNA10	4
4eca8e72861f69f7078c2e961b20b8f2	MB11	4
4eca8e72861f69f7078c2e961b20b8f2	EDNA97	13
4eca8e72861f69f7078c2e961b20b8f2	EDNA79	8
4eca8e72861f69f7078c2e961b20b8f2	EDNA22	3
4eca8e72861f69f7078c2e961b20b8f2	EDNA42	25
4eca8e72861f69f7078c2e961b20b8f2	EDNA61	3
4eca8e72861f69f7078c2e961b20b8f2	EDNA80	1
4eca8e72861f69f7078c2e961b20b8f2	EDNA45	34
4eca8e72861f69f7078c2e961b20b8f2	EDNA92	8
4eca8e72861f69f7078c2e961b20b8f2	EDNA48	30
4eca8e72861f69f7078c2e961b20b8f2	EDNA94	17
10b88135396d6efe3789610535338d9d	MB11	21
10b88135396d6efe3789610535338d9d	EDNA22	3
10b88135396d6efe3789610535338d9d	MB13	20
10b88135396d6efe3789610535338d9d	EDNA60	2
10b88135396d6efe3789610535338d9d	EDNA42	10
10b88135396d6efe3789610535338d9d	EDNA61	4
10b88135396d6efe3789610535338d9d	EDNA52	5
10b88135396d6efe3789610535338d9d	EDNA43	6
10b88135396d6efe3789610535338d9d	EDNA16	3
10b88135396d6efe3789610535338d9d	EDNA62	3
10b88135396d6efe3789610535338d9d	EDNA44	3
10b88135396d6efe3789610535338d9d	EDNA35	25
10b88135396d6efe3789610535338d9d	EDNA63	9
10b88135396d6efe3789610535338d9d	EDNA45	31
65392ea4893d8040af0da0562d6a56d0	EDNA96	9
65392ea4893d8040af0da0562d6a56d0	EDNA97	23
65392ea4893d8040af0da0562d6a56d0	EDNA98	7
65392ea4893d8040af0da0562d6a56d0	EDNA99	4
65392ea4893d8040af0da0562d6a56d0	EDNA24	23
65392ea4893d8040af0da0562d6a56d0	EDNA1	4
65392ea4893d8040af0da0562d6a56d0	EDNA43	1
65392ea4893d8040af0da0562d6a56d0	EDNA25	20
65392ea4893d8040af0da0562d6a56d0	EDNA26	2
65392ea4893d8040af0da0562d6a56d0	EDNA36	1
65392ea4893d8040af0da0562d6a56d0	EDNA27	6
65392ea4893d8040af0da0562d6a56d0	EDNA91	6
65392ea4893d8040af0da0562d6a56d0	EDNA92	14
65392ea4893d8040af0da0562d6a56d0	EDNA47	7
65392ea4893d8040af0da0562d6a56d0	EDNA93	13
65392ea4893d8040af0da0562d6a56d0	EDNA48	2
65392ea4893d8040af0da0562d6a56d0	EDNA95	3
2eaa241636dac364311579d49f230a8e	EDNA79	2
2eaa241636dac364311579d49f230a8e	EDNA40	32
2eaa241636dac364311579d49f230a8e	EDNA44	12
2eaa241636dac364311579d49f230a8e	EDNA81	5
2eaa241636dac364311579d49f230a8e	EDNA82	19
2eaa241636dac364311579d49f230a8e	EDNA83	20
2eaa241636dac364311579d49f230a8e	EDNA84	48
2eaa241636dac364311579d49f230a8e	EDNA85	7
a3e64f39882e524f36cbf9944ae968e2	EDNA11	8
a3e64f39882e524f36cbf9944ae968e2	EDNA12	1
a3e64f39882e524f36cbf9944ae968e2	EDNA31	9
a3e64f39882e524f36cbf9944ae968e2	EDNA22	2
a3e64f39882e524f36cbf9944ae968e2	EDNA13	6
a3e64f39882e524f36cbf9944ae968e2	EDNA23	7
a3e64f39882e524f36cbf9944ae968e2	EDNA14	2
a3e64f39882e524f36cbf9944ae968e2	EDNA33	1
a3e64f39882e524f36cbf9944ae968e2	EDNA24	3
a3e64f39882e524f36cbf9944ae968e2	EDNA1	32
a3e64f39882e524f36cbf9944ae968e2	EDNA2	11
a3e64f39882e524f36cbf9944ae968e2	EDNA25	1
a3e64f39882e524f36cbf9944ae968e2	EDNA16	4
a3e64f39882e524f36cbf9944ae968e2	EDNA3	26
a3e64f39882e524f36cbf9944ae968e2	EDNA26	2
a3e64f39882e524f36cbf9944ae968e2	EDNA17	2
a3e64f39882e524f36cbf9944ae968e2	EDNA27	6
a3e64f39882e524f36cbf9944ae968e2	EDNA18	2
a3e64f39882e524f36cbf9944ae968e2	EDNA7	3
a3e64f39882e524f36cbf9944ae968e2	EDNA8	6
a3e64f39882e524f36cbf9944ae968e2	EDNA9	5
a3e64f39882e524f36cbf9944ae968e2	EDNA10	5
646f14c27e33be649fd869976a365882	EDNA96	2
646f14c27e33be649fd869976a365882	MB12	2
646f14c27e33be649fd869976a365882	EDNA40	15
646f14c27e33be649fd869976a365882	MB13	4
646f14c27e33be649fd869976a365882	EDNA41	26
646f14c27e33be649fd869976a365882	EDNA42	20
646f14c27e33be649fd869976a365882	MB24	2
646f14c27e33be649fd869976a365882	MB15	2
646f14c27e33be649fd869976a365882	EDNA43	24
646f14c27e33be649fd869976a365882	EDNA44	11
646f14c27e33be649fd869976a365882	EDNA45	16
646f14c27e33be649fd869976a365882	EDNA82	9
646f14c27e33be649fd869976a365882	EDNA55	1
646f14c27e33be649fd869976a365882	EDNA94	7
646f14c27e33be649fd869976a365882	EDNA95	3
07e52810e4a66399bf00a7c033d89909	MB20	16
07e52810e4a66399bf00a7c033d89909	MB21	85
07e52810e4a66399bf00a7c033d89909	MB13	29
07e52810e4a66399bf00a7c033d89909	EDNA45	13
07e52810e4a66399bf00a7c033d89909	MB4	1
e186f0fab741a2de7362a60441f681b7	EDNA71	6
e186f0fab741a2de7362a60441f681b7	EDNA81	16
e186f0fab741a2de7362a60441f681b7	EDNA74	23
e186f0fab741a2de7362a60441f681b7	EDNA75	97
e186f0fab741a2de7362a60441f681b7	EDNA68	2
506f6e07f092ec5adc9a32b49e329847	EDNA1	52
506f6e07f092ec5adc9a32b49e329847	EDNA2	44
506f6e07f092ec5adc9a32b49e329847	EDNA3	47
c95357a49c0bf1d474f394c9f6f6c8c4	EDNA96	2
c95357a49c0bf1d474f394c9f6f6c8c4	EDNA34	1
c95357a49c0bf1d474f394c9f6f6c8c4	EDNA80	13
c95357a49c0bf1d474f394c9f6f6c8c4	EDNA81	18
c95357a49c0bf1d474f394c9f6f6c8c4	EDNA82	37
c95357a49c0bf1d474f394c9f6f6c8c4	EDNA92	1
c95357a49c0bf1d474f394c9f6f6c8c4	EDNA83	25
c95357a49c0bf1d474f394c9f6f6c8c4	EDNA84	38
c95357a49c0bf1d474f394c9f6f6c8c4	EDNA85	1
c95357a49c0bf1d474f394c9f6f6c8c4	EDNA86	7
47730e87287e46c4791709a3c1ea05b2	EDNA69	88
47730e87287e46c4791709a3c1ea05b2	EDNA67	26
47730e87287e46c4791709a3c1ea05b2	EDNA68	29
2357be28c29516519b36fcb33a1ed241	EDNA40	1
2357be28c29516519b36fcb33a1ed241	EDNA70	3
2357be28c29516519b36fcb33a1ed241	EDNA71	10
2357be28c29516519b36fcb33a1ed241	EDNA35	1
2357be28c29516519b36fcb33a1ed241	EDNA82	8
2357be28c29516519b36fcb33a1ed241	EDNA73	80
2357be28c29516519b36fcb33a1ed241	EDNA74	8
2357be28c29516519b36fcb33a1ed241	EDNA47	7
2357be28c29516519b36fcb33a1ed241	EDNA84	1
2357be28c29516519b36fcb33a1ed241	EDNA75	13
2357be28c29516519b36fcb33a1ed241	EDNA85	2
2357be28c29516519b36fcb33a1ed241	EDNA95	1
2357be28c29516519b36fcb33a1ed241	EDNA68	7
7e057abd3020e25b2834cb93cba6b770	EDNA82	53
7e057abd3020e25b2834cb93cba6b770	EDNA83	52
7e057abd3020e25b2834cb93cba6b770	EDNA84	37
95e688678a5845c8f4abeee9414470c2	MB21	14
95e688678a5845c8f4abeee9414470c2	EDNA82	25
95e688678a5845c8f4abeee9414470c2	EDNA83	63
95e688678a5845c8f4abeee9414470c2	EDNA84	40
d79aca83af44272bde9dcff1cb877fc6	EDNA12	112
d79aca83af44272bde9dcff1cb877fc6	MB4	29
081a2faec7b24865489345d5642ed3ea	MB13	6
081a2faec7b24865489345d5642ed3ea	EDNA43	44
081a2faec7b24865489345d5642ed3ea	EDNA45	91
0fc7717380402084a0d34f2131caae95	EDNA40	36
0fc7717380402084a0d34f2131caae95	EDNA41	12
0fc7717380402084a0d34f2131caae95	EDNA42	25
0fc7717380402084a0d34f2131caae95	EDNA52	7
0fc7717380402084a0d34f2131caae95	EDNA43	5
0fc7717380402084a0d34f2131caae95	EDNA34	11
0fc7717380402084a0d34f2131caae95	EDNA53	3
0fc7717380402084a0d34f2131caae95	EDNA44	6
0fc7717380402084a0d34f2131caae95	EDNA63	2
0fc7717380402084a0d34f2131caae95	EDNA91	3
0fc7717380402084a0d34f2131caae95	EDNA55	10
0fc7717380402084a0d34f2131caae95	EDNA47	9
0fc7717380402084a0d34f2131caae95	EDNA93	6
0fc7717380402084a0d34f2131caae95	EDNA94	1
0fc7717380402084a0d34f2131caae95	EDNA58	4
8a1d2ac39dc7f0c6b59250950c5ca41f	EDNA87	3
8a1d2ac39dc7f0c6b59250950c5ca41f	EDNA12	1
8a1d2ac39dc7f0c6b59250950c5ca41f	EDNA40	18
8a1d2ac39dc7f0c6b59250950c5ca41f	EDNA23	2
8a1d2ac39dc7f0c6b59250950c5ca41f	EDNA15	5
8a1d2ac39dc7f0c6b59250950c5ca41f	EDNA16	9
8a1d2ac39dc7f0c6b59250950c5ca41f	EDNA35	22
8a1d2ac39dc7f0c6b59250950c5ca41f	EDNA26	3
8a1d2ac39dc7f0c6b59250950c5ca41f	EDNA17	14
8a1d2ac39dc7f0c6b59250950c5ca41f	MB2	5
8a1d2ac39dc7f0c6b59250950c5ca41f	EDNA27	23
8a1d2ac39dc7f0c6b59250950c5ca41f	EDNA18	29
8a1d2ac39dc7f0c6b59250950c5ca41f	EDNA91	1
8a1d2ac39dc7f0c6b59250950c5ca41f	MB4	1
8a1d2ac39dc7f0c6b59250950c5ca41f	EDNA85	2
86e63253a3bf7305e88b53d3d427cbb6	EDNA71	18
86e63253a3bf7305e88b53d3d427cbb6	EDNA74	21
86e63253a3bf7305e88b53d3d427cbb6	EDNA75	91
86e63253a3bf7305e88b53d3d427cbb6	EDNA94	8
a3332048903fe9d65b5463df331c1c0f	EDNA87	1
a3332048903fe9d65b5463df331c1c0f	EDNA79	30
a3332048903fe9d65b5463df331c1c0f	MB21	11
a3332048903fe9d65b5463df331c1c0f	EDNA80	10
a3332048903fe9d65b5463df331c1c0f	EDNA81	3
a3332048903fe9d65b5463df331c1c0f	EDNA82	1
a3332048903fe9d65b5463df331c1c0f	EDNA73	45
a3332048903fe9d65b5463df331c1c0f	EDNA83	11
a3332048903fe9d65b5463df331c1c0f	EDNA84	12
a3332048903fe9d65b5463df331c1c0f	EDNA85	13
889d70edc53fd74b00f925f73d85b637	EDNA69	24
889d70edc53fd74b00f925f73d85b637	EDNA40	1
889d70edc53fd74b00f925f73d85b637	EDNA31	3
889d70edc53fd74b00f925f73d85b637	EDNA22	24
889d70edc53fd74b00f925f73d85b637	EDNA23	21
889d70edc53fd74b00f925f73d85b637	EDNA33	6
889d70edc53fd74b00f925f73d85b637	EDNA24	15
889d70edc53fd74b00f925f73d85b637	EDNA43	2
889d70edc53fd74b00f925f73d85b637	EDNA34	22
889d70edc53fd74b00f925f73d85b637	EDNA25	1
889d70edc53fd74b00f925f73d85b637	EDNA80	3
889d70edc53fd74b00f925f73d85b637	EDNA63	1
889d70edc53fd74b00f925f73d85b637	EDNA36	2
889d70edc53fd74b00f925f73d85b637	EDNA74	4
889d70edc53fd74b00f925f73d85b637	EDNA75	1
889d70edc53fd74b00f925f73d85b637	EDNA94	4
889d70edc53fd74b00f925f73d85b637	EDNA95	2
92e110841179e2eeb2adb400f605a25c	EDNA43	37
92e110841179e2eeb2adb400f605a25c	EDNA44	33
92e110841179e2eeb2adb400f605a25c	EDNA45	55
92e110841179e2eeb2adb400f605a25c	EDNA55	2
92e110841179e2eeb2adb400f605a25c	EDNA57	9
d73b1e127d5f4fab59ea46f5d78c13f2	EDNA40	52
d73b1e127d5f4fab59ea46f5d78c13f2	EDNA52	1
d73b1e127d5f4fab59ea46f5d78c13f2	EDNA45	23
d73b1e127d5f4fab59ea46f5d78c13f2	EDNA36	44
d73b1e127d5f4fab59ea46f5d78c13f2	EDNA48	15
6380cdd5ff535506919cbcb0fcac1645	EDNA69	39
6380cdd5ff535506919cbcb0fcac1645	EDNA67	31
6380cdd5ff535506919cbcb0fcac1645	EDNA68	65
a1ae06ce0a763dc11d636c21c0995e9e	EDNA69	10
a1ae06ce0a763dc11d636c21c0995e9e	EDNA70	14
a1ae06ce0a763dc11d636c21c0995e9e	EDNA73	82
a1ae06ce0a763dc11d636c21c0995e9e	EDNA74	7
a1ae06ce0a763dc11d636c21c0995e9e	EDNA75	11
a1ae06ce0a763dc11d636c21c0995e9e	EDNA67	3
a1ae06ce0a763dc11d636c21c0995e9e	EDNA68	8
1666d13e719ee52e1ee70fbb838a1db7	EDNA69	24
1666d13e719ee52e1ee70fbb838a1db7	EDNA70	15
1666d13e719ee52e1ee70fbb838a1db7	EDNA73	4
1666d13e719ee52e1ee70fbb838a1db7	EDNA74	1
1666d13e719ee52e1ee70fbb838a1db7	EDNA67	65
1666d13e719ee52e1ee70fbb838a1db7	EDNA68	23
628a6bc15764663186d830e1193132d9	EDNA69	38
628a6bc15764663186d830e1193132d9	EDNA70	18
628a6bc15764663186d830e1193132d9	EDNA67	26
628a6bc15764663186d830e1193132d9	EDNA68	50
5401c4ee87cd3e7e294bd12bacb4e819	EDNA40	12
5401c4ee87cd3e7e294bd12bacb4e819	EDNA41	27
5401c4ee87cd3e7e294bd12bacb4e819	EDNA42	26
5401c4ee87cd3e7e294bd12bacb4e819	EDNA52	3
5401c4ee87cd3e7e294bd12bacb4e819	EDNA34	15
5401c4ee87cd3e7e294bd12bacb4e819	EDNA53	8
5401c4ee87cd3e7e294bd12bacb4e819	EDNA44	14
5401c4ee87cd3e7e294bd12bacb4e819	EDNA54	7
5401c4ee87cd3e7e294bd12bacb4e819	EDNA46	4
5401c4ee87cd3e7e294bd12bacb4e819	EDNA56	4
5401c4ee87cd3e7e294bd12bacb4e819	EDNA47	2
5401c4ee87cd3e7e294bd12bacb4e819	EDNA57	6
5401c4ee87cd3e7e294bd12bacb4e819	EDNA59	3
f4d6b8f507a14419460c1ce43c623d5d	EDNA69	5
f4d6b8f507a14419460c1ce43c623d5d	EDNA71	92
f4d6b8f507a14419460c1ce43c623d5d	EDNA67	34
954f344962487ae4ca0223d4947b027c	EDNA69	43
954f344962487ae4ca0223d4947b027c	EDNA67	65
954f344962487ae4ca0223d4947b027c	EDNA68	22
c2424084f7f8b738a0f1b4e18b49ea82	EDNA70	24
c2424084f7f8b738a0f1b4e18b49ea82	EDNA71	10
c2424084f7f8b738a0f1b4e18b49ea82	MB17	30
c2424084f7f8b738a0f1b4e18b49ea82	MB18	9
c2424084f7f8b738a0f1b4e18b49ea82	MB19	21
c2424084f7f8b738a0f1b4e18b49ea82	EDNA74	6
c2424084f7f8b738a0f1b4e18b49ea82	EDNA67	7
c2424084f7f8b738a0f1b4e18b49ea82	EDNA68	23
e9b1286f3b7400aa68434a8c97850dcc	MB18	11
e9b1286f3b7400aa68434a8c97850dcc	MB19	4
e9b1286f3b7400aa68434a8c97850dcc	MB7	115
2bf464283c0a477f086d47d4ef87c468	EDNA31	2
2bf464283c0a477f086d47d4ef87c468	EDNA22	3
2bf464283c0a477f086d47d4ef87c468	EDNA32	5
2bf464283c0a477f086d47d4ef87c468	EDNA23	5
2bf464283c0a477f086d47d4ef87c468	EDNA33	6
2bf464283c0a477f086d47d4ef87c468	EDNA24	7
2bf464283c0a477f086d47d4ef87c468	EDNA34	10
2bf464283c0a477f086d47d4ef87c468	EDNA25	17
2bf464283c0a477f086d47d4ef87c468	EDNA35	16
2bf464283c0a477f086d47d4ef87c468	EDNA26	6
2bf464283c0a477f086d47d4ef87c468	EDNA36	10
2bf464283c0a477f086d47d4ef87c468	EDNA27	31
2bf464283c0a477f086d47d4ef87c468	EDNA82	1
2bf464283c0a477f086d47d4ef87c468	EDNA83	7
2bf464283c0a477f086d47d4ef87c468	EDNA84	3
beb3650afd4d144820dff90bf6824e31	EDNA31	44
beb3650afd4d144820dff90bf6824e31	EDNA32	33
beb3650afd4d144820dff90bf6824e31	EDNA33	10
beb3650afd4d144820dff90bf6824e31	EDNA34	22
beb3650afd4d144820dff90bf6824e31	EDNA62	7
beb3650afd4d144820dff90bf6824e31	EDNA63	2
beb3650afd4d144820dff90bf6824e31	EDNA55	1
beb3650afd4d144820dff90bf6824e31	EDNA48	1
beb3650afd4d144820dff90bf6824e31	EDNA58	5
beb3650afd4d144820dff90bf6824e31	EDNA9	4
a9e3b55ed030dde2debcbd0ca9141761	MB13	3
a9e3b55ed030dde2debcbd0ca9141761	EDNA43	22
a9e3b55ed030dde2debcbd0ca9141761	EDNA44	46
a9e3b55ed030dde2debcbd0ca9141761	EDNA45	58
be112f5fc210e67a10ba782ffd9ed09f	EDNA3	52
be112f5fc210e67a10ba782ffd9ed09f	EDNA9	76
e3c06f84e408e28bd1079037587ded19	EDNA40	23
e3c06f84e408e28bd1079037587ded19	EDNA31	2
e3c06f84e408e28bd1079037587ded19	MB13	4
e3c06f84e408e28bd1079037587ded19	EDNA41	54
e3c06f84e408e28bd1079037587ded19	MB23	1
e3c06f84e408e28bd1079037587ded19	EDNA42	2
e3c06f84e408e28bd1079037587ded19	EDNA44	5
e3c06f84e408e28bd1079037587ded19	MB4	2
e3c06f84e408e28bd1079037587ded19	EDNA47	26
e3c06f84e408e28bd1079037587ded19	EDNA10	8
2c5cb6915f79cbd4e21a6ef9d28f0283	EDNA69	3
2c5cb6915f79cbd4e21a6ef9d28f0283	EDNA73	46
2c5cb6915f79cbd4e21a6ef9d28f0283	EDNA83	1
2c5cb6915f79cbd4e21a6ef9d28f0283	EDNA75	52
2c5cb6915f79cbd4e21a6ef9d28f0283	EDNA67	25
64446a6ab98cf324dd2f7cc2c95c10a4	MB13	5
64446a6ab98cf324dd2f7cc2c95c10a4	EDNA60	2
64446a6ab98cf324dd2f7cc2c95c10a4	EDNA43	32
64446a6ab98cf324dd2f7cc2c95c10a4	EDNA44	53
64446a6ab98cf324dd2f7cc2c95c10a4	EDNA26	4
64446a6ab98cf324dd2f7cc2c95c10a4	EDNA45	27
64446a6ab98cf324dd2f7cc2c95c10a4	EDNA56	3
024d552b5b2567e3b4902f0e15f85718	EDNA70	2
024d552b5b2567e3b4902f0e15f85718	EDNA80	6
024d552b5b2567e3b4902f0e15f85718	EDNA71	7
024d552b5b2567e3b4902f0e15f85718	EDNA81	6
024d552b5b2567e3b4902f0e15f85718	EDNA82	11
024d552b5b2567e3b4902f0e15f85718	EDNA74	30
024d552b5b2567e3b4902f0e15f85718	EDNA84	18
024d552b5b2567e3b4902f0e15f85718	EDNA75	46
215dcd2ed540359c38df628160c7ce72	EDNA71	4
215dcd2ed540359c38df628160c7ce72	EDNA73	5
215dcd2ed540359c38df628160c7ce72	MB19	2
215dcd2ed540359c38df628160c7ce72	EDNA74	109
215dcd2ed540359c38df628160c7ce72	EDNA75	6
c9c35217edc43545e4d7cd31eb06cb8b	EDNA11	3
c9c35217edc43545e4d7cd31eb06cb8b	EDNA31	5
c9c35217edc43545e4d7cd31eb06cb8b	EDNA22	6
c9c35217edc43545e4d7cd31eb06cb8b	EDNA13	5
c9c35217edc43545e4d7cd31eb06cb8b	EDNA32	18
c9c35217edc43545e4d7cd31eb06cb8b	EDNA33	6
c9c35217edc43545e4d7cd31eb06cb8b	EDNA15	2
c9c35217edc43545e4d7cd31eb06cb8b	EDNA61	1
c9c35217edc43545e4d7cd31eb06cb8b	EDNA25	17
c9c35217edc43545e4d7cd31eb06cb8b	EDNA80	2
c9c35217edc43545e4d7cd31eb06cb8b	EDNA44	12
c9c35217edc43545e4d7cd31eb06cb8b	EDNA18	9
c9c35217edc43545e4d7cd31eb06cb8b	EDNA55	2
c9c35217edc43545e4d7cd31eb06cb8b	EDNA46	9
c9c35217edc43545e4d7cd31eb06cb8b	MB4	2
c9c35217edc43545e4d7cd31eb06cb8b	EDNA7	17
c9c35217edc43545e4d7cd31eb06cb8b	MB6	2
c9c35217edc43545e4d7cd31eb06cb8b	EDNA8	3
c9c35217edc43545e4d7cd31eb06cb8b	EDNA9	4
e07069b3c6630a8cd15997254a5c5028	EDNA98	3
e07069b3c6630a8cd15997254a5c5028	EDNA31	5
e07069b3c6630a8cd15997254a5c5028	EDNA32	2
e07069b3c6630a8cd15997254a5c5028	EDNA23	1
e07069b3c6630a8cd15997254a5c5028	EDNA14	9
e07069b3c6630a8cd15997254a5c5028	EDNA33	5
e07069b3c6630a8cd15997254a5c5028	EDNA24	2
e07069b3c6630a8cd15997254a5c5028	EDNA1	33
e07069b3c6630a8cd15997254a5c5028	EDNA15	1
e07069b3c6630a8cd15997254a5c5028	EDNA52	1
e07069b3c6630a8cd15997254a5c5028	EDNA2	3
e07069b3c6630a8cd15997254a5c5028	EDNA62	1
e07069b3c6630a8cd15997254a5c5028	EDNA3	2
e07069b3c6630a8cd15997254a5c5028	EDNA35	9
e07069b3c6630a8cd15997254a5c5028	EDNA36	12
e07069b3c6630a8cd15997254a5c5028	EDNA27	9
e07069b3c6630a8cd15997254a5c5028	EDNA18	2
e07069b3c6630a8cd15997254a5c5028	EDNA7	3
e07069b3c6630a8cd15997254a5c5028	EDNA48	2
e07069b3c6630a8cd15997254a5c5028	EDNA8	1
e07069b3c6630a8cd15997254a5c5028	EDNA58	2
e07069b3c6630a8cd15997254a5c5028	EDNA9	17
654849cca472ed0fe7a7f115cc6dbde7	EDNA12	1
654849cca472ed0fe7a7f115cc6dbde7	EDNA40	8
654849cca472ed0fe7a7f115cc6dbde7	EDNA31	1
654849cca472ed0fe7a7f115cc6dbde7	EDNA41	18
654849cca472ed0fe7a7f115cc6dbde7	EDNA23	4
654849cca472ed0fe7a7f115cc6dbde7	EDNA42	5
654849cca472ed0fe7a7f115cc6dbde7	EDNA43	25
654849cca472ed0fe7a7f115cc6dbde7	EDNA44	16
654849cca472ed0fe7a7f115cc6dbde7	EDNA3	2
654849cca472ed0fe7a7f115cc6dbde7	EDNA17	5
654849cca472ed0fe7a7f115cc6dbde7	EDNA45	29
654849cca472ed0fe7a7f115cc6dbde7	EDNA18	2
654849cca472ed0fe7a7f115cc6dbde7	EDNA46	3
654849cca472ed0fe7a7f115cc6dbde7	MB4	1
654849cca472ed0fe7a7f115cc6dbde7	EDNA94	3
654849cca472ed0fe7a7f115cc6dbde7	EDNA86	1
dd2ef5b149524ec63499b18dc8f8b2b4	MB13	1
dd2ef5b149524ec63499b18dc8f8b2b4	EDNA99	2
dd2ef5b149524ec63499b18dc8f8b2b4	EDNA24	1
dd2ef5b149524ec63499b18dc8f8b2b4	EDNA43	5
dd2ef5b149524ec63499b18dc8f8b2b4	EDNA16	1
dd2ef5b149524ec63499b18dc8f8b2b4	EDNA3	1
dd2ef5b149524ec63499b18dc8f8b2b4	EDNA45	4
dd2ef5b149524ec63499b18dc8f8b2b4	EDNA92	2
dd2ef5b149524ec63499b18dc8f8b2b4	EDNA93	3
dd2ef5b149524ec63499b18dc8f8b2b4	EDNA75	97
dd2ef5b149524ec63499b18dc8f8b2b4	EDNA95	7
ffd40b22f48518b391ab328236b5432e	EDNA69	9
ffd40b22f48518b391ab328236b5432e	EDNA79	4
ffd40b22f48518b391ab328236b5432e	EDNA70	67
ffd40b22f48518b391ab328236b5432e	EDNA74	44
2703d14315d5f68d823e3f8705b00d72	EDNA97	6
2703d14315d5f68d823e3f8705b00d72	EDNA98	2
2703d14315d5f68d823e3f8705b00d72	EDNA40	18
2703d14315d5f68d823e3f8705b00d72	EDNA99	3
2703d14315d5f68d823e3f8705b00d72	EDNA41	5
2703d14315d5f68d823e3f8705b00d72	EDNA52	7
2703d14315d5f68d823e3f8705b00d72	EDNA43	2
2703d14315d5f68d823e3f8705b00d72	EDNA25	1
2703d14315d5f68d823e3f8705b00d72	EDNA53	4
2703d14315d5f68d823e3f8705b00d72	EDNA63	10
2703d14315d5f68d823e3f8705b00d72	EDNA54	13
2703d14315d5f68d823e3f8705b00d72	EDNA45	4
2703d14315d5f68d823e3f8705b00d72	EDNA91	2
2703d14315d5f68d823e3f8705b00d72	EDNA55	7
2703d14315d5f68d823e3f8705b00d72	EDNA46	3
2703d14315d5f68d823e3f8705b00d72	EDNA56	2
2703d14315d5f68d823e3f8705b00d72	EDNA47	6
2703d14315d5f68d823e3f8705b00d72	EDNA93	8
2703d14315d5f68d823e3f8705b00d72	EDNA57	6
2703d14315d5f68d823e3f8705b00d72	EDNA48	5
2703d14315d5f68d823e3f8705b00d72	EDNA94	1
2703d14315d5f68d823e3f8705b00d72	EDNA58	2
2703d14315d5f68d823e3f8705b00d72	EDNA95	2
2703d14315d5f68d823e3f8705b00d72	EDNA59	4
063ccc7c28aa69a8d64abbc8a9e68f5a	EDNA96	24
063ccc7c28aa69a8d64abbc8a9e68f5a	EDNA11	1
063ccc7c28aa69a8d64abbc8a9e68f5a	EDNA31	13
063ccc7c28aa69a8d64abbc8a9e68f5a	EDNA13	1
063ccc7c28aa69a8d64abbc8a9e68f5a	EDNA33	2
063ccc7c28aa69a8d64abbc8a9e68f5a	EDNA43	14
063ccc7c28aa69a8d64abbc8a9e68f5a	EDNA45	31
063ccc7c28aa69a8d64abbc8a9e68f5a	EDNA18	10
063ccc7c28aa69a8d64abbc8a9e68f5a	EDNA91	14
063ccc7c28aa69a8d64abbc8a9e68f5a	EDNA46	2
063ccc7c28aa69a8d64abbc8a9e68f5a	EDNA93	10
343748849376be9e3cb973b6c7f6795f	EDNA71	16
343748849376be9e3cb973b6c7f6795f	EDNA73	76
343748849376be9e3cb973b6c7f6795f	EDNA75	30
ab11362824ac3cfc567ad2b4e62ed532	MB9	1
ab11362824ac3cfc567ad2b4e62ed532	MB11	2
ab11362824ac3cfc567ad2b4e62ed532	EDNA31	3
ab11362824ac3cfc567ad2b4e62ed532	EDNA22	40
ab11362824ac3cfc567ad2b4e62ed532	EDNA13	7
ab11362824ac3cfc567ad2b4e62ed532	EDNA33	3
ab11362824ac3cfc567ad2b4e62ed532	EDNA24	13
ab11362824ac3cfc567ad2b4e62ed532	EDNA16	11
ab11362824ac3cfc567ad2b4e62ed532	MB1	8
ab11362824ac3cfc567ad2b4e62ed532	EDNA26	20
ab11362824ac3cfc567ad2b4e62ed532	MB2	4
ab11362824ac3cfc567ad2b4e62ed532	EDNA27	7
ab11362824ac3cfc567ad2b4e62ed532	MB6	2
386286975aa23a775aa033a29ff95897	EDNA96	3
386286975aa23a775aa033a29ff95897	EDNA79	15
386286975aa23a775aa033a29ff95897	MB13	4
386286975aa23a775aa033a29ff95897	EDNA43	31
386286975aa23a775aa033a29ff95897	EDNA80	6
386286975aa23a775aa033a29ff95897	EDNA44	13
386286975aa23a775aa033a29ff95897	EDNA63	3
386286975aa23a775aa033a29ff95897	EDNA45	38
386286975aa23a775aa033a29ff95897	EDNA55	1
386286975aa23a775aa033a29ff95897	EDNA46	3
386286975aa23a775aa033a29ff95897	EDNA94	4
82024a5a8c8d42247280c69dce385874	EDNA87	2
82024a5a8c8d42247280c69dce385874	EDNA40	3
82024a5a8c8d42247280c69dce385874	EDNA31	13
82024a5a8c8d42247280c69dce385874	EDNA13	7
82024a5a8c8d42247280c69dce385874	MB13	4
82024a5a8c8d42247280c69dce385874	EDNA42	9
82024a5a8c8d42247280c69dce385874	EDNA52	2
82024a5a8c8d42247280c69dce385874	EDNA80	26
82024a5a8c8d42247280c69dce385874	EDNA44	22
82024a5a8c8d42247280c69dce385874	EDNA63	1
82024a5a8c8d42247280c69dce385874	EDNA45	23
82024a5a8c8d42247280c69dce385874	EDNA55	4
82024a5a8c8d42247280c69dce385874	EDNA48	4
9ad8dc0ed403010d29ef47a909ec4b49	MB1	108
9ad8dc0ed403010d29ef47a909ec4b49	EDNA35	12
3d3d7e1563a9507a2b7cc7cc59f14ce4	EDNA22	3
3d3d7e1563a9507a2b7cc7cc59f14ce4	EDNA32	60
3d3d7e1563a9507a2b7cc7cc59f14ce4	EDNA16	5
3d3d7e1563a9507a2b7cc7cc59f14ce4	MB2	24
3d3d7e1563a9507a2b7cc7cc59f14ce4	MB4	8
3d3d7e1563a9507a2b7cc7cc59f14ce4	MB6	18
57046113fb125cc82cc0581b4b3945f1	EDNA96	1
57046113fb125cc82cc0581b4b3945f1	EDNA87	1
57046113fb125cc82cc0581b4b3945f1	EDNA40	25
57046113fb125cc82cc0581b4b3945f1	MB13	3
57046113fb125cc82cc0581b4b3945f1	EDNA42	1
57046113fb125cc82cc0581b4b3945f1	EDNA52	3
57046113fb125cc82cc0581b4b3945f1	EDNA43	7
57046113fb125cc82cc0581b4b3945f1	EDNA53	2
57046113fb125cc82cc0581b4b3945f1	EDNA44	18
57046113fb125cc82cc0581b4b3945f1	EDNA63	1
57046113fb125cc82cc0581b4b3945f1	EDNA54	2
57046113fb125cc82cc0581b4b3945f1	EDNA45	4
57046113fb125cc82cc0581b4b3945f1	EDNA91	1
57046113fb125cc82cc0581b4b3945f1	EDNA55	18
57046113fb125cc82cc0581b4b3945f1	EDNA56	4
57046113fb125cc82cc0581b4b3945f1	EDNA93	4
57046113fb125cc82cc0581b4b3945f1	EDNA57	20
57046113fb125cc82cc0581b4b3945f1	EDNA94	2
57046113fb125cc82cc0581b4b3945f1	EDNA95	1
863d5446e87b0161ed012372e97a594d	MB13	4
863d5446e87b0161ed012372e97a594d	EDNA43	32
863d5446e87b0161ed012372e97a594d	EDNA44	19
863d5446e87b0161ed012372e97a594d	EDNA81	15
863d5446e87b0161ed012372e97a594d	EDNA45	44
863d5446e87b0161ed012372e97a594d	EDNA46	3
863d5446e87b0161ed012372e97a594d	EDNA86	1
b2466d4f8447908415dfb32680b83a8a	EDNA69	38
b2466d4f8447908415dfb32680b83a8a	MB17	1
b2466d4f8447908415dfb32680b83a8a	EDNA67	65
b2466d4f8447908415dfb32680b83a8a	EDNA68	14
18a2182d6f24b2e12f201aa25a3a78ad	EDNA80	6
18a2182d6f24b2e12f201aa25a3a78ad	EDNA81	6
18a2182d6f24b2e12f201aa25a3a78ad	EDNA82	30
18a2182d6f24b2e12f201aa25a3a78ad	EDNA83	29
18a2182d6f24b2e12f201aa25a3a78ad	EDNA93	6
18a2182d6f24b2e12f201aa25a3a78ad	EDNA84	33
18a2182d6f24b2e12f201aa25a3a78ad	EDNA94	1
18a2182d6f24b2e12f201aa25a3a78ad	EDNA86	6
41a9d63581a182e0262bd3f702e1887e	MB8	6
41a9d63581a182e0262bd3f702e1887e	EDNA11	2
41a9d63581a182e0262bd3f702e1887e	MB12	2
41a9d63581a182e0262bd3f702e1887e	EDNA40	13
41a9d63581a182e0262bd3f702e1887e	EDNA31	1
41a9d63581a182e0262bd3f702e1887e	EDNA22	5
41a9d63581a182e0262bd3f702e1887e	EDNA41	3
41a9d63581a182e0262bd3f702e1887e	EDNA42	19
41a9d63581a182e0262bd3f702e1887e	EDNA1	3
41a9d63581a182e0262bd3f702e1887e	EDNA43	8
41a9d63581a182e0262bd3f702e1887e	EDNA34	4
41a9d63581a182e0262bd3f702e1887e	EDNA2	3
41a9d63581a182e0262bd3f702e1887e	EDNA25	10
41a9d63581a182e0262bd3f702e1887e	EDNA16	1
41a9d63581a182e0262bd3f702e1887e	MB1	4
41a9d63581a182e0262bd3f702e1887e	EDNA44	7
41a9d63581a182e0262bd3f702e1887e	EDNA26	4
41a9d63581a182e0262bd3f702e1887e	EDNA27	20
41a9d63581a182e0262bd3f702e1887e	EDNA7	1
c301076a8f2a081f5879fe4a147d8007	EDNA98	1
c301076a8f2a081f5879fe4a147d8007	MB13	2
c301076a8f2a081f5879fe4a147d8007	EDNA43	20
c301076a8f2a081f5879fe4a147d8007	EDNA44	15
c301076a8f2a081f5879fe4a147d8007	EDNA45	76
c301076a8f2a081f5879fe4a147d8007	EDNA86	2
037275cf26163960bd9df41b4e778891	EDNA69	17
037275cf26163960bd9df41b4e778891	EDNA70	47
037275cf26163960bd9df41b4e778891	EDNA71	3
037275cf26163960bd9df41b4e778891	EDNA67	47
037275cf26163960bd9df41b4e778891	EDNA68	2
2a183b48b9318af9eec086ff7c8fc4d5	EDNA74	41
2a183b48b9318af9eec086ff7c8fc4d5	EDNA75	75
dc0a6cde9fba1530f00ca95654b14713	MB8	12
dc0a6cde9fba1530f00ca95654b14713	MB20	3
dc0a6cde9fba1530f00ca95654b14713	EDNA24	4
dc0a6cde9fba1530f00ca95654b14713	EDNA7	27
dc0a6cde9fba1530f00ca95654b14713	MB7	15
dc0a6cde9fba1530f00ca95654b14713	EDNA9	54
764613653566b0261a76cf41d35fb66b	EDNA11	2
764613653566b0261a76cf41d35fb66b	EDNA79	1
764613653566b0261a76cf41d35fb66b	EDNA13	2
764613653566b0261a76cf41d35fb66b	EDNA1	16
764613653566b0261a76cf41d35fb66b	EDNA15	2
764613653566b0261a76cf41d35fb66b	EDNA43	15
764613653566b0261a76cf41d35fb66b	EDNA16	4
764613653566b0261a76cf41d35fb66b	EDNA44	1
764613653566b0261a76cf41d35fb66b	EDNA17	4
764613653566b0261a76cf41d35fb66b	EDNA63	1
764613653566b0261a76cf41d35fb66b	EDNA54	1
764613653566b0261a76cf41d35fb66b	EDNA45	11
764613653566b0261a76cf41d35fb66b	EDNA18	7
764613653566b0261a76cf41d35fb66b	MB4	1
764613653566b0261a76cf41d35fb66b	EDNA92	2
764613653566b0261a76cf41d35fb66b	EDNA47	10
764613653566b0261a76cf41d35fb66b	EDNA84	9
764613653566b0261a76cf41d35fb66b	EDNA7	5
764613653566b0261a76cf41d35fb66b	EDNA57	1
764613653566b0261a76cf41d35fb66b	EDNA8	4
764613653566b0261a76cf41d35fb66b	EDNA9	11
764613653566b0261a76cf41d35fb66b	EDNA10	4
83a23138fe28ac23f6359a1c3f1d0530	EDNA69	3
83a23138fe28ac23f6359a1c3f1d0530	MB13	1
83a23138fe28ac23f6359a1c3f1d0530	MB23	2
83a23138fe28ac23f6359a1c3f1d0530	EDNA42	63
83a23138fe28ac23f6359a1c3f1d0530	MB17	28
83a23138fe28ac23f6359a1c3f1d0530	MB18	17
8853d3b0cdf1f458656f5716e402d2d2	EDNA79	2
8853d3b0cdf1f458656f5716e402d2d2	EDNA70	2
8853d3b0cdf1f458656f5716e402d2d2	EDNA80	5
8853d3b0cdf1f458656f5716e402d2d2	EDNA71	37
8853d3b0cdf1f458656f5716e402d2d2	EDNA91	7
8853d3b0cdf1f458656f5716e402d2d2	EDNA74	31
8853d3b0cdf1f458656f5716e402d2d2	EDNA75	13
8853d3b0cdf1f458656f5716e402d2d2	EDNA85	7
8853d3b0cdf1f458656f5716e402d2d2	EDNA68	10
61fce23619baff0d543a725710ccb9df	MB8	3
61fce23619baff0d543a725710ccb9df	MB9	7
61fce23619baff0d543a725710ccb9df	EDNA31	2
61fce23619baff0d543a725710ccb9df	EDNA22	17
61fce23619baff0d543a725710ccb9df	EDNA13	1
61fce23619baff0d543a725710ccb9df	EDNA23	9
61fce23619baff0d543a725710ccb9df	EDNA24	20
61fce23619baff0d543a725710ccb9df	EDNA25	6
61fce23619baff0d543a725710ccb9df	EDNA16	4
61fce23619baff0d543a725710ccb9df	MB1	12
61fce23619baff0d543a725710ccb9df	EDNA26	3
61fce23619baff0d543a725710ccb9df	EDNA36	20
61fce23619baff0d543a725710ccb9df	EDNA27	4
61fce23619baff0d543a725710ccb9df	MB4	2
61fce23619baff0d543a725710ccb9df	EDNA10	3
f74767d99407d6eb17ce4dd2a3e7b747	MB12	6
f74767d99407d6eb17ce4dd2a3e7b747	EDNA40	10
f74767d99407d6eb17ce4dd2a3e7b747	EDNA44	35
f74767d99407d6eb17ce4dd2a3e7b747	EDNA81	4
f74767d99407d6eb17ce4dd2a3e7b747	EDNA63	3
f74767d99407d6eb17ce4dd2a3e7b747	EDNA45	19
f74767d99407d6eb17ce4dd2a3e7b747	EDNA55	7
f74767d99407d6eb17ce4dd2a3e7b747	EDNA47	29
3aaa554aa30ae4ec57fcee3f62e65a92	MB20	15
3aaa554aa30ae4ec57fcee3f62e65a92	MB21	13
3aaa554aa30ae4ec57fcee3f62e65a92	MB13	51
3aaa554aa30ae4ec57fcee3f62e65a92	EDNA43	5
3aaa554aa30ae4ec57fcee3f62e65a92	EDNA44	4
3aaa554aa30ae4ec57fcee3f62e65a92	EDNA81	14
3aaa554aa30ae4ec57fcee3f62e65a92	EDNA45	11
9bf6a2dbc3f2072baca29e0793b12783	EDNA73	106
9bf6a2dbc3f2072baca29e0793b12783	EDNA67	7
3eb890390e1e795670905ca078e1c952	EDNA69	14
3eb890390e1e795670905ca078e1c952	EDNA70	9
3eb890390e1e795670905ca078e1c952	EDNA80	3
3eb890390e1e795670905ca078e1c952	EDNA71	16
3eb890390e1e795670905ca078e1c952	EDNA82	2
3eb890390e1e795670905ca078e1c952	EDNA73	27
3eb890390e1e795670905ca078e1c952	EDNA83	3
3eb890390e1e795670905ca078e1c952	EDNA74	19
3eb890390e1e795670905ca078e1c952	EDNA75	16
3eb890390e1e795670905ca078e1c952	EDNA67	4
39e506944f52f12f6e659d1a67d9efd7	EDNA96	2
39e506944f52f12f6e659d1a67d9efd7	EDNA79	2
39e506944f52f12f6e659d1a67d9efd7	EDNA24	1
39e506944f52f12f6e659d1a67d9efd7	EDNA80	29
39e506944f52f12f6e659d1a67d9efd7	EDNA81	22
39e506944f52f12f6e659d1a67d9efd7	EDNA82	21
39e506944f52f12f6e659d1a67d9efd7	EDNA92	2
39e506944f52f12f6e659d1a67d9efd7	EDNA83	21
39e506944f52f12f6e659d1a67d9efd7	EDNA84	6
39e506944f52f12f6e659d1a67d9efd7	EDNA75	6
0ac44b201c744743ef850cd47967d358	EDNA61	5
0ac44b201c744743ef850cd47967d358	EDNA43	67
0ac44b201c744743ef850cd47967d358	EDNA81	11
0ac44b201c744743ef850cd47967d358	EDNA45	12
0ac44b201c744743ef850cd47967d358	EDNA55	2
0ac44b201c744743ef850cd47967d358	EDNA46	11
0ac44b201c744743ef850cd47967d358	EDNA84	4
76fbde7d4b84f5794435e87e14faaa6c	EDNA69	12
76fbde7d4b84f5794435e87e14faaa6c	EDNA23	2
76fbde7d4b84f5794435e87e14faaa6c	EDNA24	12
76fbde7d4b84f5794435e87e14faaa6c	EDNA70	11
76fbde7d4b84f5794435e87e14faaa6c	EDNA2	1
76fbde7d4b84f5794435e87e14faaa6c	EDNA25	21
76fbde7d4b84f5794435e87e14faaa6c	EDNA80	2
76fbde7d4b84f5794435e87e14faaa6c	EDNA71	1
76fbde7d4b84f5794435e87e14faaa6c	EDNA35	4
76fbde7d4b84f5794435e87e14faaa6c	EDNA26	7
76fbde7d4b84f5794435e87e14faaa6c	EDNA27	6
76fbde7d4b84f5794435e87e14faaa6c	EDNA82	6
76fbde7d4b84f5794435e87e14faaa6c	EDNA74	2
76fbde7d4b84f5794435e87e14faaa6c	EDNA47	1
76fbde7d4b84f5794435e87e14faaa6c	EDNA93	8
76fbde7d4b84f5794435e87e14faaa6c	EDNA75	2
76fbde7d4b84f5794435e87e14faaa6c	EDNA94	1
76fbde7d4b84f5794435e87e14faaa6c	EDNA85	2
76fbde7d4b84f5794435e87e14faaa6c	EDNA86	2
76fbde7d4b84f5794435e87e14faaa6c	EDNA68	8
b0adb4645b0ec91394aa7d17ffcaab5d	MB13	1
b0adb4645b0ec91394aa7d17ffcaab5d	EDNA70	3
b0adb4645b0ec91394aa7d17ffcaab5d	EDNA43	74
b0adb4645b0ec91394aa7d17ffcaab5d	EDNA44	13
b0adb4645b0ec91394aa7d17ffcaab5d	EDNA45	9
b0adb4645b0ec91394aa7d17ffcaab5d	EDNA55	2
b0adb4645b0ec91394aa7d17ffcaab5d	EDNA57	2
b0adb4645b0ec91394aa7d17ffcaab5d	EDNA94	6
b0adb4645b0ec91394aa7d17ffcaab5d	EDNA58	1
a16e050277887e6ddbc0bed27e3fa6f7	MB8	1
a16e050277887e6ddbc0bed27e3fa6f7	MB12	4
a16e050277887e6ddbc0bed27e3fa6f7	EDNA40	30
a16e050277887e6ddbc0bed27e3fa6f7	MB13	3
a16e050277887e6ddbc0bed27e3fa6f7	EDNA41	30
a16e050277887e6ddbc0bed27e3fa6f7	EDNA42	36
a16e050277887e6ddbc0bed27e3fa6f7	EDNA43	1
a16e050277887e6ddbc0bed27e3fa6f7	EDNA80	1
a16e050277887e6ddbc0bed27e3fa6f7	EDNA44	2
a16e050277887e6ddbc0bed27e3fa6f7	EDNA81	1
a16e050277887e6ddbc0bed27e3fa6f7	EDNA45	1
c78f16b6ba1f434609f60c1ec9ea8cee	EDNA40	3
c78f16b6ba1f434609f60c1ec9ea8cee	EDNA41	38
c78f16b6ba1f434609f60c1ec9ea8cee	EDNA42	6
c78f16b6ba1f434609f60c1ec9ea8cee	EDNA43	36
c78f16b6ba1f434609f60c1ec9ea8cee	EDNA44	7
c78f16b6ba1f434609f60c1ec9ea8cee	EDNA45	6
c78f16b6ba1f434609f60c1ec9ea8cee	EDNA82	4
c78f16b6ba1f434609f60c1ec9ea8cee	EDNA83	5
c78f16b6ba1f434609f60c1ec9ea8cee	EDNA56	3
c78f16b6ba1f434609f60c1ec9ea8cee	EDNA9	2
d8ecc235b3d0320deeb44c976b6685ff	MB2	76
d8ecc235b3d0320deeb44c976b6685ff	MB4	34
df3bdf74bd82c006a7e8f296da95e690	EDNA11	1
df3bdf74bd82c006a7e8f296da95e690	EDNA12	8
df3bdf74bd82c006a7e8f296da95e690	EDNA31	25
df3bdf74bd82c006a7e8f296da95e690	EDNA33	11
df3bdf74bd82c006a7e8f296da95e690	EDNA15	1
df3bdf74bd82c006a7e8f296da95e690	EDNA16	9
df3bdf74bd82c006a7e8f296da95e690	EDNA3	3
df3bdf74bd82c006a7e8f296da95e690	MB2	1
df3bdf74bd82c006a7e8f296da95e690	EDNA63	3
df3bdf74bd82c006a7e8f296da95e690	EDNA18	3
df3bdf74bd82c006a7e8f296da95e690	MB4	3
df3bdf74bd82c006a7e8f296da95e690	MB6	15
df3bdf74bd82c006a7e8f296da95e690	EDNA9	21
df3bdf74bd82c006a7e8f296da95e690	EDNA10	5
3077f702b2fba76716c7089d816b0c8e	EDNA61	3
3077f702b2fba76716c7089d816b0c8e	EDNA52	1
3077f702b2fba76716c7089d816b0c8e	EDNA43	4
3077f702b2fba76716c7089d816b0c8e	EDNA34	27
3077f702b2fba76716c7089d816b0c8e	EDNA62	1
3077f702b2fba76716c7089d816b0c8e	EDNA53	2
3077f702b2fba76716c7089d816b0c8e	EDNA35	36
3077f702b2fba76716c7089d816b0c8e	EDNA63	3
3077f702b2fba76716c7089d816b0c8e	EDNA54	1
3077f702b2fba76716c7089d816b0c8e	EDNA36	25
3077f702b2fba76716c7089d816b0c8e	EDNA47	4
3077f702b2fba76716c7089d816b0c8e	EDNA57	2
705461a3282aa1f3d75ca415008e7714	MB11	105
705461a3282aa1f3d75ca415008e7714	EDNA43	4
5430cd9b60c5897f26536496b4066840	MB13	3
5430cd9b60c5897f26536496b4066840	EDNA43	25
5430cd9b60c5897f26536496b4066840	EDNA44	36
5430cd9b60c5897f26536496b4066840	EDNA45	37
5430cd9b60c5897f26536496b4066840	EDNA48	3
5430cd9b60c5897f26536496b4066840	EDNA94	4
ca31114c30128dde0911da2122a5b1ee	EDNA61	12
ca31114c30128dde0911da2122a5b1ee	EDNA52	25
ca31114c30128dde0911da2122a5b1ee	EDNA62	6
ca31114c30128dde0911da2122a5b1ee	EDNA53	12
ca31114c30128dde0911da2122a5b1ee	EDNA63	11
ca31114c30128dde0911da2122a5b1ee	EDNA54	20
ca31114c30128dde0911da2122a5b1ee	EDNA73	6
ca31114c30128dde0911da2122a5b1ee	EDNA55	6
ca31114c30128dde0911da2122a5b1ee	EDNA56	4
ca31114c30128dde0911da2122a5b1ee	EDNA57	1
ca31114c30128dde0911da2122a5b1ee	EDNA58	2
ca31114c30128dde0911da2122a5b1ee	EDNA59	3
96bc979ba07eedb4e3ad6744bc23101f	EDNA79	5
96bc979ba07eedb4e3ad6744bc23101f	EDNA71	2
96bc979ba07eedb4e3ad6744bc23101f	EDNA82	7
96bc979ba07eedb4e3ad6744bc23101f	EDNA73	83
96bc979ba07eedb4e3ad6744bc23101f	EDNA84	2
96bc979ba07eedb4e3ad6744bc23101f	EDNA75	9
40f462b139ad64d1c09ec41325b4c50e	EDNA96	13
40f462b139ad64d1c09ec41325b4c50e	EDNA87	2
40f462b139ad64d1c09ec41325b4c50e	EDNA24	11
40f462b139ad64d1c09ec41325b4c50e	EDNA15	2
40f462b139ad64d1c09ec41325b4c50e	EDNA34	21
40f462b139ad64d1c09ec41325b4c50e	EDNA44	30
40f462b139ad64d1c09ec41325b4c50e	EDNA45	5
40f462b139ad64d1c09ec41325b4c50e	EDNA18	1
40f462b139ad64d1c09ec41325b4c50e	EDNA91	1
40f462b139ad64d1c09ec41325b4c50e	EDNA93	8
40f462b139ad64d1c09ec41325b4c50e	MB6	3
40f462b139ad64d1c09ec41325b4c50e	EDNA85	4
40f462b139ad64d1c09ec41325b4c50e	EDNA67	1
40f462b139ad64d1c09ec41325b4c50e	EDNA95	5
ba5c383a8af347304b520800f931cc54	MB12	1
ba5c383a8af347304b520800f931cc54	EDNA40	6
ba5c383a8af347304b520800f931cc54	EDNA41	6
ba5c383a8af347304b520800f931cc54	EDNA42	22
ba5c383a8af347304b520800f931cc54	EDNA43	8
ba5c383a8af347304b520800f931cc54	EDNA34	16
ba5c383a8af347304b520800f931cc54	EDNA16	1
ba5c383a8af347304b520800f931cc54	EDNA80	2
ba5c383a8af347304b520800f931cc54	EDNA44	7
ba5c383a8af347304b520800f931cc54	EDNA45	26
ba5c383a8af347304b520800f931cc54	EDNA82	1
ba5c383a8af347304b520800f931cc54	EDNA46	1
ba5c383a8af347304b520800f931cc54	EDNA56	1
ba5c383a8af347304b520800f931cc54	EDNA84	1
ba5c383a8af347304b520800f931cc54	EDNA8	2
ba5c383a8af347304b520800f931cc54	EDNA85	3
ba5c383a8af347304b520800f931cc54	EDNA58	2
ba5c383a8af347304b520800f931cc54	EDNA95	1
fb4e4480e8dcc75b50f757a33a4b2832	MB11	11
fb4e4480e8dcc75b50f757a33a4b2832	EDNA31	6
fb4e4480e8dcc75b50f757a33a4b2832	EDNA13	1
fb4e4480e8dcc75b50f757a33a4b2832	MB13	4
fb4e4480e8dcc75b50f757a33a4b2832	EDNA99	1
fb4e4480e8dcc75b50f757a33a4b2832	EDNA33	7
fb4e4480e8dcc75b50f757a33a4b2832	EDNA52	3
fb4e4480e8dcc75b50f757a33a4b2832	EDNA43	15
fb4e4480e8dcc75b50f757a33a4b2832	EDNA2	1
fb4e4480e8dcc75b50f757a33a4b2832	MB1	8
fb4e4480e8dcc75b50f757a33a4b2832	EDNA62	1
fb4e4480e8dcc75b50f757a33a4b2832	EDNA44	31
fb4e4480e8dcc75b50f757a33a4b2832	EDNA63	1
fb4e4480e8dcc75b50f757a33a4b2832	EDNA45	11
fb4e4480e8dcc75b50f757a33a4b2832	EDNA27	3
fb4e4480e8dcc75b50f757a33a4b2832	EDNA82	1
fb4e4480e8dcc75b50f757a33a4b2832	MB6	1
c8ece5d56bd0633b3bce975bbd224ab9	EDNA87	2
c8ece5d56bd0633b3bce975bbd224ab9	EDNA79	2
c8ece5d56bd0633b3bce975bbd224ab9	EDNA25	3
c8ece5d56bd0633b3bce975bbd224ab9	EDNA80	1
c8ece5d56bd0633b3bce975bbd224ab9	EDNA44	4
c8ece5d56bd0633b3bce975bbd224ab9	EDNA45	15
c8ece5d56bd0633b3bce975bbd224ab9	EDNA36	4
c8ece5d56bd0633b3bce975bbd224ab9	EDNA82	14
c8ece5d56bd0633b3bce975bbd224ab9	EDNA83	8
c8ece5d56bd0633b3bce975bbd224ab9	EDNA74	51
c8ece5d56bd0633b3bce975bbd224ab9	EDNA86	2
041f771e0b18b62db00d243140e2eaf4	EDNA87	1
041f771e0b18b62db00d243140e2eaf4	MB13	2
041f771e0b18b62db00d243140e2eaf4	EDNA32	5
041f771e0b18b62db00d243140e2eaf4	EDNA43	13
041f771e0b18b62db00d243140e2eaf4	EDNA44	13
041f771e0b18b62db00d243140e2eaf4	EDNA45	51
041f771e0b18b62db00d243140e2eaf4	EDNA91	1
041f771e0b18b62db00d243140e2eaf4	EDNA46	3
041f771e0b18b62db00d243140e2eaf4	EDNA83	3
041f771e0b18b62db00d243140e2eaf4	EDNA56	1
041f771e0b18b62db00d243140e2eaf4	EDNA8	1
041f771e0b18b62db00d243140e2eaf4	EDNA58	6
041f771e0b18b62db00d243140e2eaf4	EDNA86	5
fa6a73f01aaf5f6ea679b3a9f02f463b	EDNA96	2
fa6a73f01aaf5f6ea679b3a9f02f463b	EDNA24	12
fa6a73f01aaf5f6ea679b3a9f02f463b	EDNA15	4
fa6a73f01aaf5f6ea679b3a9f02f463b	EDNA61	4
fa6a73f01aaf5f6ea679b3a9f02f463b	EDNA43	29
fa6a73f01aaf5f6ea679b3a9f02f463b	EDNA71	2
fa6a73f01aaf5f6ea679b3a9f02f463b	EDNA62	7
fa6a73f01aaf5f6ea679b3a9f02f463b	EDNA81	9
fa6a73f01aaf5f6ea679b3a9f02f463b	EDNA63	3
fa6a73f01aaf5f6ea679b3a9f02f463b	EDNA36	14
fa6a73f01aaf5f6ea679b3a9f02f463b	EDNA46	1
fa6a73f01aaf5f6ea679b3a9f02f463b	EDNA75	7
fa6a73f01aaf5f6ea679b3a9f02f463b	EDNA48	3
fa6a73f01aaf5f6ea679b3a9f02f463b	EDNA94	1
fa6a73f01aaf5f6ea679b3a9f02f463b	EDNA67	4
fa6a73f01aaf5f6ea679b3a9f02f463b	EDNA59	2
93c3af3d60c73f3662e8b22194686a2b	MB11	1
93c3af3d60c73f3662e8b22194686a2b	EDNA97	4
93c3af3d60c73f3662e8b22194686a2b	EDNA31	20
93c3af3d60c73f3662e8b22194686a2b	EDNA13	6
93c3af3d60c73f3662e8b22194686a2b	MB13	2
93c3af3d60c73f3662e8b22194686a2b	EDNA99	3
93c3af3d60c73f3662e8b22194686a2b	EDNA14	12
93c3af3d60c73f3662e8b22194686a2b	EDNA33	11
93c3af3d60c73f3662e8b22194686a2b	EDNA25	8
93c3af3d60c73f3662e8b22194686a2b	EDNA44	12
93c3af3d60c73f3662e8b22194686a2b	EDNA35	9
93c3af3d60c73f3662e8b22194686a2b	MB2	1
93c3af3d60c73f3662e8b22194686a2b	EDNA18	1
93c3af3d60c73f3662e8b22194686a2b	MB4	3
93c3af3d60c73f3662e8b22194686a2b	EDNA56	1
93c3af3d60c73f3662e8b22194686a2b	EDNA57	1
93c3af3d60c73f3662e8b22194686a2b	MB6	8
1a4d1a04a14f05c8ebf9ddcc3ee0998a	MB13	5
1a4d1a04a14f05c8ebf9ddcc3ee0998a	EDNA43	18
1a4d1a04a14f05c8ebf9ddcc3ee0998a	EDNA44	31
1a4d1a04a14f05c8ebf9ddcc3ee0998a	EDNA45	36
1a4d1a04a14f05c8ebf9ddcc3ee0998a	EDNA57	9
1a4d1a04a14f05c8ebf9ddcc3ee0998a	EDNA58	4
e1acc68ed9f5198f21137bcd7b681fe5	EDNA80	7
e1acc68ed9f5198f21137bcd7b681fe5	EDNA81	26
e1acc68ed9f5198f21137bcd7b681fe5	EDNA83	16
e1acc68ed9f5198f21137bcd7b681fe5	EDNA75	25
e1acc68ed9f5198f21137bcd7b681fe5	EDNA85	3
e1acc68ed9f5198f21137bcd7b681fe5	EDNA86	2
e1acc68ed9f5198f21137bcd7b681fe5	EDNA68	24
aefc598c3524a7a07634a4df70b447bb	EDNA71	47
aefc598c3524a7a07634a4df70b447bb	EDNA73	6
aefc598c3524a7a07634a4df70b447bb	EDNA75	20
aefc598c3524a7a07634a4df70b447bb	EDNA67	21
aefc598c3524a7a07634a4df70b447bb	EDNA68	8
21a5a797f745652b89eebab910398d5c	MB1	94
21a5a797f745652b89eebab910398d5c	EDNA93	8
4d5e9d7d8f123ffb34e34ba112f7ec52	EDNA69	26
4d5e9d7d8f123ffb34e34ba112f7ec52	EDNA67	58
4d5e9d7d8f123ffb34e34ba112f7ec52	EDNA68	17
217214d84df8fae0c3276385903c16c5	MB8	7
217214d84df8fae0c3276385903c16c5	MB2	18
217214d84df8fae0c3276385903c16c5	EDNA27	72
217214d84df8fae0c3276385903c16c5	EDNA7	3
8dd6fd51edd24e4ccd2950bd366c9b80	EDNA69	13
8dd6fd51edd24e4ccd2950bd366c9b80	MB17	47
8dd6fd51edd24e4ccd2950bd366c9b80	MB18	24
8dd6fd51edd24e4ccd2950bd366c9b80	EDNA68	16
e26b8556381a1965009248b00e0f1b3e	EDNA87	1
e26b8556381a1965009248b00e0f1b3e	EDNA97	24
e26b8556381a1965009248b00e0f1b3e	EDNA12	15
e26b8556381a1965009248b00e0f1b3e	EDNA13	28
e26b8556381a1965009248b00e0f1b3e	EDNA14	9
e26b8556381a1965009248b00e0f1b3e	EDNA15	13
e26b8556381a1965009248b00e0f1b3e	EDNA54	4
e26b8556381a1965009248b00e0f1b3e	EDNA56	5
7eec615349b1eaea90bd520e2c2951e8	EDNA97	1
7eec615349b1eaea90bd520e2c2951e8	EDNA98	3
7eec615349b1eaea90bd520e2c2951e8	EDNA31	7
7eec615349b1eaea90bd520e2c2951e8	EDNA13	1
7eec615349b1eaea90bd520e2c2951e8	EDNA99	3
7eec615349b1eaea90bd520e2c2951e8	EDNA32	1
7eec615349b1eaea90bd520e2c2951e8	EDNA14	3
7eec615349b1eaea90bd520e2c2951e8	EDNA52	3
7eec615349b1eaea90bd520e2c2951e8	EDNA34	39
7eec615349b1eaea90bd520e2c2951e8	EDNA80	2
7eec615349b1eaea90bd520e2c2951e8	EDNA35	1
7eec615349b1eaea90bd520e2c2951e8	EDNA63	2
7eec615349b1eaea90bd520e2c2951e8	EDNA36	5
7eec615349b1eaea90bd520e2c2951e8	EDNA92	3
7eec615349b1eaea90bd520e2c2951e8	EDNA93	17
7eec615349b1eaea90bd520e2c2951e8	EDNA86	6
7eec615349b1eaea90bd520e2c2951e8	EDNA59	2
8ff1989dea9bf2a17c2b972541809994	EDNA31	11
8ff1989dea9bf2a17c2b972541809994	EDNA22	1
8ff1989dea9bf2a17c2b972541809994	EDNA41	2
8ff1989dea9bf2a17c2b972541809994	EDNA32	4
8ff1989dea9bf2a17c2b972541809994	EDNA42	8
8ff1989dea9bf2a17c2b972541809994	EDNA1	2
8ff1989dea9bf2a17c2b972541809994	EDNA15	1
8ff1989dea9bf2a17c2b972541809994	EDNA16	7
8ff1989dea9bf2a17c2b972541809994	EDNA53	4
8ff1989dea9bf2a17c2b972541809994	EDNA26	23
8ff1989dea9bf2a17c2b972541809994	EDNA45	12
8ff1989dea9bf2a17c2b972541809994	EDNA46	14
8ff1989dea9bf2a17c2b972541809994	MB4	3
8ff1989dea9bf2a17c2b972541809994	EDNA7	7
e8e59048dbed02afc578f2cf89868ae5	EDNA70	20
e8e59048dbed02afc578f2cf89868ae5	EDNA75	34
e8e59048dbed02afc578f2cf89868ae5	EDNA67	33
e8e59048dbed02afc578f2cf89868ae5	EDNA68	12
a2c0e3f6daa994f2d50daffa360e4bd5	EDNA11	2
a2c0e3f6daa994f2d50daffa360e4bd5	EDNA97	13
a2c0e3f6daa994f2d50daffa360e4bd5	EDNA31	8
a2c0e3f6daa994f2d50daffa360e4bd5	EDNA13	7
a2c0e3f6daa994f2d50daffa360e4bd5	EDNA99	5
a2c0e3f6daa994f2d50daffa360e4bd5	EDNA14	6
a2c0e3f6daa994f2d50daffa360e4bd5	EDNA33	46
a2c0e3f6daa994f2d50daffa360e4bd5	EDNA15	1
a2c0e3f6daa994f2d50daffa360e4bd5	MB2	4
a2c0e3f6daa994f2d50daffa360e4bd5	MB4	1
a2c0e3f6daa994f2d50daffa360e4bd5	EDNA8	2
a2c0e3f6daa994f2d50daffa360e4bd5	EDNA10	3
5b46d43e4fee98634cd575a085e23598	EDNA42	1
5b46d43e4fee98634cd575a085e23598	EDNA43	70
5b46d43e4fee98634cd575a085e23598	EDNA44	27
e0ca359e45f42fe346f98970471946ff	EDNA69	3
e0ca359e45f42fe346f98970471946ff	EDNA70	11
e0ca359e45f42fe346f98970471946ff	EDNA73	15
e0ca359e45f42fe346f98970471946ff	EDNA67	69
78d3fec2f190fa73e92cdc848db4237f	EDNA40	7
78d3fec2f190fa73e92cdc848db4237f	EDNA41	26
78d3fec2f190fa73e92cdc848db4237f	EDNA42	25
78d3fec2f190fa73e92cdc848db4237f	EDNA43	28
78d3fec2f190fa73e92cdc848db4237f	EDNA44	11
373c40288ef97e28cb68e5b15251485b	EDNA79	5
373c40288ef97e28cb68e5b15251485b	EDNA43	39
373c40288ef97e28cb68e5b15251485b	EDNA80	5
373c40288ef97e28cb68e5b15251485b	EDNA44	33
373c40288ef97e28cb68e5b15251485b	EDNA45	12
373c40288ef97e28cb68e5b15251485b	EDNA46	3
1fe44932b9a50ce9a3d944d6198188e1	EDNA12	7
1fe44932b9a50ce9a3d944d6198188e1	EDNA22	12
1fe44932b9a50ce9a3d944d6198188e1	EDNA60	8
1fe44932b9a50ce9a3d944d6198188e1	EDNA24	9
1fe44932b9a50ce9a3d944d6198188e1	EDNA2	15
1fe44932b9a50ce9a3d944d6198188e1	EDNA16	5
1fe44932b9a50ce9a3d944d6198188e1	EDNA18	4
1fe44932b9a50ce9a3d944d6198188e1	EDNA8	10
1fe44932b9a50ce9a3d944d6198188e1	EDNA58	5
1fe44932b9a50ce9a3d944d6198188e1	EDNA59	21
10de3e9edd8061b7d4fd05caa7b25f9f	EDNA31	19
10de3e9edd8061b7d4fd05caa7b25f9f	EDNA13	10
10de3e9edd8061b7d4fd05caa7b25f9f	EDNA32	23
10de3e9edd8061b7d4fd05caa7b25f9f	EDNA15	7
10de3e9edd8061b7d4fd05caa7b25f9f	EDNA61	4
10de3e9edd8061b7d4fd05caa7b25f9f	EDNA3	3
10de3e9edd8061b7d4fd05caa7b25f9f	EDNA27	15
10de3e9edd8061b7d4fd05caa7b25f9f	MB4	1
10de3e9edd8061b7d4fd05caa7b25f9f	MB6	5
10de3e9edd8061b7d4fd05caa7b25f9f	EDNA8	3
10de3e9edd8061b7d4fd05caa7b25f9f	EDNA9	6
aa141f062aa3c07db4483b2c5d295970	EDNA96	21
aa141f062aa3c07db4483b2c5d295970	EDNA34	27
aa141f062aa3c07db4483b2c5d295970	EDNA62	1
aa141f062aa3c07db4483b2c5d295970	EDNA91	2
aa141f062aa3c07db4483b2c5d295970	EDNA92	8
aa141f062aa3c07db4483b2c5d295970	EDNA75	29
aa141f062aa3c07db4483b2c5d295970	EDNA48	2
aa141f062aa3c07db4483b2c5d295970	EDNA95	6
bd83e2c85708c4962f05c80c54f85667	EDNA69	33
bd83e2c85708c4962f05c80c54f85667	EDNA67	42
bd83e2c85708c4962f05c80c54f85667	EDNA68	21
5f907557675481632654c893c4e319d5	MB13	5
5f907557675481632654c893c4e319d5	EDNA41	36
5f907557675481632654c893c4e319d5	EDNA42	10
5f907557675481632654c893c4e319d5	EDNA43	36
5f907557675481632654c893c4e319d5	EDNA16	5
5f907557675481632654c893c4e319d5	EDNA63	3
af4b87c23d11e08e7ff4357c3743850e	EDNA43	24
af4b87c23d11e08e7ff4357c3743850e	EDNA44	27
af4b87c23d11e08e7ff4357c3743850e	EDNA91	6
af4b87c23d11e08e7ff4357c3743850e	EDNA73	15
af4b87c23d11e08e7ff4357c3743850e	EDNA46	4
af4b87c23d11e08e7ff4357c3743850e	EDNA74	19
073ae712889bad2b64eebcbe74d530d2	EDNA96	6
073ae712889bad2b64eebcbe74d530d2	MB9	2
073ae712889bad2b64eebcbe74d530d2	EDNA97	2
073ae712889bad2b64eebcbe74d530d2	EDNA98	1
073ae712889bad2b64eebcbe74d530d2	EDNA31	3
073ae712889bad2b64eebcbe74d530d2	EDNA22	15
073ae712889bad2b64eebcbe74d530d2	EDNA13	1
073ae712889bad2b64eebcbe74d530d2	MB23	1
073ae712889bad2b64eebcbe74d530d2	EDNA24	4
073ae712889bad2b64eebcbe74d530d2	EDNA34	15
073ae712889bad2b64eebcbe74d530d2	EDNA25	14
073ae712889bad2b64eebcbe74d530d2	EDNA35	3
073ae712889bad2b64eebcbe74d530d2	EDNA26	2
073ae712889bad2b64eebcbe74d530d2	EDNA27	20
073ae712889bad2b64eebcbe74d530d2	EDNA92	1
073ae712889bad2b64eebcbe74d530d2	EDNA48	2
073ae712889bad2b64eebcbe74d530d2	EDNA95	2
c048d2003614ed14ca94104a9e2fd57c	MB13	7
c048d2003614ed14ca94104a9e2fd57c	EDNA43	9
c048d2003614ed14ca94104a9e2fd57c	EDNA44	36
c048d2003614ed14ca94104a9e2fd57c	EDNA45	36
c048d2003614ed14ca94104a9e2fd57c	EDNA47	6
112646a2f2d62973f1173b6ec34e8f62	EDNA70	4
112646a2f2d62973f1173b6ec34e8f62	MB17	50
112646a2f2d62973f1173b6ec34e8f62	MB18	40
ba9e84eee0e51adb0f07ec156d154e05	MB8	3
ba9e84eee0e51adb0f07ec156d154e05	EDNA23	6
ba9e84eee0e51adb0f07ec156d154e05	EDNA25	4
ba9e84eee0e51adb0f07ec156d154e05	MB1	68
ba9e84eee0e51adb0f07ec156d154e05	MB2	11
ba9e84eee0e51adb0f07ec156d154e05	EDNA8	1
7839ac373aed4bd1f1d93b2cabc4f78e	MB11	2
7839ac373aed4bd1f1d93b2cabc4f78e	MB13	1
7839ac373aed4bd1f1d93b2cabc4f78e	EDNA71	23
7839ac373aed4bd1f1d93b2cabc4f78e	EDNA62	2
7839ac373aed4bd1f1d93b2cabc4f78e	EDNA45	5
7839ac373aed4bd1f1d93b2cabc4f78e	MB18	8
7839ac373aed4bd1f1d93b2cabc4f78e	EDNA73	39
7839ac373aed4bd1f1d93b2cabc4f78e	EDNA74	13
eaa90aeb7534542f9839580320cc3c1c	MB21	7
eaa90aeb7534542f9839580320cc3c1c	EDNA80	11
eaa90aeb7534542f9839580320cc3c1c	EDNA82	27
eaa90aeb7534542f9839580320cc3c1c	EDNA83	29
eaa90aeb7534542f9839580320cc3c1c	EDNA84	19
11f5d221b099b474c711af9a1af0cfee	EDNA13	5
11f5d221b099b474c711af9a1af0cfee	EDNA23	15
11f5d221b099b474c711af9a1af0cfee	EDNA14	5
11f5d221b099b474c711af9a1af0cfee	EDNA24	2
11f5d221b099b474c711af9a1af0cfee	EDNA1	12
11f5d221b099b474c711af9a1af0cfee	EDNA15	1
11f5d221b099b474c711af9a1af0cfee	EDNA43	3
11f5d221b099b474c711af9a1af0cfee	EDNA34	10
11f5d221b099b474c711af9a1af0cfee	EDNA2	2
11f5d221b099b474c711af9a1af0cfee	EDNA16	2
11f5d221b099b474c711af9a1af0cfee	EDNA3	8
11f5d221b099b474c711af9a1af0cfee	EDNA45	1
11f5d221b099b474c711af9a1af0cfee	EDNA36	1
11f5d221b099b474c711af9a1af0cfee	EDNA27	11
11f5d221b099b474c711af9a1af0cfee	EDNA46	2
11f5d221b099b474c711af9a1af0cfee	EDNA7	1
11f5d221b099b474c711af9a1af0cfee	EDNA9	7
11f5d221b099b474c711af9a1af0cfee	EDNA10	4
87854bbcf126a8308a5f66584473463d	MB8	1
87854bbcf126a8308a5f66584473463d	EDNA96	5
87854bbcf126a8308a5f66584473463d	EDNA32	1
87854bbcf126a8308a5f66584473463d	MB14	1
87854bbcf126a8308a5f66584473463d	MB15	8
87854bbcf126a8308a5f66584473463d	MB25	2
87854bbcf126a8308a5f66584473463d	MB1	18
87854bbcf126a8308a5f66584473463d	EDNA53	1
87854bbcf126a8308a5f66584473463d	EDNA3	8
87854bbcf126a8308a5f66584473463d	EDNA35	26
87854bbcf126a8308a5f66584473463d	EDNA26	1
87854bbcf126a8308a5f66584473463d	EDNA27	4
87854bbcf126a8308a5f66584473463d	EDNA46	1
87854bbcf126a8308a5f66584473463d	EDNA58	6
87854bbcf126a8308a5f66584473463d	EDNA9	6
87854bbcf126a8308a5f66584473463d	EDNA10	3
43aae269729c58e5aacd4f6c6221e5ac	EDNA41	5
43aae269729c58e5aacd4f6c6221e5ac	EDNA23	4
43aae269729c58e5aacd4f6c6221e5ac	EDNA24	1
43aae269729c58e5aacd4f6c6221e5ac	EDNA18	4
43aae269729c58e5aacd4f6c6221e5ac	EDNA47	14
43aae269729c58e5aacd4f6c6221e5ac	MB7	63
b80717a0fc8dd489099715ad26b78ef7	MB13	3
b80717a0fc8dd489099715ad26b78ef7	EDNA43	6
b80717a0fc8dd489099715ad26b78ef7	EDNA44	24
b80717a0fc8dd489099715ad26b78ef7	EDNA45	32
b80717a0fc8dd489099715ad26b78ef7	EDNA56	8
b80717a0fc8dd489099715ad26b78ef7	EDNA95	17
dce675267ffea9ac2230f080772ec056	MB8	9
dce675267ffea9ac2230f080772ec056	MB20	4
dce675267ffea9ac2230f080772ec056	MB13	5
dce675267ffea9ac2230f080772ec056	EDNA42	51
dce675267ffea9ac2230f080772ec056	EDNA45	11
dce675267ffea9ac2230f080772ec056	EDNA95	9
8db62805713454e6916e6cae6ba9c2e3	EDNA69	66
8db62805713454e6916e6cae6ba9c2e3	EDNA67	20
8db62805713454e6916e6cae6ba9c2e3	EDNA68	3
608e2f40785be2f518dc173952d324fd	EDNA80	3
608e2f40785be2f518dc173952d324fd	EDNA81	1
608e2f40785be2f518dc173952d324fd	EDNA82	23
608e2f40785be2f518dc173952d324fd	EDNA83	30
608e2f40785be2f518dc173952d324fd	EDNA93	1
608e2f40785be2f518dc173952d324fd	EDNA84	29
608e2f40785be2f518dc173952d324fd	EDNA86	2
1f2cb54d383e66edc10e14cb52e2929d	EDNA11	2
1f2cb54d383e66edc10e14cb52e2929d	MB11	1
1f2cb54d383e66edc10e14cb52e2929d	EDNA31	3
1f2cb54d383e66edc10e14cb52e2929d	EDNA22	4
1f2cb54d383e66edc10e14cb52e2929d	MB13	1
1f2cb54d383e66edc10e14cb52e2929d	EDNA32	2
1f2cb54d383e66edc10e14cb52e2929d	EDNA14	1
1f2cb54d383e66edc10e14cb52e2929d	EDNA33	2
1f2cb54d383e66edc10e14cb52e2929d	EDNA1	6
1f2cb54d383e66edc10e14cb52e2929d	EDNA15	1
1f2cb54d383e66edc10e14cb52e2929d	EDNA43	1
1f2cb54d383e66edc10e14cb52e2929d	EDNA34	1
1f2cb54d383e66edc10e14cb52e2929d	EDNA25	1
1f2cb54d383e66edc10e14cb52e2929d	MB1	3
1f2cb54d383e66edc10e14cb52e2929d	EDNA35	1
1f2cb54d383e66edc10e14cb52e2929d	EDNA17	3
1f2cb54d383e66edc10e14cb52e2929d	MB2	19
1f2cb54d383e66edc10e14cb52e2929d	EDNA27	2
1f2cb54d383e66edc10e14cb52e2929d	EDNA18	2
1f2cb54d383e66edc10e14cb52e2929d	MB4	2
1f2cb54d383e66edc10e14cb52e2929d	EDNA47	9
1f2cb54d383e66edc10e14cb52e2929d	EDNA7	3
1f2cb54d383e66edc10e14cb52e2929d	EDNA48	3
1f2cb54d383e66edc10e14cb52e2929d	EDNA8	12
1f2cb54d383e66edc10e14cb52e2929d	EDNA9	2
1f2cb54d383e66edc10e14cb52e2929d	EDNA10	1
7a17ec7031089d9f7522724d4bd237c6	EDNA12	1
7a17ec7031089d9f7522724d4bd237c6	EDNA22	3
7a17ec7031089d9f7522724d4bd237c6	EDNA33	2
7a17ec7031089d9f7522724d4bd237c6	EDNA24	1
7a17ec7031089d9f7522724d4bd237c6	EDNA34	34
7a17ec7031089d9f7522724d4bd237c6	EDNA17	6
7a17ec7031089d9f7522724d4bd237c6	MB2	2
7a17ec7031089d9f7522724d4bd237c6	EDNA36	26
7a17ec7031089d9f7522724d4bd237c6	EDNA27	2
7a17ec7031089d9f7522724d4bd237c6	EDNA18	6
7a17ec7031089d9f7522724d4bd237c6	MB4	2
7a17ec7031089d9f7522724d4bd237c6	EDNA8	3
8b2da38d608067cb33d21b88ed1b243a	EDNA41	69
8b2da38d608067cb33d21b88ed1b243a	EDNA15	4
8b2da38d608067cb33d21b88ed1b243a	EDNA44	1
8b2da38d608067cb33d21b88ed1b243a	EDNA82	5
8b2da38d608067cb33d21b88ed1b243a	EDNA46	3
8b2da38d608067cb33d21b88ed1b243a	MB19	6
e8920d6380ac8fd947aefb878183a094	EDNA40	5
e8920d6380ac8fd947aefb878183a094	EDNA41	7
e8920d6380ac8fd947aefb878183a094	EDNA42	29
e8920d6380ac8fd947aefb878183a094	EDNA43	24
e8920d6380ac8fd947aefb878183a094	EDNA45	9
e8920d6380ac8fd947aefb878183a094	EDNA46	4
e8920d6380ac8fd947aefb878183a094	EDNA47	6
e8920d6380ac8fd947aefb878183a094	EDNA57	2
e8920d6380ac8fd947aefb878183a094	EDNA48	2
9ffca2a2c2d9e30495e1f8cacf15d1f8	EDNA69	6
9ffca2a2c2d9e30495e1f8cacf15d1f8	MB12	1
9ffca2a2c2d9e30495e1f8cacf15d1f8	MB17	5
9ffca2a2c2d9e30495e1f8cacf15d1f8	MB18	31
9ffca2a2c2d9e30495e1f8cacf15d1f8	EDNA74	36
9ffca2a2c2d9e30495e1f8cacf15d1f8	EDNA84	8
9ffca2a2c2d9e30495e1f8cacf15d1f8	EDNA48	1
ea9d90fa34ec1df6eaa74dfad93d5464	EDNA81	15
ea9d90fa34ec1df6eaa74dfad93d5464	EDNA74	73
fe6df604e383d3e603f6bafda32915e0	EDNA13	2
fe6df604e383d3e603f6bafda32915e0	EDNA14	6
fe6df604e383d3e603f6bafda32915e0	EDNA15	1
fe6df604e383d3e603f6bafda32915e0	EDNA2	15
fe6df604e383d3e603f6bafda32915e0	EDNA26	5
fe6df604e383d3e603f6bafda32915e0	MB2	24
fe6df604e383d3e603f6bafda32915e0	EDNA63	6
fe6df604e383d3e603f6bafda32915e0	EDNA18	11
fe6df604e383d3e603f6bafda32915e0	MB4	5
fe6df604e383d3e603f6bafda32915e0	EDNA8	12
b6d1aad83cf4936cb6c0d3abc1d4a143	EDNA11	6
b6d1aad83cf4936cb6c0d3abc1d4a143	MB11	2
b6d1aad83cf4936cb6c0d3abc1d4a143	EDNA12	9
b6d1aad83cf4936cb6c0d3abc1d4a143	EDNA13	2
b6d1aad83cf4936cb6c0d3abc1d4a143	EDNA99	2
b6d1aad83cf4936cb6c0d3abc1d4a143	EDNA61	1
b6d1aad83cf4936cb6c0d3abc1d4a143	EDNA43	1
b6d1aad83cf4936cb6c0d3abc1d4a143	EDNA2	6
b6d1aad83cf4936cb6c0d3abc1d4a143	MB2	6
b6d1aad83cf4936cb6c0d3abc1d4a143	EDNA63	1
b6d1aad83cf4936cb6c0d3abc1d4a143	EDNA45	4
b6d1aad83cf4936cb6c0d3abc1d4a143	EDNA18	3
b6d1aad83cf4936cb6c0d3abc1d4a143	EDNA7	5
b6d1aad83cf4936cb6c0d3abc1d4a143	EDNA8	25
b6d1aad83cf4936cb6c0d3abc1d4a143	EDNA9	6
b6d1aad83cf4936cb6c0d3abc1d4a143	EDNA95	3
b6d1aad83cf4936cb6c0d3abc1d4a143	EDNA10	4
840291f49a0bf140bdd4a38ba8668133	EDNA12	2
840291f49a0bf140bdd4a38ba8668133	EDNA22	2
840291f49a0bf140bdd4a38ba8668133	EDNA32	18
840291f49a0bf140bdd4a38ba8668133	EDNA24	7
840291f49a0bf140bdd4a38ba8668133	EDNA16	23
840291f49a0bf140bdd4a38ba8668133	EDNA17	6
840291f49a0bf140bdd4a38ba8668133	MB2	1
840291f49a0bf140bdd4a38ba8668133	EDNA18	9
840291f49a0bf140bdd4a38ba8668133	EDNA8	14
840291f49a0bf140bdd4a38ba8668133	EDNA9	4
1ff4685bac206947d8ce36296fe302a5	EDNA96	4
1ff4685bac206947d8ce36296fe302a5	EDNA97	3
1ff4685bac206947d8ce36296fe302a5	EDNA40	1
1ff4685bac206947d8ce36296fe302a5	EDNA22	3
1ff4685bac206947d8ce36296fe302a5	EDNA41	2
1ff4685bac206947d8ce36296fe302a5	EDNA14	2
1ff4685bac206947d8ce36296fe302a5	EDNA42	4
1ff4685bac206947d8ce36296fe302a5	EDNA24	5
1ff4685bac206947d8ce36296fe302a5	EDNA61	1
1ff4685bac206947d8ce36296fe302a5	EDNA52	1
1ff4685bac206947d8ce36296fe302a5	EDNA43	6
1ff4685bac206947d8ce36296fe302a5	EDNA2	1
1ff4685bac206947d8ce36296fe302a5	EDNA44	3
1ff4685bac206947d8ce36296fe302a5	EDNA3	6
1ff4685bac206947d8ce36296fe302a5	EDNA35	4
1ff4685bac206947d8ce36296fe302a5	EDNA36	12
1ff4685bac206947d8ce36296fe302a5	EDNA27	8
1ff4685bac206947d8ce36296fe302a5	EDNA91	2
1ff4685bac206947d8ce36296fe302a5	EDNA82	2
1ff4685bac206947d8ce36296fe302a5	EDNA47	7
1ff4685bac206947d8ce36296fe302a5	EDNA84	3
1ff4685bac206947d8ce36296fe302a5	EDNA48	2
1ff4685bac206947d8ce36296fe302a5	EDNA58	3
1ff4685bac206947d8ce36296fe302a5	EDNA59	1
0e0e139da240f7e2c1fa947bebebbfe3	EDNA31	48
0e0e139da240f7e2c1fa947bebebbfe3	EDNA32	23
0e0e139da240f7e2c1fa947bebebbfe3	EDNA33	9
0e0e139da240f7e2c1fa947bebebbfe3	EDNA25	6
e87c8ba8d17dbf58bf4efb9fa455be10	MB13	1
e87c8ba8d17dbf58bf4efb9fa455be10	EDNA43	23
e87c8ba8d17dbf58bf4efb9fa455be10	EDNA44	28
e87c8ba8d17dbf58bf4efb9fa455be10	EDNA45	33
e87c8ba8d17dbf58bf4efb9fa455be10	EDNA82	1
f938d55b27bd2432e4e291de4006d41f	MB11	2
f938d55b27bd2432e4e291de4006d41f	EDNA41	1
f938d55b27bd2432e4e291de4006d41f	EDNA43	20
f938d55b27bd2432e4e291de4006d41f	EDNA62	1
f938d55b27bd2432e4e291de4006d41f	EDNA44	10
f938d55b27bd2432e4e291de4006d41f	EDNA45	49
f938d55b27bd2432e4e291de4006d41f	EDNA95	2
554a21838ec493c2368bfb7520e710ec	EDNA11	10
554a21838ec493c2368bfb7520e710ec	EDNA12	9
554a21838ec493c2368bfb7520e710ec	EDNA60	2
554a21838ec493c2368bfb7520e710ec	EDNA24	7
554a21838ec493c2368bfb7520e710ec	EDNA1	7
554a21838ec493c2368bfb7520e710ec	EDNA61	2
554a21838ec493c2368bfb7520e710ec	EDNA2	8
554a21838ec493c2368bfb7520e710ec	EDNA25	16
554a21838ec493c2368bfb7520e710ec	EDNA26	1
554a21838ec493c2368bfb7520e710ec	EDNA17	2
554a21838ec493c2368bfb7520e710ec	EDNA63	1
554a21838ec493c2368bfb7520e710ec	EDNA18	2
554a21838ec493c2368bfb7520e710ec	EDNA55	1
554a21838ec493c2368bfb7520e710ec	EDNA7	2
554a21838ec493c2368bfb7520e710ec	EDNA8	6
554a21838ec493c2368bfb7520e710ec	EDNA59	1
554a21838ec493c2368bfb7520e710ec	EDNA10	7
dc49048886c46d5fbbf3660b2489c39b	EDNA22	1
dc49048886c46d5fbbf3660b2489c39b	EDNA41	55
dc49048886c46d5fbbf3660b2489c39b	EDNA61	2
dc49048886c46d5fbbf3660b2489c39b	EDNA52	3
dc49048886c46d5fbbf3660b2489c39b	EDNA43	2
dc49048886c46d5fbbf3660b2489c39b	EDNA35	5
dc49048886c46d5fbbf3660b2489c39b	EDNA81	1
dc49048886c46d5fbbf3660b2489c39b	EDNA45	11
dc49048886c46d5fbbf3660b2489c39b	EDNA57	1
dc49048886c46d5fbbf3660b2489c39b	EDNA85	3
90eb27e46c5e4f632b217af566835c37	EDNA79	45
90eb27e46c5e4f632b217af566835c37	EDNA80	19
90eb27e46c5e4f632b217af566835c37	EDNA83	20
a8a1a6caea45245e7334a5a5c39f10c4	EDNA13	1
a8a1a6caea45245e7334a5a5c39f10c4	EDNA41	2
a8a1a6caea45245e7334a5a5c39f10c4	EDNA42	2
a8a1a6caea45245e7334a5a5c39f10c4	EDNA43	25
a8a1a6caea45245e7334a5a5c39f10c4	EDNA34	1
a8a1a6caea45245e7334a5a5c39f10c4	EDNA62	2
a8a1a6caea45245e7334a5a5c39f10c4	EDNA44	1
a8a1a6caea45245e7334a5a5c39f10c4	EDNA35	1
a8a1a6caea45245e7334a5a5c39f10c4	EDNA54	3
a8a1a6caea45245e7334a5a5c39f10c4	EDNA45	1
a8a1a6caea45245e7334a5a5c39f10c4	EDNA36	22
a8a1a6caea45245e7334a5a5c39f10c4	EDNA55	4
a8a1a6caea45245e7334a5a5c39f10c4	EDNA56	1
a8a1a6caea45245e7334a5a5c39f10c4	EDNA47	4
a8a1a6caea45245e7334a5a5c39f10c4	EDNA57	3
a8a1a6caea45245e7334a5a5c39f10c4	EDNA48	4
a8a1a6caea45245e7334a5a5c39f10c4	EDNA58	2
a8a1a6caea45245e7334a5a5c39f10c4	EDNA59	4
057c3e409341c61f2eef6b1a71fa099f	EDNA97	1
057c3e409341c61f2eef6b1a71fa099f	EDNA22	19
057c3e409341c61f2eef6b1a71fa099f	EDNA61	1
057c3e409341c61f2eef6b1a71fa099f	EDNA62	1
057c3e409341c61f2eef6b1a71fa099f	EDNA53	1
057c3e409341c61f2eef6b1a71fa099f	EDNA44	20
057c3e409341c61f2eef6b1a71fa099f	EDNA45	37
057c3e409341c61f2eef6b1a71fa099f	EDNA48	3
f0c83ad5e6fbf3ae12c3677b74d9313d	EDNA69	13
f0c83ad5e6fbf3ae12c3677b74d9313d	EDNA73	47
f0c83ad5e6fbf3ae12c3677b74d9313d	EDNA68	23
f8021d3391b632f79ae8799c20ef5db5	MB8	2
f8021d3391b632f79ae8799c20ef5db5	EDNA11	1
f8021d3391b632f79ae8799c20ef5db5	EDNA1	6
f8021d3391b632f79ae8799c20ef5db5	EDNA2	17
f8021d3391b632f79ae8799c20ef5db5	EDNA25	4
f8021d3391b632f79ae8799c20ef5db5	MB1	28
f8021d3391b632f79ae8799c20ef5db5	EDNA3	13
f8021d3391b632f79ae8799c20ef5db5	MB2	3
f8021d3391b632f79ae8799c20ef5db5	EDNA36	1
f8021d3391b632f79ae8799c20ef5db5	MB4	1
f8021d3391b632f79ae8799c20ef5db5	EDNA8	1
f8021d3391b632f79ae8799c20ef5db5	EDNA9	5
39d6bd0038b39df7f35ee1cadd7de3ad	EDNA22	42
39d6bd0038b39df7f35ee1cadd7de3ad	EDNA23	3
39d6bd0038b39df7f35ee1cadd7de3ad	EDNA24	36
39d6bd0038b39df7f35ee1cadd7de3ad	EDNA1	1
638ba091e75ab0fc91f60d63c0dd0072	EDNA32	6
638ba091e75ab0fc91f60d63c0dd0072	EDNA23	5
638ba091e75ab0fc91f60d63c0dd0072	EDNA14	1
638ba091e75ab0fc91f60d63c0dd0072	EDNA61	3
638ba091e75ab0fc91f60d63c0dd0072	EDNA34	22
638ba091e75ab0fc91f60d63c0dd0072	EDNA25	3
638ba091e75ab0fc91f60d63c0dd0072	EDNA16	2
638ba091e75ab0fc91f60d63c0dd0072	EDNA63	2
638ba091e75ab0fc91f60d63c0dd0072	EDNA36	9
638ba091e75ab0fc91f60d63c0dd0072	EDNA57	7
638ba091e75ab0fc91f60d63c0dd0072	EDNA48	1
638ba091e75ab0fc91f60d63c0dd0072	EDNA94	8
638ba091e75ab0fc91f60d63c0dd0072	EDNA9	12
447ddd3b5c31a958ca4941ae38e526a8	EDNA23	53
447ddd3b5c31a958ca4941ae38e526a8	EDNA24	25
447ddd3b5c31a958ca4941ae38e526a8	EDNA16	3
fa490cc7d6b5e24472b45161331b405c	EDNA23	52
fa490cc7d6b5e24472b45161331b405c	EDNA27	29
dd53250d241db9e95b60e9737181af1f	MB9	5
dd53250d241db9e95b60e9737181af1f	MB13	23
dd53250d241db9e95b60e9737181af1f	EDNA45	53
a05d857572f37a074fd1dce5138ad311	EDNA69	27
a05d857572f37a074fd1dce5138ad311	EDNA68	54
afe1adc534525d33d2a1e2a4f95caa86	EDNA22	14
afe1adc534525d33d2a1e2a4f95caa86	EDNA35	66
2a09c9a898d475f97de8fca7b5b34b3c	EDNA34	70
2a09c9a898d475f97de8fca7b5b34b3c	EDNA45	10
467dc4b2d4d0d088f4c1a9cb5c4733af	EDNA96	9
467dc4b2d4d0d088f4c1a9cb5c4733af	EDNA87	5
467dc4b2d4d0d088f4c1a9cb5c4733af	EDNA97	8
467dc4b2d4d0d088f4c1a9cb5c4733af	EDNA99	3
467dc4b2d4d0d088f4c1a9cb5c4733af	EDNA60	1
467dc4b2d4d0d088f4c1a9cb5c4733af	EDNA43	7
467dc4b2d4d0d088f4c1a9cb5c4733af	EDNA53	2
467dc4b2d4d0d088f4c1a9cb5c4733af	EDNA44	2
467dc4b2d4d0d088f4c1a9cb5c4733af	EDNA35	2
467dc4b2d4d0d088f4c1a9cb5c4733af	EDNA45	2
467dc4b2d4d0d088f4c1a9cb5c4733af	EDNA91	3
467dc4b2d4d0d088f4c1a9cb5c4733af	EDNA55	3
467dc4b2d4d0d088f4c1a9cb5c4733af	EDNA92	4
467dc4b2d4d0d088f4c1a9cb5c4733af	EDNA93	7
467dc4b2d4d0d088f4c1a9cb5c4733af	EDNA57	2
467dc4b2d4d0d088f4c1a9cb5c4733af	EDNA94	2
467dc4b2d4d0d088f4c1a9cb5c4733af	EDNA86	18
5e61fd4a509a12f68c7666d733f9a109	MB17	76
5e61fd4a509a12f68c7666d733f9a109	EDNA86	4
27b424f353af04611641357e2bd93cfc	EDNA11	1
27b424f353af04611641357e2bd93cfc	EDNA12	3
27b424f353af04611641357e2bd93cfc	EDNA13	5
27b424f353af04611641357e2bd93cfc	EDNA14	2
27b424f353af04611641357e2bd93cfc	EDNA15	2
27b424f353af04611641357e2bd93cfc	EDNA25	6
27b424f353af04611641357e2bd93cfc	EDNA3	2
27b424f353af04611641357e2bd93cfc	EDNA17	3
27b424f353af04611641357e2bd93cfc	MB2	3
27b424f353af04611641357e2bd93cfc	EDNA18	4
27b424f353af04611641357e2bd93cfc	MB4	3
27b424f353af04611641357e2bd93cfc	EDNA7	17
27b424f353af04611641357e2bd93cfc	EDNA8	14
27b424f353af04611641357e2bd93cfc	EDNA9	8
27b424f353af04611641357e2bd93cfc	EDNA10	6
6e8e6e47f3fdaaaff1a15fbf17ffb4a2	EDNA98	2
6e8e6e47f3fdaaaff1a15fbf17ffb4a2	EDNA99	1
6e8e6e47f3fdaaaff1a15fbf17ffb4a2	EDNA34	29
6e8e6e47f3fdaaaff1a15fbf17ffb4a2	EDNA27	39
6e8e6e47f3fdaaaff1a15fbf17ffb4a2	EDNA57	8
469164b3eda16e0b052a601e731cf65c	EDNA69	35
469164b3eda16e0b052a601e731cf65c	EDNA71	13
469164b3eda16e0b052a601e731cf65c	EDNA67	10
469164b3eda16e0b052a601e731cf65c	EDNA68	21
9db27dd418632d75d008474e5e55ea13	EDNA31	21
9db27dd418632d75d008474e5e55ea13	EDNA13	6
9db27dd418632d75d008474e5e55ea13	EDNA33	19
9db27dd418632d75d008474e5e55ea13	EDNA15	3
9db27dd418632d75d008474e5e55ea13	EDNA53	2
9db27dd418632d75d008474e5e55ea13	MB2	3
9db27dd418632d75d008474e5e55ea13	EDNA7	4
9db27dd418632d75d008474e5e55ea13	EDNA94	1
9db27dd418632d75d008474e5e55ea13	EDNA8	8
9db27dd418632d75d008474e5e55ea13	EDNA9	11
32886060c7032f915b20a1512e77aa55	EDNA69	24
32886060c7032f915b20a1512e77aa55	EDNA40	15
32886060c7032f915b20a1512e77aa55	EDNA42	4
32886060c7032f915b20a1512e77aa55	EDNA80	3
32886060c7032f915b20a1512e77aa55	EDNA81	9
32886060c7032f915b20a1512e77aa55	EDNA82	15
32886060c7032f915b20a1512e77aa55	EDNA83	8
ea5f08f5bea9420dfb6eab56b18f6677	EDNA70	17
ea5f08f5bea9420dfb6eab56b18f6677	EDNA67	61
a8e94f62559a944cf0d3b7b313ed6c6a	EDNA96	2
a8e94f62559a944cf0d3b7b313ed6c6a	EDNA12	1
a8e94f62559a944cf0d3b7b313ed6c6a	EDNA31	3
a8e94f62559a944cf0d3b7b313ed6c6a	EDNA23	2
a8e94f62559a944cf0d3b7b313ed6c6a	EDNA33	1
a8e94f62559a944cf0d3b7b313ed6c6a	EDNA24	4
a8e94f62559a944cf0d3b7b313ed6c6a	EDNA61	2
a8e94f62559a944cf0d3b7b313ed6c6a	EDNA34	14
a8e94f62559a944cf0d3b7b313ed6c6a	EDNA2	3
a8e94f62559a944cf0d3b7b313ed6c6a	EDNA25	12
a8e94f62559a944cf0d3b7b313ed6c6a	EDNA3	1
a8e94f62559a944cf0d3b7b313ed6c6a	EDNA35	11
a8e94f62559a944cf0d3b7b313ed6c6a	EDNA36	8
a8e94f62559a944cf0d3b7b313ed6c6a	EDNA27	9
a8e94f62559a944cf0d3b7b313ed6c6a	EDNA48	3
a8e94f62559a944cf0d3b7b313ed6c6a	EDNA10	1
ec4e48d921abcce674ac667fddb6d6f4	EDNA11	6
ec4e48d921abcce674ac667fddb6d6f4	EDNA31	11
ec4e48d921abcce674ac667fddb6d6f4	EDNA32	4
ec4e48d921abcce674ac667fddb6d6f4	EDNA23	8
ec4e48d921abcce674ac667fddb6d6f4	EDNA33	1
ec4e48d921abcce674ac667fddb6d6f4	EDNA43	14
ec4e48d921abcce674ac667fddb6d6f4	EDNA16	3
ec4e48d921abcce674ac667fddb6d6f4	EDNA44	11
ec4e48d921abcce674ac667fddb6d6f4	EDNA63	2
ec4e48d921abcce674ac667fddb6d6f4	EDNA45	5
ec4e48d921abcce674ac667fddb6d6f4	EDNA7	1
ec4e48d921abcce674ac667fddb6d6f4	EDNA8	11
7fc29bda36d27824f3b032ed1fdcce0d	MB12	72
7fc29bda36d27824f3b032ed1fdcce0d	MB13	3
7fc29bda36d27824f3b032ed1fdcce0d	EDNA42	2
0c2ae6801656f075b29c29b85449905f	MB12	4
0c2ae6801656f075b29c29b85449905f	MB13	3
0c2ae6801656f075b29c29b85449905f	MB17	19
0c2ae6801656f075b29c29b85449905f	MB18	4
0c2ae6801656f075b29c29b85449905f	EDNA67	47
b6f32b813e1b3b8876820b7f6a499345	EDNA97	5
b6f32b813e1b3b8876820b7f6a499345	EDNA22	5
b6f32b813e1b3b8876820b7f6a499345	EDNA41	11
b6f32b813e1b3b8876820b7f6a499345	EDNA15	3
b6f32b813e1b3b8876820b7f6a499345	EDNA45	27
b6f32b813e1b3b8876820b7f6a499345	EDNA7	10
b6f32b813e1b3b8876820b7f6a499345	EDNA9	11
b6f32b813e1b3b8876820b7f6a499345	EDNA59	4
a47c0e6ae350006cd0c17845597dbf7b	EDNA40	19
a47c0e6ae350006cd0c17845597dbf7b	MB13	1
a47c0e6ae350006cd0c17845597dbf7b	MB23	1
a47c0e6ae350006cd0c17845597dbf7b	EDNA60	1
a47c0e6ae350006cd0c17845597dbf7b	EDNA61	1
a47c0e6ae350006cd0c17845597dbf7b	EDNA43	1
a47c0e6ae350006cd0c17845597dbf7b	EDNA16	2
a47c0e6ae350006cd0c17845597dbf7b	EDNA44	27
a47c0e6ae350006cd0c17845597dbf7b	EDNA81	10
a47c0e6ae350006cd0c17845597dbf7b	EDNA7	4
a47c0e6ae350006cd0c17845597dbf7b	EDNA8	1
a47c0e6ae350006cd0c17845597dbf7b	EDNA58	1
a47c0e6ae350006cd0c17845597dbf7b	EDNA9	7
5ec9567d31d933653df08a346b284ffc	MB10	6
5ec9567d31d933653df08a346b284ffc	MB9	46
5ec9567d31d933653df08a346b284ffc	EDNA52	1
5ec9567d31d933653df08a346b284ffc	MB1	5
5ec9567d31d933653df08a346b284ffc	EDNA26	11
5ec9567d31d933653df08a346b284ffc	EDNA46	4
5ec9567d31d933653df08a346b284ffc	MB4	3
e11fe17665746fae3f8a441a8d56a72f	EDNA40	21
e11fe17665746fae3f8a441a8d56a72f	MB13	3
e11fe17665746fae3f8a441a8d56a72f	EDNA60	1
e11fe17665746fae3f8a441a8d56a72f	EDNA42	16
e11fe17665746fae3f8a441a8d56a72f	EDNA61	1
e11fe17665746fae3f8a441a8d56a72f	EDNA43	15
e11fe17665746fae3f8a441a8d56a72f	EDNA44	2
e11fe17665746fae3f8a441a8d56a72f	EDNA63	2
e11fe17665746fae3f8a441a8d56a72f	EDNA45	14
e11fe17665746fae3f8a441a8d56a72f	EDNA48	1
7ceeebed2697dcc41238250ca90c4fa1	EDNA42	41
7ceeebed2697dcc41238250ca90c4fa1	EDNA46	35
d30acfba8bd32ad72b210c4b29f92d70	EDNA11	2
d30acfba8bd32ad72b210c4b29f92d70	EDNA12	2
d30acfba8bd32ad72b210c4b29f92d70	EDNA31	2
d30acfba8bd32ad72b210c4b29f92d70	EDNA22	2
d30acfba8bd32ad72b210c4b29f92d70	EDNA13	1
d30acfba8bd32ad72b210c4b29f92d70	EDNA99	1
d30acfba8bd32ad72b210c4b29f92d70	EDNA32	1
d30acfba8bd32ad72b210c4b29f92d70	EDNA23	8
d30acfba8bd32ad72b210c4b29f92d70	EDNA33	2
d30acfba8bd32ad72b210c4b29f92d70	EDNA1	3
d30acfba8bd32ad72b210c4b29f92d70	EDNA2	2
d30acfba8bd32ad72b210c4b29f92d70	EDNA25	11
d30acfba8bd32ad72b210c4b29f92d70	EDNA16	3
d30acfba8bd32ad72b210c4b29f92d70	EDNA44	1
d30acfba8bd32ad72b210c4b29f92d70	EDNA3	7
d30acfba8bd32ad72b210c4b29f92d70	EDNA35	3
d30acfba8bd32ad72b210c4b29f92d70	EDNA26	3
d30acfba8bd32ad72b210c4b29f92d70	EDNA17	8
d30acfba8bd32ad72b210c4b29f92d70	EDNA63	1
d30acfba8bd32ad72b210c4b29f92d70	EDNA56	1
d30acfba8bd32ad72b210c4b29f92d70	EDNA7	3
d30acfba8bd32ad72b210c4b29f92d70	EDNA94	2
d30acfba8bd32ad72b210c4b29f92d70	EDNA8	2
d30acfba8bd32ad72b210c4b29f92d70	EDNA58	2
d30acfba8bd32ad72b210c4b29f92d70	EDNA10	2
f7ff522d52e377ee3eb96ad530a015e2	MB11	1
f7ff522d52e377ee3eb96ad530a015e2	EDNA31	1
f7ff522d52e377ee3eb96ad530a015e2	EDNA22	1
f7ff522d52e377ee3eb96ad530a015e2	EDNA13	2
f7ff522d52e377ee3eb96ad530a015e2	MB13	2
f7ff522d52e377ee3eb96ad530a015e2	EDNA23	5
f7ff522d52e377ee3eb96ad530a015e2	EDNA14	2
f7ff522d52e377ee3eb96ad530a015e2	EDNA24	3
f7ff522d52e377ee3eb96ad530a015e2	EDNA1	2
f7ff522d52e377ee3eb96ad530a015e2	EDNA15	1
f7ff522d52e377ee3eb96ad530a015e2	EDNA61	1
f7ff522d52e377ee3eb96ad530a015e2	EDNA43	2
f7ff522d52e377ee3eb96ad530a015e2	EDNA34	1
f7ff522d52e377ee3eb96ad530a015e2	EDNA16	3
f7ff522d52e377ee3eb96ad530a015e2	EDNA44	13
f7ff522d52e377ee3eb96ad530a015e2	EDNA3	1
f7ff522d52e377ee3eb96ad530a015e2	EDNA17	8
f7ff522d52e377ee3eb96ad530a015e2	EDNA63	1
f7ff522d52e377ee3eb96ad530a015e2	EDNA18	4
f7ff522d52e377ee3eb96ad530a015e2	MB4	2
f7ff522d52e377ee3eb96ad530a015e2	EDNA93	4
f7ff522d52e377ee3eb96ad530a015e2	EDNA8	13
f7ff522d52e377ee3eb96ad530a015e2	EDNA85	2
7350d3ab8a055e88e9c81010b67c63b7	EDNA40	2
7350d3ab8a055e88e9c81010b67c63b7	EDNA22	3
7350d3ab8a055e88e9c81010b67c63b7	EDNA14	1
7350d3ab8a055e88e9c81010b67c63b7	EDNA42	3
7350d3ab8a055e88e9c81010b67c63b7	EDNA33	1
7350d3ab8a055e88e9c81010b67c63b7	EDNA43	3
7350d3ab8a055e88e9c81010b67c63b7	EDNA17	1
7350d3ab8a055e88e9c81010b67c63b7	EDNA54	3
7350d3ab8a055e88e9c81010b67c63b7	EDNA45	10
7350d3ab8a055e88e9c81010b67c63b7	EDNA36	26
7350d3ab8a055e88e9c81010b67c63b7	EDNA27	1
7350d3ab8a055e88e9c81010b67c63b7	EDNA46	6
7350d3ab8a055e88e9c81010b67c63b7	EDNA47	6
7350d3ab8a055e88e9c81010b67c63b7	EDNA7	1
7350d3ab8a055e88e9c81010b67c63b7	EDNA57	8
7f8c47f11d1a72118257ea4cfbbaad03	EDNA87	3
7f8c47f11d1a72118257ea4cfbbaad03	EDNA79	5
7f8c47f11d1a72118257ea4cfbbaad03	EDNA44	23
7f8c47f11d1a72118257ea4cfbbaad03	EDNA81	25
7f8c47f11d1a72118257ea4cfbbaad03	EDNA45	13
7f8c47f11d1a72118257ea4cfbbaad03	EDNA84	3
7f8c47f11d1a72118257ea4cfbbaad03	EDNA48	3
104e01782f78340ee52be5e51d978829	EDNA22	5
104e01782f78340ee52be5e51d978829	MB13	3
104e01782f78340ee52be5e51d978829	MB2	5
104e01782f78340ee52be5e51d978829	EDNA81	2
104e01782f78340ee52be5e51d978829	EDNA74	23
104e01782f78340ee52be5e51d978829	EDNA8	6
104e01782f78340ee52be5e51d978829	EDNA9	13
104e01782f78340ee52be5e51d978829	EDNA10	17
49b87efe77509daae524144ea035d686	EDNA14	5
49b87efe77509daae524144ea035d686	EDNA36	27
49b87efe77509daae524144ea035d686	EDNA27	31
49b87efe77509daae524144ea035d686	EDNA18	11
c3925937111ee7ae2fd528bf4fc78cc9	EDNA79	1
c3925937111ee7ae2fd528bf4fc78cc9	EDNA40	5
c3925937111ee7ae2fd528bf4fc78cc9	EDNA80	5
c3925937111ee7ae2fd528bf4fc78cc9	EDNA74	46
c3925937111ee7ae2fd528bf4fc78cc9	EDNA75	11
c3925937111ee7ae2fd528bf4fc78cc9	EDNA95	6
72f9f4da01acc0a1ae9d648068021517	EDNA96	35
72f9f4da01acc0a1ae9d648068021517	MB12	5
72f9f4da01acc0a1ae9d648068021517	MB13	1
72f9f4da01acc0a1ae9d648068021517	EDNA41	4
72f9f4da01acc0a1ae9d648068021517	MB14	2
72f9f4da01acc0a1ae9d648068021517	EDNA57	27
11fbefb8eee0fdbc5264c29af4f62d6c	EDNA69	1
11fbefb8eee0fdbc5264c29af4f62d6c	MB21	5
11fbefb8eee0fdbc5264c29af4f62d6c	EDNA43	3
11fbefb8eee0fdbc5264c29af4f62d6c	EDNA44	4
11fbefb8eee0fdbc5264c29af4f62d6c	EDNA45	9
11fbefb8eee0fdbc5264c29af4f62d6c	EDNA83	51
11fbefb8eee0fdbc5264c29af4f62d6c	EDNA84	1
ebde836554b5645b34c9327e31a18755	EDNA69	8
ebde836554b5645b34c9327e31a18755	EDNA71	22
ebde836554b5645b34c9327e31a18755	EDNA67	24
ebde836554b5645b34c9327e31a18755	EDNA68	20
16ee8a3375591f92d2761386eaf0d138	EDNA69	40
16ee8a3375591f92d2761386eaf0d138	EDNA71	1
16ee8a3375591f92d2761386eaf0d138	EDNA67	20
16ee8a3375591f92d2761386eaf0d138	EDNA68	13
bbd9969f8aa37f2444646b15504395e1	EDNA40	33
bbd9969f8aa37f2444646b15504395e1	EDNA41	10
bbd9969f8aa37f2444646b15504395e1	EDNA42	9
bbd9969f8aa37f2444646b15504395e1	EDNA44	16
bbd9969f8aa37f2444646b15504395e1	EDNA45	5
1b2506fdb89e3b9aed12ddc474e796a7	MB13	1
1b2506fdb89e3b9aed12ddc474e796a7	EDNA44	45
1b2506fdb89e3b9aed12ddc474e796a7	EDNA45	18
1b2506fdb89e3b9aed12ddc474e796a7	EDNA95	9
94133a97fd0be91cee569883f6fcd6d6	EDNA69	36
94133a97fd0be91cee569883f6fcd6d6	EDNA67	27
94133a97fd0be91cee569883f6fcd6d6	EDNA68	10
6befa98acb3bc30214611f70a445b923	EDNA69	34
6befa98acb3bc30214611f70a445b923	EDNA67	14
6befa98acb3bc30214611f70a445b923	EDNA68	25
9c80e16b051f60a15f8e7a785ccdde92	MB8	15
9c80e16b051f60a15f8e7a785ccdde92	EDNA11	18
9c80e16b051f60a15f8e7a785ccdde92	EDNA25	1
9c80e16b051f60a15f8e7a785ccdde92	EDNA3	7
9c80e16b051f60a15f8e7a785ccdde92	EDNA8	11
9c80e16b051f60a15f8e7a785ccdde92	MB7	20
59376b934a777d3035ea9d4d13b6004b	EDNA31	4
59376b934a777d3035ea9d4d13b6004b	EDNA22	9
59376b934a777d3035ea9d4d13b6004b	EDNA23	17
59376b934a777d3035ea9d4d13b6004b	EDNA24	42
284924ef74adc8cbc8f2628d0b311a7e	EDNA96	5
284924ef74adc8cbc8f2628d0b311a7e	EDNA43	8
284924ef74adc8cbc8f2628d0b311a7e	EDNA80	7
284924ef74adc8cbc8f2628d0b311a7e	EDNA45	11
284924ef74adc8cbc8f2628d0b311a7e	EDNA74	16
284924ef74adc8cbc8f2628d0b311a7e	EDNA47	8
284924ef74adc8cbc8f2628d0b311a7e	EDNA84	7
284924ef74adc8cbc8f2628d0b311a7e	EDNA86	10
9f22e4607ee6ca107f18b0dd6f14abd8	EDNA79	7
9f22e4607ee6ca107f18b0dd6f14abd8	EDNA80	1
9f22e4607ee6ca107f18b0dd6f14abd8	EDNA44	9
9f22e4607ee6ca107f18b0dd6f14abd8	EDNA45	2
9f22e4607ee6ca107f18b0dd6f14abd8	EDNA82	18
9f22e4607ee6ca107f18b0dd6f14abd8	EDNA83	8
9f22e4607ee6ca107f18b0dd6f14abd8	EDNA84	27
92b88044b0f4dae587bc2cca11ff139c	EDNA97	1
92b88044b0f4dae587bc2cca11ff139c	MB13	1
92b88044b0f4dae587bc2cca11ff139c	EDNA32	4
92b88044b0f4dae587bc2cca11ff139c	EDNA14	7
92b88044b0f4dae587bc2cca11ff139c	EDNA24	24
92b88044b0f4dae587bc2cca11ff139c	EDNA15	3
92b88044b0f4dae587bc2cca11ff139c	EDNA2	13
92b88044b0f4dae587bc2cca11ff139c	EDNA25	4
92b88044b0f4dae587bc2cca11ff139c	EDNA44	4
92b88044b0f4dae587bc2cca11ff139c	EDNA17	1
92b88044b0f4dae587bc2cca11ff139c	EDNA56	4
92b88044b0f4dae587bc2cca11ff139c	EDNA7	3
92b88044b0f4dae587bc2cca11ff139c	MB6	2
cd964b5f528c85b4d2f6dc9decdebf3c	EDNA97	6
cd964b5f528c85b4d2f6dc9decdebf3c	EDNA98	2
cd964b5f528c85b4d2f6dc9decdebf3c	EDNA99	3
cd964b5f528c85b4d2f6dc9decdebf3c	EDNA43	7
cd964b5f528c85b4d2f6dc9decdebf3c	EDNA44	1
cd964b5f528c85b4d2f6dc9decdebf3c	EDNA82	21
cd964b5f528c85b4d2f6dc9decdebf3c	EDNA83	17
cd964b5f528c85b4d2f6dc9decdebf3c	EDNA47	9
cd964b5f528c85b4d2f6dc9decdebf3c	EDNA84	5
1adba4d44524d3e0a9eeb40bb35e178a	EDNA44	68
1adba4d44524d3e0a9eeb40bb35e178a	MB4	3
0891de094cd843a7a60b69d7cc23010e	MB13	14
0891de094cd843a7a60b69d7cc23010e	EDNA44	36
0891de094cd843a7a60b69d7cc23010e	EDNA45	21
1bfeb1d7a23b8264949507d3d1c86502	EDNA71	21
1bfeb1d7a23b8264949507d3d1c86502	MB17	13
1bfeb1d7a23b8264949507d3d1c86502	MB18	2
1bfeb1d7a23b8264949507d3d1c86502	EDNA67	8
1bfeb1d7a23b8264949507d3d1c86502	EDNA68	27
930f9590e0675135cf608f7cb683ba4f	EDNA11	3
930f9590e0675135cf608f7cb683ba4f	EDNA70	14
930f9590e0675135cf608f7cb683ba4f	EDNA44	8
930f9590e0675135cf608f7cb683ba4f	EDNA45	7
930f9590e0675135cf608f7cb683ba4f	EDNA46	4
930f9590e0675135cf608f7cb683ba4f	EDNA67	14
930f9590e0675135cf608f7cb683ba4f	EDNA68	20
92a59ba675aa21b9be6b9f684fde0662	EDNA96	2
92a59ba675aa21b9be6b9f684fde0662	EDNA97	10
92a59ba675aa21b9be6b9f684fde0662	EDNA98	10
92a59ba675aa21b9be6b9f684fde0662	EDNA99	6
92a59ba675aa21b9be6b9f684fde0662	EDNA14	9
92a59ba675aa21b9be6b9f684fde0662	EDNA60	2
92a59ba675aa21b9be6b9f684fde0662	EDNA15	9
92a59ba675aa21b9be6b9f684fde0662	EDNA34	3
92a59ba675aa21b9be6b9f684fde0662	EDNA16	5
92a59ba675aa21b9be6b9f684fde0662	EDNA17	4
92a59ba675aa21b9be6b9f684fde0662	EDNA36	1
92a59ba675aa21b9be6b9f684fde0662	EDNA18	2
92a59ba675aa21b9be6b9f684fde0662	EDNA56	3
92a59ba675aa21b9be6b9f684fde0662	EDNA94	3
92a59ba675aa21b9be6b9f684fde0662	EDNA59	1
da578c141363d115bd18591dde218dc9	EDNA43	2
da578c141363d115bd18591dde218dc9	EDNA81	1
da578c141363d115bd18591dde218dc9	EDNA45	1
da578c141363d115bd18591dde218dc9	EDNA73	66
d07f474d06b8b444bbdceba90cd343d6	EDNA69	7
d07f474d06b8b444bbdceba90cd343d6	EDNA70	6
d07f474d06b8b444bbdceba90cd343d6	EDNA67	42
d07f474d06b8b444bbdceba90cd343d6	EDNA68	15
0777b5ac2e8b2840df77d881e666d245	MB23	1
0777b5ac2e8b2840df77d881e666d245	EDNA70	34
0777b5ac2e8b2840df77d881e666d245	EDNA71	35
453a9c868cbde067b648835814518a60	MB12	6
453a9c868cbde067b648835814518a60	MB23	1
453a9c868cbde067b648835814518a60	EDNA42	2
453a9c868cbde067b648835814518a60	MB24	3
453a9c868cbde067b648835814518a60	EDNA2	31
453a9c868cbde067b648835814518a60	MB1	12
453a9c868cbde067b648835814518a60	MB16	2
453a9c868cbde067b648835814518a60	MB2	4
453a9c868cbde067b648835814518a60	EDNA54	2
453a9c868cbde067b648835814518a60	MB6	5
453a9c868cbde067b648835814518a60	EDNA10	1
88d55ca870db8f0a0d4717276cb27683	EDNA96	1
88d55ca870db8f0a0d4717276cb27683	EDNA11	3
88d55ca870db8f0a0d4717276cb27683	EDNA31	6
88d55ca870db8f0a0d4717276cb27683	EDNA14	6
88d55ca870db8f0a0d4717276cb27683	EDNA33	6
88d55ca870db8f0a0d4717276cb27683	EDNA1	8
88d55ca870db8f0a0d4717276cb27683	EDNA71	8
88d55ca870db8f0a0d4717276cb27683	EDNA3	2
88d55ca870db8f0a0d4717276cb27683	EDNA54	3
88d55ca870db8f0a0d4717276cb27683	EDNA27	1
88d55ca870db8f0a0d4717276cb27683	EDNA91	6
88d55ca870db8f0a0d4717276cb27683	EDNA92	3
88d55ca870db8f0a0d4717276cb27683	EDNA93	6
88d55ca870db8f0a0d4717276cb27683	EDNA57	3
88d55ca870db8f0a0d4717276cb27683	EDNA8	4
88d55ca870db8f0a0d4717276cb27683	EDNA58	2
88d55ca870db8f0a0d4717276cb27683	EDNA9	1
b5a9733b9f0689a948f5ef8efe530fc9	EDNA79	5
b5a9733b9f0689a948f5ef8efe530fc9	EDNA22	7
b5a9733b9f0689a948f5ef8efe530fc9	EDNA24	7
b5a9733b9f0689a948f5ef8efe530fc9	EDNA80	7
b5a9733b9f0689a948f5ef8efe530fc9	EDNA81	13
b5a9733b9f0689a948f5ef8efe530fc9	EDNA82	4
b5a9733b9f0689a948f5ef8efe530fc9	EDNA83	10
b5a9733b9f0689a948f5ef8efe530fc9	EDNA84	15
b5a9733b9f0689a948f5ef8efe530fc9	EDNA85	1
8c0ffd276ff1ee6e6bbd674010daad12	EDNA69	20
8c0ffd276ff1ee6e6bbd674010daad12	EDNA70	16
8c0ffd276ff1ee6e6bbd674010daad12	EDNA67	33
ac67325627629606236ce2aa772f0735	EDNA11	1
ac67325627629606236ce2aa772f0735	MB11	3
ac67325627629606236ce2aa772f0735	EDNA12	3
ac67325627629606236ce2aa772f0735	EDNA98	1
ac67325627629606236ce2aa772f0735	EDNA32	4
ac67325627629606236ce2aa772f0735	EDNA14	1
ac67325627629606236ce2aa772f0735	EDNA60	1
ac67325627629606236ce2aa772f0735	EDNA33	1
ac67325627629606236ce2aa772f0735	EDNA24	5
ac67325627629606236ce2aa772f0735	EDNA15	3
ac67325627629606236ce2aa772f0735	EDNA43	4
ac67325627629606236ce2aa772f0735	EDNA16	2
ac67325627629606236ce2aa772f0735	EDNA3	3
ac67325627629606236ce2aa772f0735	EDNA17	2
ac67325627629606236ce2aa772f0735	MB2	14
ac67325627629606236ce2aa772f0735	EDNA54	1
ac67325627629606236ce2aa772f0735	EDNA45	1
ac67325627629606236ce2aa772f0735	EDNA18	1
ac67325627629606236ce2aa772f0735	EDNA46	1
ac67325627629606236ce2aa772f0735	MB4	3
ac67325627629606236ce2aa772f0735	EDNA48	5
ac67325627629606236ce2aa772f0735	MB6	1
ac67325627629606236ce2aa772f0735	EDNA8	2
ac67325627629606236ce2aa772f0735	EDNA9	5
8645628985b3b93a63a915f379f7f7f6	EDNA18	6
8645628985b3b93a63a915f379f7f7f6	EDNA91	9
8645628985b3b93a63a915f379f7f7f6	EDNA73	39
8645628985b3b93a63a915f379f7f7f6	EDNA92	4
8645628985b3b93a63a915f379f7f7f6	EDNA93	9
8645628985b3b93a63a915f379f7f7f6	EDNA94	1
10f781b67fb372c0ebb49fba2c517245	EDNA42	29
10f781b67fb372c0ebb49fba2c517245	EDNA25	39
927f68b69e0c8522d2434f4fbaa2e93e	EDNA44	59
927f68b69e0c8522d2434f4fbaa2e93e	EDNA35	4
927f68b69e0c8522d2434f4fbaa2e93e	EDNA58	1
927f68b69e0c8522d2434f4fbaa2e93e	EDNA59	4
2df2445d0115afa8ac2046056ca00020	EDNA87	2
2df2445d0115afa8ac2046056ca00020	EDNA79	2
2df2445d0115afa8ac2046056ca00020	EDNA41	6
2df2445d0115afa8ac2046056ca00020	EDNA43	2
2df2445d0115afa8ac2046056ca00020	EDNA82	3
2df2445d0115afa8ac2046056ca00020	EDNA83	29
2df2445d0115afa8ac2046056ca00020	EDNA84	20
2df2445d0115afa8ac2046056ca00020	EDNA86	4
13033d4a9b745dfcd454e1535d241400	EDNA97	6
13033d4a9b745dfcd454e1535d241400	EDNA98	5
13033d4a9b745dfcd454e1535d241400	EDNA31	1
13033d4a9b745dfcd454e1535d241400	EDNA13	18
13033d4a9b745dfcd454e1535d241400	EDNA15	5
13033d4a9b745dfcd454e1535d241400	EDNA61	3
13033d4a9b745dfcd454e1535d241400	EDNA54	3
13033d4a9b745dfcd454e1535d241400	EDNA27	17
13033d4a9b745dfcd454e1535d241400	EDNA82	8
13033d4a9b745dfcd454e1535d241400	MB4	1
296585069a06c9d39543585d921b31f1	MB9	1
296585069a06c9d39543585d921b31f1	EDNA22	1
296585069a06c9d39543585d921b31f1	EDNA23	31
296585069a06c9d39543585d921b31f1	EDNA43	1
296585069a06c9d39543585d921b31f1	EDNA44	8
296585069a06c9d39543585d921b31f1	EDNA91	2
296585069a06c9d39543585d921b31f1	EDNA73	18
296585069a06c9d39543585d921b31f1	EDNA92	1
296585069a06c9d39543585d921b31f1	EDNA74	1
296585069a06c9d39543585d921b31f1	EDNA85	3
9f3431a10c11a2433d92849928b8c551	MB9	1
9f3431a10c11a2433d92849928b8c551	EDNA12	1
9f3431a10c11a2433d92849928b8c551	EDNA31	2
9f3431a10c11a2433d92849928b8c551	EDNA33	2
9f3431a10c11a2433d92849928b8c551	EDNA15	1
9f3431a10c11a2433d92849928b8c551	EDNA61	1
9f3431a10c11a2433d92849928b8c551	EDNA16	4
9f3431a10c11a2433d92849928b8c551	EDNA35	1
9f3431a10c11a2433d92849928b8c551	EDNA17	7
9f3431a10c11a2433d92849928b8c551	MB2	18
9f3431a10c11a2433d92849928b8c551	EDNA36	1
9f3431a10c11a2433d92849928b8c551	EDNA27	11
9f3431a10c11a2433d92849928b8c551	EDNA18	2
9f3431a10c11a2433d92849928b8c551	EDNA7	2
9f3431a10c11a2433d92849928b8c551	EDNA8	11
9f3431a10c11a2433d92849928b8c551	EDNA10	1
de4963c3a0ce36a02339b73b1daedb41	MB13	2
de4963c3a0ce36a02339b73b1daedb41	EDNA43	35
de4963c3a0ce36a02339b73b1daedb41	EDNA45	29
3371272dcf785db232dc7bc6150bdc65	EDNA79	14
3371272dcf785db232dc7bc6150bdc65	MB13	2
3371272dcf785db232dc7bc6150bdc65	EDNA80	15
3371272dcf785db232dc7bc6150bdc65	EDNA44	17
3371272dcf785db232dc7bc6150bdc65	EDNA82	7
3371272dcf785db232dc7bc6150bdc65	EDNA84	4
3371272dcf785db232dc7bc6150bdc65	EDNA68	7
bdae186dbd42a9170baf1d766cb8d963	EDNA80	6
bdae186dbd42a9170baf1d766cb8d963	EDNA44	5
bdae186dbd42a9170baf1d766cb8d963	EDNA45	2
bdae186dbd42a9170baf1d766cb8d963	EDNA83	12
bdae186dbd42a9170baf1d766cb8d963	EDNA84	3
bdae186dbd42a9170baf1d766cb8d963	EDNA85	5
bdae186dbd42a9170baf1d766cb8d963	EDNA67	4
bdae186dbd42a9170baf1d766cb8d963	EDNA68	29
10bba82a2846e926615be24ae17ddc74	EDNA69	12
10bba82a2846e926615be24ae17ddc74	EDNA67	16
10bba82a2846e926615be24ae17ddc74	EDNA68	38
41bd6780c47cad654355283aa964c009	EDNA87	1
41bd6780c47cad654355283aa964c009	EDNA79	4
41bd6780c47cad654355283aa964c009	EDNA80	2
41bd6780c47cad654355283aa964c009	EDNA81	11
41bd6780c47cad654355283aa964c009	EDNA82	23
41bd6780c47cad654355283aa964c009	EDNA83	10
41bd6780c47cad654355283aa964c009	EDNA84	15
7b8c378bdcc9ed2c5549edf859cf495d	EDNA79	4
7b8c378bdcc9ed2c5549edf859cf495d	EDNA81	3
7b8c378bdcc9ed2c5549edf859cf495d	EDNA91	5
7b8c378bdcc9ed2c5549edf859cf495d	EDNA82	9
7b8c378bdcc9ed2c5549edf859cf495d	EDNA83	41
7b8c378bdcc9ed2c5549edf859cf495d	EDNA84	2
7b8c378bdcc9ed2c5549edf859cf495d	EDNA85	2
3d45889703d44b9d454d234b19e8719d	MB11	1
3d45889703d44b9d454d234b19e8719d	EDNA12	11
3d45889703d44b9d454d234b19e8719d	EDNA32	2
3d45889703d44b9d454d234b19e8719d	EDNA14	2
3d45889703d44b9d454d234b19e8719d	EDNA60	1
3d45889703d44b9d454d234b19e8719d	EDNA33	1
3d45889703d44b9d454d234b19e8719d	EDNA16	6
3d45889703d44b9d454d234b19e8719d	MB1	8
3d45889703d44b9d454d234b19e8719d	EDNA44	4
3d45889703d44b9d454d234b19e8719d	EDNA17	4
3d45889703d44b9d454d234b19e8719d	MB2	6
3d45889703d44b9d454d234b19e8719d	EDNA45	4
3d45889703d44b9d454d234b19e8719d	EDNA18	2
3d45889703d44b9d454d234b19e8719d	MB4	2
3d45889703d44b9d454d234b19e8719d	EDNA7	3
3d45889703d44b9d454d234b19e8719d	MB6	1
3d45889703d44b9d454d234b19e8719d	EDNA8	1
3d45889703d44b9d454d234b19e8719d	EDNA9	1
3d45889703d44b9d454d234b19e8719d	EDNA10	5
01127137497f5d3c948791214fa453ab	EDNA61	3
01127137497f5d3c948791214fa453ab	EDNA16	1
01127137497f5d3c948791214fa453ab	EDNA62	7
01127137497f5d3c948791214fa453ab	MB2	3
01127137497f5d3c948791214fa453ab	EDNA63	2
01127137497f5d3c948791214fa453ab	EDNA73	33
01127137497f5d3c948791214fa453ab	EDNA75	10
01127137497f5d3c948791214fa453ab	EDNA9	5
01127137497f5d3c948791214fa453ab	EDNA10	1
1b878a956740726ff464f0eec2e6acd7	EDNA97	3
1b878a956740726ff464f0eec2e6acd7	EDNA31	6
1b878a956740726ff464f0eec2e6acd7	EDNA99	2
1b878a956740726ff464f0eec2e6acd7	EDNA32	1
1b878a956740726ff464f0eec2e6acd7	EDNA23	5
1b878a956740726ff464f0eec2e6acd7	EDNA14	1
1b878a956740726ff464f0eec2e6acd7	EDNA33	14
1b878a956740726ff464f0eec2e6acd7	EDNA1	3
1b878a956740726ff464f0eec2e6acd7	EDNA16	1
1b878a956740726ff464f0eec2e6acd7	EDNA53	2
1b878a956740726ff464f0eec2e6acd7	EDNA3	2
1b878a956740726ff464f0eec2e6acd7	EDNA17	3
1b878a956740726ff464f0eec2e6acd7	EDNA63	2
1b878a956740726ff464f0eec2e6acd7	EDNA18	2
1b878a956740726ff464f0eec2e6acd7	EDNA91	3
1b878a956740726ff464f0eec2e6acd7	EDNA93	3
1b878a956740726ff464f0eec2e6acd7	EDNA57	4
1b878a956740726ff464f0eec2e6acd7	EDNA58	3
1b878a956740726ff464f0eec2e6acd7	EDNA95	4
1b878a956740726ff464f0eec2e6acd7	EDNA59	1
a216ad434fc6f17d3188d89127b4ee14	EDNA43	28
a216ad434fc6f17d3188d89127b4ee14	EDNA44	14
a216ad434fc6f17d3188d89127b4ee14	EDNA45	23
b94a52df3911d9364bad419c9af80662	MB13	2
b94a52df3911d9364bad419c9af80662	EDNA44	28
b94a52df3911d9364bad419c9af80662	EDNA45	35
8f9b2457fe0a18d9687c0e40fe80c672	MB18	52
8f9b2457fe0a18d9687c0e40fe80c672	MB19	13
f1f8c188c7dcbf7a7f0f5f11c4ff845e	EDNA79	2
f1f8c188c7dcbf7a7f0f5f11c4ff845e	EDNA13	1
f1f8c188c7dcbf7a7f0f5f11c4ff845e	EDNA14	1
f1f8c188c7dcbf7a7f0f5f11c4ff845e	EDNA1	4
f1f8c188c7dcbf7a7f0f5f11c4ff845e	EDNA16	2
f1f8c188c7dcbf7a7f0f5f11c4ff845e	EDNA80	12
f1f8c188c7dcbf7a7f0f5f11c4ff845e	EDNA71	12
f1f8c188c7dcbf7a7f0f5f11c4ff845e	EDNA3	4
f1f8c188c7dcbf7a7f0f5f11c4ff845e	EDNA17	4
f1f8c188c7dcbf7a7f0f5f11c4ff845e	EDNA81	13
f1f8c188c7dcbf7a7f0f5f11c4ff845e	EDNA18	1
f1f8c188c7dcbf7a7f0f5f11c4ff845e	EDNA91	1
f1f8c188c7dcbf7a7f0f5f11c4ff845e	EDNA75	3
f1f8c188c7dcbf7a7f0f5f11c4ff845e	EDNA95	2
f1f8c188c7dcbf7a7f0f5f11c4ff845e	EDNA10	2
5d9a680eeb54f37610d0e8b090eef64a	EDNA23	58
5d9a680eeb54f37610d0e8b090eef64a	EDNA8	6
39447fcc6b4206b8dd70beda76473ca8	EDNA69	13
39447fcc6b4206b8dd70beda76473ca8	EDNA67	33
39447fcc6b4206b8dd70beda76473ca8	EDNA68	18
3a5e277b60c0070ed6137eb29439616d	EDNA69	44
3a5e277b60c0070ed6137eb29439616d	EDNA70	9
3a5e277b60c0070ed6137eb29439616d	EDNA68	11
703f8a84f82f974a57e9dd96a0236639	EDNA70	3
703f8a84f82f974a57e9dd96a0236639	EDNA71	3
703f8a84f82f974a57e9dd96a0236639	MB17	24
703f8a84f82f974a57e9dd96a0236639	MB18	18
703f8a84f82f974a57e9dd96a0236639	MB19	8
703f8a84f82f974a57e9dd96a0236639	EDNA74	4
703f8a84f82f974a57e9dd96a0236639	EDNA68	4
3333508bfcc69b829bce8ae58e984b6e	EDNA11	13
3333508bfcc69b829bce8ae58e984b6e	EDNA97	2
3333508bfcc69b829bce8ae58e984b6e	EDNA12	7
3333508bfcc69b829bce8ae58e984b6e	EDNA31	2
3333508bfcc69b829bce8ae58e984b6e	EDNA42	2
3333508bfcc69b829bce8ae58e984b6e	EDNA33	5
3333508bfcc69b829bce8ae58e984b6e	EDNA25	6
3333508bfcc69b829bce8ae58e984b6e	EDNA44	6
3333508bfcc69b829bce8ae58e984b6e	EDNA18	1
3333508bfcc69b829bce8ae58e984b6e	EDNA91	1
3333508bfcc69b829bce8ae58e984b6e	EDNA8	8
3333508bfcc69b829bce8ae58e984b6e	EDNA10	10
ce7d287a699908a121b5b194292a195c	EDNA31	38
ce7d287a699908a121b5b194292a195c	EDNA75	25
fb3d1e63273ed08c00a811287b284b9b	MB13	3
fb3d1e63273ed08c00a811287b284b9b	EDNA43	33
fb3d1e63273ed08c00a811287b284b9b	EDNA44	1
fb3d1e63273ed08c00a811287b284b9b	EDNA45	23
fb3d1e63273ed08c00a811287b284b9b	EDNA48	3
31004d472c991442a1f61d624af11531	EDNA97	2
31004d472c991442a1f61d624af11531	EDNA61	3
31004d472c991442a1f61d624af11531	EDNA52	1
31004d472c991442a1f61d624af11531	EDNA43	31
31004d472c991442a1f61d624af11531	EDNA62	3
31004d472c991442a1f61d624af11531	EDNA45	23
c199f952784bde915e0714af1472e0ec	EDNA69	31
c199f952784bde915e0714af1472e0ec	EDNA67	4
c199f952784bde915e0714af1472e0ec	EDNA68	28
bfcf4191a24060f08413276b46725e5f	MB21	10
bfcf4191a24060f08413276b46725e5f	EDNA82	25
bfcf4191a24060f08413276b46725e5f	EDNA73	3
bfcf4191a24060f08413276b46725e5f	MB19	1
bfcf4191a24060f08413276b46725e5f	EDNA83	5
bfcf4191a24060f08413276b46725e5f	EDNA84	19
b9b33a74fdf3c1a60db08b4ddc62b704	MB21	15
b9b33a74fdf3c1a60db08b4ddc62b704	MB23	2
b9b33a74fdf3c1a60db08b4ddc62b704	MB17	20
b9b33a74fdf3c1a60db08b4ddc62b704	MB18	26
c752861a821aa735267fa9f1b627ca28	EDNA22	5
c752861a821aa735267fa9f1b627ca28	EDNA24	17
c752861a821aa735267fa9f1b627ca28	EDNA44	22
c752861a821aa735267fa9f1b627ca28	EDNA45	14
c752861a821aa735267fa9f1b627ca28	EDNA84	4
3efc2923a8755bf5a9198047f94ad394	MB13	4
3efc2923a8755bf5a9198047f94ad394	EDNA24	1
3efc2923a8755bf5a9198047f94ad394	EDNA43	13
3efc2923a8755bf5a9198047f94ad394	EDNA44	1
3efc2923a8755bf5a9198047f94ad394	EDNA35	7
3efc2923a8755bf5a9198047f94ad394	EDNA45	36
020797aae8b54d7e2d3bcd744ff85362	EDNA31	4
020797aae8b54d7e2d3bcd744ff85362	MB5	58
e6864a98139704ef64e9cb20900b9d29	EDNA44	35
e6864a98139704ef64e9cb20900b9d29	EDNA45	27
2f0d316b0482ed318db6d8b1af0bb427	MB13	4
2f0d316b0482ed318db6d8b1af0bb427	EDNA60	1
2f0d316b0482ed318db6d8b1af0bb427	EDNA80	10
2f0d316b0482ed318db6d8b1af0bb427	EDNA44	7
2f0d316b0482ed318db6d8b1af0bb427	EDNA45	27
2f0d316b0482ed318db6d8b1af0bb427	EDNA92	2
2f0d316b0482ed318db6d8b1af0bb427	EDNA84	11
84672bf1add980ce7a054369e4a2a894	EDNA87	2
84672bf1add980ce7a054369e4a2a894	EDNA81	8
84672bf1add980ce7a054369e4a2a894	EDNA82	11
84672bf1add980ce7a054369e4a2a894	EDNA83	30
84672bf1add980ce7a054369e4a2a894	EDNA84	10
84672bf1add980ce7a054369e4a2a894	EDNA86	1
160a6e4f557817d842257c0b1464e234	EDNA11	1
160a6e4f557817d842257c0b1464e234	EDNA12	1
160a6e4f557817d842257c0b1464e234	EDNA98	1
160a6e4f557817d842257c0b1464e234	EDNA40	4
160a6e4f557817d842257c0b1464e234	EDNA31	12
160a6e4f557817d842257c0b1464e234	EDNA32	5
160a6e4f557817d842257c0b1464e234	EDNA25	5
160a6e4f557817d842257c0b1464e234	EDNA3	1
160a6e4f557817d842257c0b1464e234	EDNA35	4
160a6e4f557817d842257c0b1464e234	EDNA26	1
160a6e4f557817d842257c0b1464e234	EDNA17	2
160a6e4f557817d842257c0b1464e234	EDNA36	9
160a6e4f557817d842257c0b1464e234	EDNA27	9
160a6e4f557817d842257c0b1464e234	EDNA18	2
160a6e4f557817d842257c0b1464e234	EDNA7	1
160a6e4f557817d842257c0b1464e234	EDNA8	3
0c391e698c6fb7f3179193071b54bf41	EDNA23	11
0c391e698c6fb7f3179193071b54bf41	EDNA24	44
0c391e698c6fb7f3179193071b54bf41	MB15	2
0c391e698c6fb7f3179193071b54bf41	EDNA26	4
ceda4b55cf0593a8beec8503c8d0cba5	EDNA69	3
ceda4b55cf0593a8beec8503c8d0cba5	EDNA70	33
ceda4b55cf0593a8beec8503c8d0cba5	EDNA43	4
ceda4b55cf0593a8beec8503c8d0cba5	EDNA44	13
ceda4b55cf0593a8beec8503c8d0cba5	EDNA45	3
ceda4b55cf0593a8beec8503c8d0cba5	EDNA55	4
ceda4b55cf0593a8beec8503c8d0cba5	EDNA68	1
14aa72246f95ac70de97ce1859189528	EDNA69	9
14aa72246f95ac70de97ce1859189528	EDNA80	16
14aa72246f95ac70de97ce1859189528	EDNA71	4
14aa72246f95ac70de97ce1859189528	EDNA81	10
14aa72246f95ac70de97ce1859189528	EDNA74	8
14aa72246f95ac70de97ce1859189528	EDNA85	5
14aa72246f95ac70de97ce1859189528	EDNA67	2
14aa72246f95ac70de97ce1859189528	EDNA86	7
2bafb839dae476567685a3c2dbc8e50c	EDNA11	21
2bafb839dae476567685a3c2dbc8e50c	EDNA22	39
a204dcf8d233129baa512619ef0c0496	EDNA22	18
a204dcf8d233129baa512619ef0c0496	EDNA23	26
a204dcf8d233129baa512619ef0c0496	EDNA24	3
a204dcf8d233129baa512619ef0c0496	EDNA54	1
a204dcf8d233129baa512619ef0c0496	EDNA83	6
a204dcf8d233129baa512619ef0c0496	EDNA68	6
d5868c120e104621c189ffa35a3909cd	EDNA31	32
d5868c120e104621c189ffa35a3909cd	EDNA32	7
d5868c120e104621c189ffa35a3909cd	EDNA33	21
a836b82782c2eb9d4eb1e203d07fefea	EDNA71	4
a836b82782c2eb9d4eb1e203d07fefea	EDNA67	56
1c0aee20fe8e0054cd18963f64c1b389	EDNA70	2
1c0aee20fe8e0054cd18963f64c1b389	EDNA80	3
1c0aee20fe8e0054cd18963f64c1b389	EDNA71	9
1c0aee20fe8e0054cd18963f64c1b389	EDNA73	12
1c0aee20fe8e0054cd18963f64c1b389	EDNA75	5
1c0aee20fe8e0054cd18963f64c1b389	EDNA68	29
e8b91f19d9b761bd19a1317582e3a126	EDNA87	4
e8b91f19d9b761bd19a1317582e3a126	EDNA69	1
e8b91f19d9b761bd19a1317582e3a126	EDNA70	5
e8b91f19d9b761bd19a1317582e3a126	MB17	3
e8b91f19d9b761bd19a1317582e3a126	MB18	12
e8b91f19d9b761bd19a1317582e3a126	EDNA73	6
e8b91f19d9b761bd19a1317582e3a126	MB19	5
e8b91f19d9b761bd19a1317582e3a126	EDNA74	6
e8b91f19d9b761bd19a1317582e3a126	EDNA86	4
e8b91f19d9b761bd19a1317582e3a126	EDNA68	14
3cc43fb2571a065a196d1becedfc04fb	EDNA40	12
3cc43fb2571a065a196d1becedfc04fb	EDNA41	24
3cc43fb2571a065a196d1becedfc04fb	EDNA42	6
3cc43fb2571a065a196d1becedfc04fb	EDNA24	3
3cc43fb2571a065a196d1becedfc04fb	EDNA43	1
3cc43fb2571a065a196d1becedfc04fb	EDNA34	1
3cc43fb2571a065a196d1becedfc04fb	EDNA80	3
3cc43fb2571a065a196d1becedfc04fb	EDNA45	3
3cc43fb2571a065a196d1becedfc04fb	EDNA57	4
3cc43fb2571a065a196d1becedfc04fb	EDNA10	2
e3b53feef81dc004a2cef539c2908a43	EDNA11	10
e3b53feef81dc004a2cef539c2908a43	EDNA53	1
e3b53feef81dc004a2cef539c2908a43	EDNA35	12
e3b53feef81dc004a2cef539c2908a43	EDNA17	16
e3b53feef81dc004a2cef539c2908a43	EDNA18	18
e3b53feef81dc004a2cef539c2908a43	EDNA56	2
d78a289b1222e4ae040173130edcb4e7	EDNA70	16
d78a289b1222e4ae040173130edcb4e7	EDNA75	38
d78a289b1222e4ae040173130edcb4e7	EDNA67	4
d78a289b1222e4ae040173130edcb4e7	EDNA68	1
529b66566468c5dac661fcdbabdec550	EDNA12	1
529b66566468c5dac661fcdbabdec550	EDNA33	5
529b66566468c5dac661fcdbabdec550	EDNA15	6
529b66566468c5dac661fcdbabdec550	MB25	23
529b66566468c5dac661fcdbabdec550	MB2	9
529b66566468c5dac661fcdbabdec550	MB4	1
529b66566468c5dac661fcdbabdec550	EDNA7	4
529b66566468c5dac661fcdbabdec550	EDNA9	9
87586f0f1e7206933d2c255d137cf4bd	EDNA2	44
87586f0f1e7206933d2c255d137cf4bd	EDNA3	14
56540d20190632a392551bedc850933d	EDNA31	3
56540d20190632a392551bedc850933d	EDNA32	6
56540d20190632a392551bedc850933d	EDNA15	2
56540d20190632a392551bedc850933d	EDNA16	1
56540d20190632a392551bedc850933d	EDNA62	1
56540d20190632a392551bedc850933d	EDNA35	9
56540d20190632a392551bedc850933d	EDNA27	20
56540d20190632a392551bedc850933d	MB4	1
56540d20190632a392551bedc850933d	EDNA7	4
56540d20190632a392551bedc850933d	MB6	1
56540d20190632a392551bedc850933d	EDNA9	7
56540d20190632a392551bedc850933d	EDNA10	2
55dec9ba2ba1de9b16af1b885c571af3	EDNA73	6
55dec9ba2ba1de9b16af1b885c571af3	EDNA67	50
55dec9ba2ba1de9b16af1b885c571af3	EDNA68	1
fcc4451b6fe9b81281456093ace5a33c	EDNA69	10
fcc4451b6fe9b81281456093ace5a33c	EDNA67	45
fcc4451b6fe9b81281456093ace5a33c	EDNA68	2
84d764fb5ff3b0660afef981a596cbf5	EDNA97	2
84d764fb5ff3b0660afef981a596cbf5	MB13	8
84d764fb5ff3b0660afef981a596cbf5	EDNA33	3
84d764fb5ff3b0660afef981a596cbf5	EDNA44	13
84d764fb5ff3b0660afef981a596cbf5	MB2	19
84d764fb5ff3b0660afef981a596cbf5	EDNA45	4
84d764fb5ff3b0660afef981a596cbf5	EDNA92	1
84d764fb5ff3b0660afef981a596cbf5	MB6	5
84d764fb5ff3b0660afef981a596cbf5	EDNA10	1
15ba241d3d781aaf4e6611c5b83c9c34	EDNA31	5
15ba241d3d781aaf4e6611c5b83c9c34	EDNA22	9
15ba241d3d781aaf4e6611c5b83c9c34	MB13	3
15ba241d3d781aaf4e6611c5b83c9c34	EDNA33	4
15ba241d3d781aaf4e6611c5b83c9c34	EDNA24	2
15ba241d3d781aaf4e6611c5b83c9c34	EDNA43	4
15ba241d3d781aaf4e6611c5b83c9c34	EDNA25	9
15ba241d3d781aaf4e6611c5b83c9c34	EDNA44	4
15ba241d3d781aaf4e6611c5b83c9c34	EDNA26	1
15ba241d3d781aaf4e6611c5b83c9c34	EDNA17	1
15ba241d3d781aaf4e6611c5b83c9c34	MB2	2
15ba241d3d781aaf4e6611c5b83c9c34	EDNA45	2
15ba241d3d781aaf4e6611c5b83c9c34	EDNA27	2
15ba241d3d781aaf4e6611c5b83c9c34	EDNA92	1
15ba241d3d781aaf4e6611c5b83c9c34	MB6	1
15ba241d3d781aaf4e6611c5b83c9c34	EDNA8	5
15ba241d3d781aaf4e6611c5b83c9c34	EDNA9	1
1c7fe9a58b1d130ef4e4981ce4051683	EDNA1	5
1c7fe9a58b1d130ef4e4981ce4051683	EDNA3	34
1c7fe9a58b1d130ef4e4981ce4051683	EDNA18	4
1c7fe9a58b1d130ef4e4981ce4051683	EDNA9	7
1c7fe9a58b1d130ef4e4981ce4051683	EDNA10	5
d2e4035bcdd90fc4171975528bcaf4bf	EDNA11	1
d2e4035bcdd90fc4171975528bcaf4bf	EDNA60	1
d2e4035bcdd90fc4171975528bcaf4bf	EDNA25	5
d2e4035bcdd90fc4171975528bcaf4bf	EDNA16	6
d2e4035bcdd90fc4171975528bcaf4bf	EDNA26	1
d2e4035bcdd90fc4171975528bcaf4bf	EDNA17	2
d2e4035bcdd90fc4171975528bcaf4bf	EDNA27	32
d2e4035bcdd90fc4171975528bcaf4bf	EDNA8	6
d2e4035bcdd90fc4171975528bcaf4bf	EDNA10	1
a849accd36b57c0e858c78779b5f2ecf	MB8	1
a849accd36b57c0e858c78779b5f2ecf	EDNA22	4
a849accd36b57c0e858c78779b5f2ecf	MB13	1
a849accd36b57c0e858c78779b5f2ecf	EDNA23	19
a849accd36b57c0e858c78779b5f2ecf	EDNA24	4
a849accd36b57c0e858c78779b5f2ecf	EDNA43	1
a849accd36b57c0e858c78779b5f2ecf	EDNA27	1
a849accd36b57c0e858c78779b5f2ecf	EDNA82	1
a849accd36b57c0e858c78779b5f2ecf	MB19	8
a849accd36b57c0e858c78779b5f2ecf	EDNA83	3
a849accd36b57c0e858c78779b5f2ecf	EDNA74	7
a849accd36b57c0e858c78779b5f2ecf	EDNA84	1
a849accd36b57c0e858c78779b5f2ecf	EDNA85	1
a849accd36b57c0e858c78779b5f2ecf	EDNA86	3
6aa523ef9abb97dac563a2489c5fe2c2	MB13	3
6aa523ef9abb97dac563a2489c5fe2c2	EDNA43	14
6aa523ef9abb97dac563a2489c5fe2c2	EDNA44	38
c50fd2fafbbf442d189db08acbf6d99f	EDNA60	1
c50fd2fafbbf442d189db08acbf6d99f	EDNA52	4
c50fd2fafbbf442d189db08acbf6d99f	EDNA71	26
c50fd2fafbbf442d189db08acbf6d99f	EDNA53	16
c50fd2fafbbf442d189db08acbf6d99f	EDNA54	4
c50fd2fafbbf442d189db08acbf6d99f	EDNA55	4
9042ebdef566b5bda915d9c68000f8e2	EDNA69	9
9042ebdef566b5bda915d9c68000f8e2	EDNA70	1
9042ebdef566b5bda915d9c68000f8e2	EDNA71	18
9042ebdef566b5bda915d9c68000f8e2	EDNA67	24
9042ebdef566b5bda915d9c68000f8e2	EDNA68	3
a7c3d76404850e4a4416e5a7b7fcc02d	EDNA69	40
a7c3d76404850e4a4416e5a7b7fcc02d	MB17	15
1387ed366cce4dc661ed4cd7f95afe54	MB20	23
1387ed366cce4dc661ed4cd7f95afe54	MB13	5
1387ed366cce4dc661ed4cd7f95afe54	MB16	15
1387ed366cce4dc661ed4cd7f95afe54	EDNA80	12
ffa72459a31a4ea537cda91ff6290f27	EDNA97	4
ffa72459a31a4ea537cda91ff6290f27	EDNA32	7
ffa72459a31a4ea537cda91ff6290f27	EDNA1	12
ffa72459a31a4ea537cda91ff6290f27	EDNA35	6
ffa72459a31a4ea537cda91ff6290f27	EDNA26	9
ffa72459a31a4ea537cda91ff6290f27	EDNA54	2
ffa72459a31a4ea537cda91ff6290f27	EDNA94	3
ffa72459a31a4ea537cda91ff6290f27	EDNA58	9
ffa72459a31a4ea537cda91ff6290f27	EDNA95	2
cc7aadfb0e0145d7901c9b573ed501bf	MB11	5
cc7aadfb0e0145d7901c9b573ed501bf	EDNA43	17
cc7aadfb0e0145d7901c9b573ed501bf	EDNA53	1
cc7aadfb0e0145d7901c9b573ed501bf	EDNA44	13
cc7aadfb0e0145d7901c9b573ed501bf	EDNA63	2
cc7aadfb0e0145d7901c9b573ed501bf	EDNA45	11
cc7aadfb0e0145d7901c9b573ed501bf	EDNA46	4
cc7aadfb0e0145d7901c9b573ed501bf	EDNA47	1
6debb0876d7a2fb87724bc00854f9dd2	MB9	13
6debb0876d7a2fb87724bc00854f9dd2	MB1	8
6debb0876d7a2fb87724bc00854f9dd2	MB2	33
385ada5e177fe7b84c3bf7abf3650b2e	EDNA12	3
385ada5e177fe7b84c3bf7abf3650b2e	EDNA34	3
385ada5e177fe7b84c3bf7abf3650b2e	EDNA25	4
385ada5e177fe7b84c3bf7abf3650b2e	EDNA16	29
385ada5e177fe7b84c3bf7abf3650b2e	EDNA18	1
385ada5e177fe7b84c3bf7abf3650b2e	EDNA10	13
e942ffcfc2b9f30df6724851f06b2d46	EDNA31	5
e942ffcfc2b9f30df6724851f06b2d46	EDNA14	17
e942ffcfc2b9f30df6724851f06b2d46	EDNA9	31
632e728d8bb75bf0b592d9f80f0867ba	EDNA96	9
632e728d8bb75bf0b592d9f80f0867ba	EDNA23	6
632e728d8bb75bf0b592d9f80f0867ba	EDNA24	1
632e728d8bb75bf0b592d9f80f0867ba	EDNA45	1
632e728d8bb75bf0b592d9f80f0867ba	EDNA27	1
632e728d8bb75bf0b592d9f80f0867ba	EDNA91	5
632e728d8bb75bf0b592d9f80f0867ba	EDNA82	3
632e728d8bb75bf0b592d9f80f0867ba	EDNA83	11
632e728d8bb75bf0b592d9f80f0867ba	EDNA56	1
632e728d8bb75bf0b592d9f80f0867ba	EDNA75	14
632e728d8bb75bf0b592d9f80f0867ba	EDNA95	1
e18a62fdaed179536bff3c43c438da37	MB13	2
e18a62fdaed179536bff3c43c438da37	EDNA43	17
e18a62fdaed179536bff3c43c438da37	EDNA44	34
5aeb07f1782810c6f4197edb41b6d1a3	MB13	45
5aeb07f1782810c6f4197edb41b6d1a3	MB14	8
7b04fe2f3b78ed38102d89d479fa14d2	EDNA96	1
7b04fe2f3b78ed38102d89d479fa14d2	EDNA11	3
7b04fe2f3b78ed38102d89d479fa14d2	EDNA12	3
7b04fe2f3b78ed38102d89d479fa14d2	EDNA41	2
7b04fe2f3b78ed38102d89d479fa14d2	EDNA15	3
7b04fe2f3b78ed38102d89d479fa14d2	EDNA16	19
7b04fe2f3b78ed38102d89d479fa14d2	EDNA62	1
7b04fe2f3b78ed38102d89d479fa14d2	EDNA17	8
7b04fe2f3b78ed38102d89d479fa14d2	EDNA18	4
7b04fe2f3b78ed38102d89d479fa14d2	EDNA94	4
7b04fe2f3b78ed38102d89d479fa14d2	EDNA58	4
e4006057df13d328d56f76532eb4d541	MB11	7
e4006057df13d328d56f76532eb4d541	EDNA31	1
e4006057df13d328d56f76532eb4d541	EDNA13	6
e4006057df13d328d56f76532eb4d541	EDNA32	19
e4006057df13d328d56f76532eb4d541	EDNA33	3
e4006057df13d328d56f76532eb4d541	EDNA52	4
e4006057df13d328d56f76532eb4d541	EDNA63	1
e4006057df13d328d56f76532eb4d541	EDNA95	11
94f75bfd56dbe764b36c1ad6c5a600d6	EDNA14	1
94f75bfd56dbe764b36c1ad6c5a600d6	EDNA24	42
94f75bfd56dbe764b36c1ad6c5a600d6	EDNA61	6
94f75bfd56dbe764b36c1ad6c5a600d6	EDNA18	3
7c5825b3864e4b47ca0ef859430d569f	EDNA96	2
7c5825b3864e4b47ca0ef859430d569f	MB13	2
7c5825b3864e4b47ca0ef859430d569f	EDNA60	1
7c5825b3864e4b47ca0ef859430d569f	EDNA42	8
7c5825b3864e4b47ca0ef859430d569f	EDNA43	1
7c5825b3864e4b47ca0ef859430d569f	EDNA44	7
7c5825b3864e4b47ca0ef859430d569f	EDNA45	18
7c5825b3864e4b47ca0ef859430d569f	EDNA36	8
7c5825b3864e4b47ca0ef859430d569f	EDNA48	5
481ba0a1f87ad8b45e15f0b1b6256eef	EDNA40	22
481ba0a1f87ad8b45e15f0b1b6256eef	MB13	2
481ba0a1f87ad8b45e15f0b1b6256eef	EDNA43	2
481ba0a1f87ad8b45e15f0b1b6256eef	EDNA44	6
481ba0a1f87ad8b45e15f0b1b6256eef	EDNA45	9
481ba0a1f87ad8b45e15f0b1b6256eef	EDNA56	2
481ba0a1f87ad8b45e15f0b1b6256eef	EDNA57	5
481ba0a1f87ad8b45e15f0b1b6256eef	EDNA48	4
fa295f06e19ea72d77cf012589c572a5	EDNA96	1
fa295f06e19ea72d77cf012589c572a5	EDNA40	2
fa295f06e19ea72d77cf012589c572a5	EDNA61	2
fa295f06e19ea72d77cf012589c572a5	EDNA43	2
fa295f06e19ea72d77cf012589c572a5	EDNA80	5
fa295f06e19ea72d77cf012589c572a5	EDNA81	20
fa295f06e19ea72d77cf012589c572a5	EDNA45	6
fa295f06e19ea72d77cf012589c572a5	EDNA91	2
fa295f06e19ea72d77cf012589c572a5	EDNA46	1
fa295f06e19ea72d77cf012589c572a5	EDNA83	1
fa295f06e19ea72d77cf012589c572a5	EDNA47	2
fa295f06e19ea72d77cf012589c572a5	EDNA84	2
fa295f06e19ea72d77cf012589c572a5	EDNA48	1
fa295f06e19ea72d77cf012589c572a5	EDNA85	4
fa295f06e19ea72d77cf012589c572a5	EDNA95	1
ba8337242559dd6d164830ea44e08993	EDNA60	4
ba8337242559dd6d164830ea44e08993	EDNA43	14
ba8337242559dd6d164830ea44e08993	EDNA45	25
ba8337242559dd6d164830ea44e08993	EDNA56	5
ba8337242559dd6d164830ea44e08993	EDNA59	4
52c37388666bc9b9ffb24e7cdc50f895	EDNA71	9
52c37388666bc9b9ffb24e7cdc50f895	EDNA67	41
52c37388666bc9b9ffb24e7cdc50f895	EDNA68	2
86124c1fbcfbae308623bcd253a79227	EDNA69	14
86124c1fbcfbae308623bcd253a79227	EDNA68	38
5550f6c8c99e72c538ddda007c55c228	EDNA71	20
5550f6c8c99e72c538ddda007c55c228	EDNA73	16
5550f6c8c99e72c538ddda007c55c228	MB19	7
5550f6c8c99e72c538ddda007c55c228	EDNA92	1
5550f6c8c99e72c538ddda007c55c228	EDNA68	8
2860b3e084d039107412da27cbe7f3f6	EDNA79	2
2860b3e084d039107412da27cbe7f3f6	EDNA70	35
2860b3e084d039107412da27cbe7f3f6	EDNA71	7
2860b3e084d039107412da27cbe7f3f6	EDNA75	8
630118820c0d0e327403ba16acd7c353	EDNA71	10
630118820c0d0e327403ba16acd7c353	EDNA74	42
9617374f0adfe3eff15ec5fe8c07c36f	MB18	9
9617374f0adfe3eff15ec5fe8c07c36f	EDNA73	36
9617374f0adfe3eff15ec5fe8c07c36f	MB19	3
9617374f0adfe3eff15ec5fe8c07c36f	EDNA74	1
9617374f0adfe3eff15ec5fe8c07c36f	EDNA84	1
9617374f0adfe3eff15ec5fe8c07c36f	EDNA75	2
ab858597f90e0abcbcc2db4ea85cfdd6	MB11	5
ab858597f90e0abcbcc2db4ea85cfdd6	EDNA31	6
ab858597f90e0abcbcc2db4ea85cfdd6	EDNA22	15
ab858597f90e0abcbcc2db4ea85cfdd6	EDNA32	2
ab858597f90e0abcbcc2db4ea85cfdd6	EDNA23	1
ab858597f90e0abcbcc2db4ea85cfdd6	EDNA33	2
ab858597f90e0abcbcc2db4ea85cfdd6	EDNA35	5
ab858597f90e0abcbcc2db4ea85cfdd6	MB5	10
ab858597f90e0abcbcc2db4ea85cfdd6	MB7	5
b0fbb8d5f86a844475d77471dfc246d0	EDNA69	18
b0fbb8d5f86a844475d77471dfc246d0	EDNA67	13
b0fbb8d5f86a844475d77471dfc246d0	EDNA68	20
2bee2c7f0c25aabbc193194e1ac35192	EDNA71	32
2bee2c7f0c25aabbc193194e1ac35192	EDNA68	19
37d67dc37633ac0307f95f09b70b1c4b	EDNA87	6
37d67dc37633ac0307f95f09b70b1c4b	MB19	45
ac45c9c8742ce8dd1cea8da953cfaee6	EDNA11	7
ac45c9c8742ce8dd1cea8da953cfaee6	EDNA97	1
ac45c9c8742ce8dd1cea8da953cfaee6	EDNA98	1
ac45c9c8742ce8dd1cea8da953cfaee6	EDNA31	28
ac45c9c8742ce8dd1cea8da953cfaee6	EDNA13	2
ac45c9c8742ce8dd1cea8da953cfaee6	EDNA14	6
ac45c9c8742ce8dd1cea8da953cfaee6	EDNA8	1
ac45c9c8742ce8dd1cea8da953cfaee6	EDNA9	4
85739249621589a94396ef79f1abd436	EDNA22	3
85739249621589a94396ef79f1abd436	EDNA23	4
85739249621589a94396ef79f1abd436	EDNA42	15
85739249621589a94396ef79f1abd436	EDNA24	9
85739249621589a94396ef79f1abd436	EDNA43	1
85739249621589a94396ef79f1abd436	EDNA2	6
85739249621589a94396ef79f1abd436	EDNA25	4
85739249621589a94396ef79f1abd436	EDNA44	2
85739249621589a94396ef79f1abd436	EDNA26	5
85739249621589a94396ef79f1abd436	EDNA27	1
4b0d0898ff6c3535b348d713e2a994e5	EDNA43	29
4b0d0898ff6c3535b348d713e2a994e5	EDNA34	6
4b0d0898ff6c3535b348d713e2a994e5	EDNA81	1
4b0d0898ff6c3535b348d713e2a994e5	EDNA63	2
4b0d0898ff6c3535b348d713e2a994e5	EDNA36	7
4b0d0898ff6c3535b348d713e2a994e5	EDNA8	5
ffe5e3c191ccc121f0e1be8f71f7ae49	EDNA79	3
ffe5e3c191ccc121f0e1be8f71f7ae49	MB21	1
ffe5e3c191ccc121f0e1be8f71f7ae49	MB13	2
ffe5e3c191ccc121f0e1be8f71f7ae49	EDNA43	5
ffe5e3c191ccc121f0e1be8f71f7ae49	EDNA81	15
ffe5e3c191ccc121f0e1be8f71f7ae49	EDNA45	24
c636cf944f6934463ee8b33cd6e817af	EDNA69	3
c636cf944f6934463ee8b33cd6e817af	MB17	2
c636cf944f6934463ee8b33cd6e817af	EDNA67	44
c636cf944f6934463ee8b33cd6e817af	EDNA68	1
f8de597a28990c2e9e576d4cae2597d3	EDNA69	20
f8de597a28990c2e9e576d4cae2597d3	EDNA71	1
f8de597a28990c2e9e576d4cae2597d3	EDNA67	17
f8de597a28990c2e9e576d4cae2597d3	EDNA68	12
aae9ce61a7776797c6183ed534ee8a70	EDNA82	4
aae9ce61a7776797c6183ed534ee8a70	EDNA73	14
aae9ce61a7776797c6183ed534ee8a70	EDNA83	26
aae9ce61a7776797c6183ed534ee8a70	EDNA84	1
aae9ce61a7776797c6183ed534ee8a70	EDNA68	5
f3107d9718747906628b9e59d5e01920	MB8	3
f3107d9718747906628b9e59d5e01920	EDNA11	4
f3107d9718747906628b9e59d5e01920	EDNA14	2
f3107d9718747906628b9e59d5e01920	EDNA15	1
f3107d9718747906628b9e59d5e01920	EDNA43	4
f3107d9718747906628b9e59d5e01920	EDNA2	6
f3107d9718747906628b9e59d5e01920	MB1	8
f3107d9718747906628b9e59d5e01920	EDNA44	1
f3107d9718747906628b9e59d5e01920	MB2	13
f3107d9718747906628b9e59d5e01920	EDNA8	5
f3107d9718747906628b9e59d5e01920	EDNA9	2
0005795934e8fdb858d84cd13e53eada	EDNA87	2
0005795934e8fdb858d84cd13e53eada	EDNA11	1
0005795934e8fdb858d84cd13e53eada	MB2	12
0005795934e8fdb858d84cd13e53eada	EDNA85	18
0005795934e8fdb858d84cd13e53eada	EDNA9	1
0005795934e8fdb858d84cd13e53eada	EDNA86	15
bee75502b68ba5394c806a26bb81c68b	EDNA23	1
bee75502b68ba5394c806a26bb81c68b	EDNA14	1
bee75502b68ba5394c806a26bb81c68b	EDNA33	2
bee75502b68ba5394c806a26bb81c68b	EDNA1	4
bee75502b68ba5394c806a26bb81c68b	EDNA15	5
bee75502b68ba5394c806a26bb81c68b	EDNA2	4
bee75502b68ba5394c806a26bb81c68b	EDNA3	9
bee75502b68ba5394c806a26bb81c68b	EDNA17	3
bee75502b68ba5394c806a26bb81c68b	EDNA36	8
bee75502b68ba5394c806a26bb81c68b	EDNA27	11
bee75502b68ba5394c806a26bb81c68b	EDNA7	1
46958de5c91f6b9489263785be43ff65	EDNA22	4
46958de5c91f6b9489263785be43ff65	EDNA23	18
46958de5c91f6b9489263785be43ff65	EDNA24	26
46958de5c91f6b9489263785be43ff65	EDNA16	1
3aeacdd1849f88d87aec21a61532a9e5	MB11	2
3aeacdd1849f88d87aec21a61532a9e5	MB13	1
3aeacdd1849f88d87aec21a61532a9e5	EDNA44	19
3aeacdd1849f88d87aec21a61532a9e5	EDNA45	27
0009d0e3a935063892d534208e2fcad6	EDNA69	7
0009d0e3a935063892d534208e2fcad6	EDNA70	2
0009d0e3a935063892d534208e2fcad6	EDNA67	32
0009d0e3a935063892d534208e2fcad6	EDNA68	8
7fbff3da1a47f7b52203c0f623a78fab	EDNA81	35
7fbff3da1a47f7b52203c0f623a78fab	EDNA74	14
ef92ceff4639922f8e796045d12a5f6c	MB11	2
ef92ceff4639922f8e796045d12a5f6c	EDNA31	18
ef92ceff4639922f8e796045d12a5f6c	EDNA24	2
ef92ceff4639922f8e796045d12a5f6c	MB2	5
ef92ceff4639922f8e796045d12a5f6c	EDNA45	16
ef92ceff4639922f8e796045d12a5f6c	EDNA7	2
ef92ceff4639922f8e796045d12a5f6c	EDNA10	3
f8bd3cde7c25fb6048a8a651fbcb85f5	EDNA12	1
f8bd3cde7c25fb6048a8a651fbcb85f5	EDNA31	3
f8bd3cde7c25fb6048a8a651fbcb85f5	EDNA7	5
f8bd3cde7c25fb6048a8a651fbcb85f5	EDNA8	17
f8bd3cde7c25fb6048a8a651fbcb85f5	EDNA9	20
f8bd3cde7c25fb6048a8a651fbcb85f5	EDNA10	2
04964849e82b7195a2b727c4b64e2052	EDNA13	14
04964849e82b7195a2b727c4b64e2052	EDNA14	13
04964849e82b7195a2b727c4b64e2052	EDNA16	2
04964849e82b7195a2b727c4b64e2052	EDNA17	2
04964849e82b7195a2b727c4b64e2052	EDNA18	16
04964849e82b7195a2b727c4b64e2052	MB4	1
543cf5e3c26587c5afb4428cb03f53d2	EDNA13	2
543cf5e3c26587c5afb4428cb03f53d2	EDNA60	1
543cf5e3c26587c5afb4428cb03f53d2	EDNA52	6
543cf5e3c26587c5afb4428cb03f53d2	EDNA43	24
543cf5e3c26587c5afb4428cb03f53d2	EDNA62	2
543cf5e3c26587c5afb4428cb03f53d2	EDNA44	5
543cf5e3c26587c5afb4428cb03f53d2	EDNA45	8
609b9b02c63e7722db2fad429ead8e71	EDNA97	3
609b9b02c63e7722db2fad429ead8e71	EDNA40	16
609b9b02c63e7722db2fad429ead8e71	EDNA31	2
609b9b02c63e7722db2fad429ead8e71	EDNA14	1
609b9b02c63e7722db2fad429ead8e71	EDNA81	10
609b9b02c63e7722db2fad429ead8e71	EDNA45	4
609b9b02c63e7722db2fad429ead8e71	EDNA48	12
7f483577ba7dbf5f4a6eccf8136c6c3f	EDNA23	4
7f483577ba7dbf5f4a6eccf8136c6c3f	EDNA24	3
7f483577ba7dbf5f4a6eccf8136c6c3f	EDNA1	18
7f483577ba7dbf5f4a6eccf8136c6c3f	EDNA25	21
7f483577ba7dbf5f4a6eccf8136c6c3f	EDNA8	2
e209ea5030176442e094480fc7a5f547	MB11	9
e209ea5030176442e094480fc7a5f547	MB12	1
e209ea5030176442e094480fc7a5f547	MB13	5
e209ea5030176442e094480fc7a5f547	MB15	2
e209ea5030176442e094480fc7a5f547	EDNA61	4
e209ea5030176442e094480fc7a5f547	EDNA43	8
e209ea5030176442e094480fc7a5f547	EDNA62	2
e209ea5030176442e094480fc7a5f547	EDNA44	9
e209ea5030176442e094480fc7a5f547	EDNA63	3
e209ea5030176442e094480fc7a5f547	EDNA57	5
92b99fe719f0709e75cd01da8055bcd8	EDNA45	40
92b99fe719f0709e75cd01da8055bcd8	EDNA47	8
86f62272bddc1f3a22b1fb4277c848a3	EDNA79	11
86f62272bddc1f3a22b1fb4277c848a3	EDNA80	4
86f62272bddc1f3a22b1fb4277c848a3	EDNA81	33
02881b742906338264b5ed4e85c83e18	EDNA81	22
02881b742906338264b5ed4e85c83e18	EDNA82	7
02881b742906338264b5ed4e85c83e18	EDNA84	19
c420fac65e1b7a42a7e0bbe07f3d7a2c	MB17	28
c420fac65e1b7a42a7e0bbe07f3d7a2c	EDNA86	20
a83c32f56a0c1338c274aeb25fd0b7cc	MB9	2
a83c32f56a0c1338c274aeb25fd0b7cc	MB11	4
a83c32f56a0c1338c274aeb25fd0b7cc	EDNA12	2
a83c32f56a0c1338c274aeb25fd0b7cc	EDNA31	8
a83c32f56a0c1338c274aeb25fd0b7cc	EDNA16	4
a83c32f56a0c1338c274aeb25fd0b7cc	EDNA62	4
a83c32f56a0c1338c274aeb25fd0b7cc	EDNA35	5
a83c32f56a0c1338c274aeb25fd0b7cc	MB2	7
a83c32f56a0c1338c274aeb25fd0b7cc	EDNA63	1
a83c32f56a0c1338c274aeb25fd0b7cc	EDNA7	5
a83c32f56a0c1338c274aeb25fd0b7cc	EDNA9	2
a83c32f56a0c1338c274aeb25fd0b7cc	EDNA10	3
0a1ad7c71735d14e8c020d6250e162d2	EDNA13	12
0a1ad7c71735d14e8c020d6250e162d2	EDNA14	3
0a1ad7c71735d14e8c020d6250e162d2	MB23	1
0a1ad7c71735d14e8c020d6250e162d2	EDNA33	2
0a1ad7c71735d14e8c020d6250e162d2	EDNA15	5
0a1ad7c71735d14e8c020d6250e162d2	EDNA16	7
0a1ad7c71735d14e8c020d6250e162d2	EDNA17	3
0a1ad7c71735d14e8c020d6250e162d2	EDNA18	5
0a1ad7c71735d14e8c020d6250e162d2	EDNA92	4
0a1ad7c71735d14e8c020d6250e162d2	EDNA86	5
37792c99fe5cc2b43fa33818a54ded1f	EDNA27	44
37792c99fe5cc2b43fa33818a54ded1f	EDNA47	3
2e8c5ae05a8b8c94dd92ca66c3b2dc50	EDNA70	2
2e8c5ae05a8b8c94dd92ca66c3b2dc50	EDNA80	2
2e8c5ae05a8b8c94dd92ca66c3b2dc50	EDNA74	21
2e8c5ae05a8b8c94dd92ca66c3b2dc50	EDNA75	19
2e8c5ae05a8b8c94dd92ca66c3b2dc50	EDNA86	3
d480a85031d52a78f6ee275dfe5645b9	MB8	2
d480a85031d52a78f6ee275dfe5645b9	EDNA11	7
d480a85031d52a78f6ee275dfe5645b9	EDNA12	12
d480a85031d52a78f6ee275dfe5645b9	EDNA14	2
d480a85031d52a78f6ee275dfe5645b9	EDNA2	5
d480a85031d52a78f6ee275dfe5645b9	EDNA17	4
d480a85031d52a78f6ee275dfe5645b9	EDNA18	8
d480a85031d52a78f6ee275dfe5645b9	EDNA10	6
600841c432bb28bac4d1711a16bef63b	EDNA22	1
600841c432bb28bac4d1711a16bef63b	EDNA14	1
600841c432bb28bac4d1711a16bef63b	EDNA24	21
600841c432bb28bac4d1711a16bef63b	EDNA15	1
600841c432bb28bac4d1711a16bef63b	EDNA2	3
600841c432bb28bac4d1711a16bef63b	EDNA25	8
600841c432bb28bac4d1711a16bef63b	EDNA27	7
600841c432bb28bac4d1711a16bef63b	EDNA7	2
600841c432bb28bac4d1711a16bef63b	EDNA48	2
e55c4284f912bb37550e03193e5dae92	MB11	4
e55c4284f912bb37550e03193e5dae92	EDNA61	2
e55c4284f912bb37550e03193e5dae92	EDNA62	4
e55c4284f912bb37550e03193e5dae92	EDNA26	2
e55c4284f912bb37550e03193e5dae92	EDNA36	34
73a2d6b52b27eed543db25b639ba59f9	EDNA31	21
73a2d6b52b27eed543db25b639ba59f9	EDNA2	25
144f5b80e57d986e6c976292687a0e9e	EDNA2	2
144f5b80e57d986e6c976292687a0e9e	MB1	19
144f5b80e57d986e6c976292687a0e9e	EDNA3	25
b5c69aa74e26fe1ed32ea1a2407ffdcf	EDNA3	24
b5c69aa74e26fe1ed32ea1a2407ffdcf	EDNA9	22
709d0242c37802af28c66252b85212cb	EDNA96	3
709d0242c37802af28c66252b85212cb	MB12	1
709d0242c37802af28c66252b85212cb	EDNA41	6
709d0242c37802af28c66252b85212cb	EDNA61	1
709d0242c37802af28c66252b85212cb	EDNA52	1
709d0242c37802af28c66252b85212cb	EDNA43	15
709d0242c37802af28c66252b85212cb	EDNA62	2
709d0242c37802af28c66252b85212cb	EDNA44	14
709d0242c37802af28c66252b85212cb	EDNA45	3
1c1f7c09db238aff2229ae597f1ba4b9	MB13	1
1c1f7c09db238aff2229ae597f1ba4b9	EDNA42	3
1c1f7c09db238aff2229ae597f1ba4b9	EDNA43	3
1c1f7c09db238aff2229ae597f1ba4b9	EDNA71	4
1c1f7c09db238aff2229ae597f1ba4b9	EDNA62	3
1c1f7c09db238aff2229ae597f1ba4b9	EDNA44	19
1c1f7c09db238aff2229ae597f1ba4b9	EDNA45	1
1c1f7c09db238aff2229ae597f1ba4b9	MB18	1
1c1f7c09db238aff2229ae597f1ba4b9	EDNA84	5
1c1f7c09db238aff2229ae597f1ba4b9	EDNA85	6
e291e13e43f8cbd72501336421b14334	EDNA96	2
e291e13e43f8cbd72501336421b14334	EDNA98	5
e291e13e43f8cbd72501336421b14334	MB13	1
e291e13e43f8cbd72501336421b14334	MB15	6
e291e13e43f8cbd72501336421b14334	EDNA43	24
e291e13e43f8cbd72501336421b14334	EDNA48	8
714fd45fe77ced0633aa77f2e237df2d	EDNA79	22
714fd45fe77ced0633aa77f2e237df2d	EDNA80	5
714fd45fe77ced0633aa77f2e237df2d	EDNA85	19
481c162a6efffa400c5cb9a6d500c642	MB11	1
481c162a6efffa400c5cb9a6d500c642	EDNA13	3
481c162a6efffa400c5cb9a6d500c642	EDNA99	1
481c162a6efffa400c5cb9a6d500c642	EDNA32	6
481c162a6efffa400c5cb9a6d500c642	EDNA14	6
481c162a6efffa400c5cb9a6d500c642	EDNA24	4
481c162a6efffa400c5cb9a6d500c642	EDNA1	6
481c162a6efffa400c5cb9a6d500c642	EDNA15	3
481c162a6efffa400c5cb9a6d500c642	EDNA61	2
481c162a6efffa400c5cb9a6d500c642	EDNA44	4
481c162a6efffa400c5cb9a6d500c642	EDNA17	2
481c162a6efffa400c5cb9a6d500c642	MB2	4
481c162a6efffa400c5cb9a6d500c642	EDNA10	3
86edc42a6106eb02f3a96cb2802dbbeb	EDNA96	3
86edc42a6106eb02f3a96cb2802dbbeb	EDNA32	4
86edc42a6106eb02f3a96cb2802dbbeb	EDNA43	4
86edc42a6106eb02f3a96cb2802dbbeb	EDNA53	2
86edc42a6106eb02f3a96cb2802dbbeb	EDNA44	1
86edc42a6106eb02f3a96cb2802dbbeb	EDNA54	1
86edc42a6106eb02f3a96cb2802dbbeb	EDNA27	2
86edc42a6106eb02f3a96cb2802dbbeb	EDNA55	1
86edc42a6106eb02f3a96cb2802dbbeb	EDNA46	5
86edc42a6106eb02f3a96cb2802dbbeb	EDNA83	5
86edc42a6106eb02f3a96cb2802dbbeb	EDNA93	17
433a6be25c68ea1fbf0ab532b850663a	EDNA87	1
433a6be25c68ea1fbf0ab532b850663a	EDNA43	33
433a6be25c68ea1fbf0ab532b850663a	EDNA46	9
433a6be25c68ea1fbf0ab532b850663a	EDNA58	2
7d21b826a3e1de2a258ac0f5839799c7	EDNA96	12
7d21b826a3e1de2a258ac0f5839799c7	EDNA44	14
7d21b826a3e1de2a258ac0f5839799c7	EDNA95	19
11481d7522b3bf6cf60d8d6d7cb7b697	EDNA69	40
11481d7522b3bf6cf60d8d6d7cb7b697	EDNA68	5
43efb93b0144dfbb36e01506e07b1a55	EDNA69	35
43efb93b0144dfbb36e01506e07b1a55	EDNA86	10
67a56722696c75da061408ec026ca186	EDNA11	3
67a56722696c75da061408ec026ca186	EDNA99	2
67a56722696c75da061408ec026ca186	EDNA14	3
67a56722696c75da061408ec026ca186	EDNA24	15
67a56722696c75da061408ec026ca186	EDNA16	2
67a56722696c75da061408ec026ca186	EDNA44	7
67a56722696c75da061408ec026ca186	EDNA63	2
67a56722696c75da061408ec026ca186	EDNA27	2
67a56722696c75da061408ec026ca186	EDNA18	8
2fc08bca7ae73585c2c54c7bc2b03f85	MB9	1
2fc08bca7ae73585c2c54c7bc2b03f85	EDNA12	2
2fc08bca7ae73585c2c54c7bc2b03f85	EDNA23	5
2fc08bca7ae73585c2c54c7bc2b03f85	MB23	2
2fc08bca7ae73585c2c54c7bc2b03f85	EDNA15	4
2fc08bca7ae73585c2c54c7bc2b03f85	MB1	11
2fc08bca7ae73585c2c54c7bc2b03f85	MB2	8
2fc08bca7ae73585c2c54c7bc2b03f85	MB4	3
2fc08bca7ae73585c2c54c7bc2b03f85	MB6	6
2fc08bca7ae73585c2c54c7bc2b03f85	EDNA8	2
669b555045d6f42297003efcd9946794	EDNA24	6
669b555045d6f42297003efcd9946794	EDNA43	14
669b555045d6f42297003efcd9946794	EDNA16	1
669b555045d6f42297003efcd9946794	EDNA44	23
375b624cd05502b597d44f31a69d7182	EDNA96	6
375b624cd05502b597d44f31a69d7182	EDNA97	4
375b624cd05502b597d44f31a69d7182	EDNA98	7
375b624cd05502b597d44f31a69d7182	EDNA99	1
375b624cd05502b597d44f31a69d7182	EDNA32	1
375b624cd05502b597d44f31a69d7182	EDNA1	1
375b624cd05502b597d44f31a69d7182	EDNA52	1
375b624cd05502b597d44f31a69d7182	EDNA91	6
375b624cd05502b597d44f31a69d7182	EDNA94	2
375b624cd05502b597d44f31a69d7182	EDNA85	2
375b624cd05502b597d44f31a69d7182	EDNA95	8
375b624cd05502b597d44f31a69d7182	EDNA86	2
375b624cd05502b597d44f31a69d7182	EDNA59	3
7f464f8446e100f2d137416acc5e2258	MB13	21
7f464f8446e100f2d137416acc5e2258	EDNA43	14
7f464f8446e100f2d137416acc5e2258	EDNA57	9
fe3ba5718d87121d25f4142a907d876f	EDNA43	8
fe3ba5718d87121d25f4142a907d876f	EDNA44	12
fe3ba5718d87121d25f4142a907d876f	EDNA45	12
fe3ba5718d87121d25f4142a907d876f	EDNA82	4
fe3ba5718d87121d25f4142a907d876f	EDNA73	2
fe3ba5718d87121d25f4142a907d876f	EDNA83	3
fe3ba5718d87121d25f4142a907d876f	EDNA84	3
4bf09e165a8e67cb52c73c0fd599cb5d	EDNA79	7
4bf09e165a8e67cb52c73c0fd599cb5d	MB13	1
4bf09e165a8e67cb52c73c0fd599cb5d	EDNA81	25
4bf09e165a8e67cb52c73c0fd599cb5d	EDNA92	2
4bf09e165a8e67cb52c73c0fd599cb5d	EDNA75	9
12e8da4f36fb359f09aaa60f746474fe	EDNA82	6
12e8da4f36fb359f09aaa60f746474fe	EDNA83	8
12e8da4f36fb359f09aaa60f746474fe	EDNA84	30
15f4fa00539b053514ace7f4f8d6420a	EDNA31	7
15f4fa00539b053514ace7f4f8d6420a	EDNA42	8
15f4fa00539b053514ace7f4f8d6420a	EDNA33	1
15f4fa00539b053514ace7f4f8d6420a	EDNA16	2
15f4fa00539b053514ace7f4f8d6420a	EDNA17	1
15f4fa00539b053514ace7f4f8d6420a	EDNA81	2
15f4fa00539b053514ace7f4f8d6420a	EDNA45	3
15f4fa00539b053514ace7f4f8d6420a	EDNA18	9
15f4fa00539b053514ace7f4f8d6420a	EDNA46	2
15f4fa00539b053514ace7f4f8d6420a	EDNA74	8
4d51dfb0e695884c862b01d40c5eaf2a	EDNA70	20
4d51dfb0e695884c862b01d40c5eaf2a	EDNA68	23
77df0afa808a40bf65c8d78b861ce3b2	EDNA22	3
77df0afa808a40bf65c8d78b861ce3b2	EDNA42	11
77df0afa808a40bf65c8d78b861ce3b2	EDNA24	2
77df0afa808a40bf65c8d78b861ce3b2	EDNA43	7
77df0afa808a40bf65c8d78b861ce3b2	EDNA80	5
77df0afa808a40bf65c8d78b861ce3b2	EDNA44	1
77df0afa808a40bf65c8d78b861ce3b2	EDNA81	3
77df0afa808a40bf65c8d78b861ce3b2	EDNA27	2
77df0afa808a40bf65c8d78b861ce3b2	EDNA83	1
77df0afa808a40bf65c8d78b861ce3b2	EDNA84	7
2eefb2d7ba762a02d5cadd66d5754493	EDNA67	21
2eefb2d7ba762a02d5cadd66d5754493	EDNA68	21
2fdfdb2f69d2d12526d8ce20836ce960	EDNA69	3
2fdfdb2f69d2d12526d8ce20836ce960	EDNA98	3
2fdfdb2f69d2d12526d8ce20836ce960	EDNA70	4
2fdfdb2f69d2d12526d8ce20836ce960	EDNA81	21
2fdfdb2f69d2d12526d8ce20836ce960	EDNA74	1
2fdfdb2f69d2d12526d8ce20836ce960	EDNA93	1
2fdfdb2f69d2d12526d8ce20836ce960	EDNA67	3
2fdfdb2f69d2d12526d8ce20836ce960	EDNA86	2
2fdfdb2f69d2d12526d8ce20836ce960	EDNA68	4
85cac4970e54d4dcb8ba141d9fea13c9	MB21	3
85cac4970e54d4dcb8ba141d9fea13c9	MB13	4
85cac4970e54d4dcb8ba141d9fea13c9	EDNA43	4
85cac4970e54d4dcb8ba141d9fea13c9	EDNA44	16
85cac4970e54d4dcb8ba141d9fea13c9	EDNA45	12
85cac4970e54d4dcb8ba141d9fea13c9	EDNA55	2
df9493a96a12d95548738df167d8ae53	EDNA43	3
df9493a96a12d95548738df167d8ae53	EDNA44	16
df9493a96a12d95548738df167d8ae53	EDNA45	22
2580b64f95e956c5360cf0baeb51b057	EDNA69	12
2580b64f95e956c5360cf0baeb51b057	EDNA82	3
2580b64f95e956c5360cf0baeb51b057	MB19	1
2580b64f95e956c5360cf0baeb51b057	EDNA67	13
2580b64f95e956c5360cf0baeb51b057	EDNA68	12
f4a3cb258a73e100d4aff587dee27b7c	EDNA70	9
f4a3cb258a73e100d4aff587dee27b7c	EDNA92	11
f4a3cb258a73e100d4aff587dee27b7c	EDNA83	13
f4a3cb258a73e100d4aff587dee27b7c	EDNA85	8
504908bf269b84b2738fc845faa7cd31	EDNA80	8
504908bf269b84b2738fc845faa7cd31	EDNA83	33
10afcd724c8e313df47687fa7d88f0f7	EDNA96	12
10afcd724c8e313df47687fa7d88f0f7	EDNA87	3
10afcd724c8e313df47687fa7d88f0f7	EDNA80	4
10afcd724c8e313df47687fa7d88f0f7	EDNA92	3
10afcd724c8e313df47687fa7d88f0f7	EDNA93	9
10afcd724c8e313df47687fa7d88f0f7	EDNA94	3
10afcd724c8e313df47687fa7d88f0f7	EDNA85	6
10afcd724c8e313df47687fa7d88f0f7	EDNA86	1
98334b650027bfaceb00f89798cb3b00	EDNA11	6
98334b650027bfaceb00f89798cb3b00	EDNA12	11
98334b650027bfaceb00f89798cb3b00	EDNA33	6
98334b650027bfaceb00f89798cb3b00	EDNA1	4
98334b650027bfaceb00f89798cb3b00	EDNA3	6
98334b650027bfaceb00f89798cb3b00	EDNA7	2
98334b650027bfaceb00f89798cb3b00	EDNA58	1
98334b650027bfaceb00f89798cb3b00	EDNA10	4
af8a9dda8c3dfcc87c1819320c2a4469	EDNA12	1
af8a9dda8c3dfcc87c1819320c2a4469	EDNA1	1
af8a9dda8c3dfcc87c1819320c2a4469	EDNA2	5
af8a9dda8c3dfcc87c1819320c2a4469	MB1	10
af8a9dda8c3dfcc87c1819320c2a4469	EDNA3	14
af8a9dda8c3dfcc87c1819320c2a4469	EDNA26	1
af8a9dda8c3dfcc87c1819320c2a4469	EDNA27	2
af8a9dda8c3dfcc87c1819320c2a4469	EDNA7	4
af8a9dda8c3dfcc87c1819320c2a4469	EDNA8	2
8a85c2ad6cb2243d99381a9ded261222	EDNA22	8
8a85c2ad6cb2243d99381a9ded261222	MB13	1
8a85c2ad6cb2243d99381a9ded261222	EDNA43	8
8a85c2ad6cb2243d99381a9ded261222	EDNA34	7
8a85c2ad6cb2243d99381a9ded261222	EDNA62	1
8a85c2ad6cb2243d99381a9ded261222	EDNA35	1
8a85c2ad6cb2243d99381a9ded261222	EDNA26	1
8a85c2ad6cb2243d99381a9ded261222	EDNA81	6
8a85c2ad6cb2243d99381a9ded261222	EDNA36	3
8a85c2ad6cb2243d99381a9ded261222	EDNA73	1
8a85c2ad6cb2243d99381a9ded261222	EDNA92	1
8a85c2ad6cb2243d99381a9ded261222	EDNA47	1
8a85c2ad6cb2243d99381a9ded261222	EDNA59	1
8de4254cec0f4eb4ca4d750c8fbe07bb	EDNA25	13
8de4254cec0f4eb4ca4d750c8fbe07bb	EDNA35	25
8de4254cec0f4eb4ca4d750c8fbe07bb	EDNA26	1
8de4254cec0f4eb4ca4d750c8fbe07bb	EDNA27	1
271492a4a1c77ea98a9764f944218429	EDNA87	9
271492a4a1c77ea98a9764f944218429	EDNA80	15
271492a4a1c77ea98a9764f944218429	EDNA26	1
271492a4a1c77ea98a9764f944218429	EDNA81	15
d5fa5e2f62f2749a7be1265a77a5dde2	EDNA34	13
d5fa5e2f62f2749a7be1265a77a5dde2	EDNA35	8
d5fa5e2f62f2749a7be1265a77a5dde2	EDNA45	5
d5fa5e2f62f2749a7be1265a77a5dde2	EDNA47	14
40f95e20fc0b3bf2ec9b08dec46a003e	EDNA87	3
40f95e20fc0b3bf2ec9b08dec46a003e	EDNA79	3
40f95e20fc0b3bf2ec9b08dec46a003e	MB21	1
40f95e20fc0b3bf2ec9b08dec46a003e	MB13	2
40f95e20fc0b3bf2ec9b08dec46a003e	EDNA41	7
40f95e20fc0b3bf2ec9b08dec46a003e	EDNA43	1
40f95e20fc0b3bf2ec9b08dec46a003e	EDNA62	1
40f95e20fc0b3bf2ec9b08dec46a003e	EDNA45	2
40f95e20fc0b3bf2ec9b08dec46a003e	MB18	3
40f95e20fc0b3bf2ec9b08dec46a003e	EDNA83	8
40f95e20fc0b3bf2ec9b08dec46a003e	EDNA56	2
40f95e20fc0b3bf2ec9b08dec46a003e	EDNA84	3
40f95e20fc0b3bf2ec9b08dec46a003e	EDNA48	4
9f0d40494034cd993dcd16721d8d3a8d	MB2	7
9f0d40494034cd993dcd16721d8d3a8d	MB4	7
9f0d40494034cd993dcd16721d8d3a8d	EDNA7	10
9f0d40494034cd993dcd16721d8d3a8d	EDNA67	16
59a5a7ca5d8cf4ad40b3e9b9d2636cd9	EDNA96	1
59a5a7ca5d8cf4ad40b3e9b9d2636cd9	EDNA69	1
59a5a7ca5d8cf4ad40b3e9b9d2636cd9	EDNA98	1
59a5a7ca5d8cf4ad40b3e9b9d2636cd9	EDNA99	1
59a5a7ca5d8cf4ad40b3e9b9d2636cd9	EDNA80	4
59a5a7ca5d8cf4ad40b3e9b9d2636cd9	EDNA71	2
59a5a7ca5d8cf4ad40b3e9b9d2636cd9	EDNA81	3
59a5a7ca5d8cf4ad40b3e9b9d2636cd9	EDNA91	2
59a5a7ca5d8cf4ad40b3e9b9d2636cd9	EDNA82	5
59a5a7ca5d8cf4ad40b3e9b9d2636cd9	EDNA83	6
59a5a7ca5d8cf4ad40b3e9b9d2636cd9	EDNA84	10
59a5a7ca5d8cf4ad40b3e9b9d2636cd9	EDNA75	1
59a5a7ca5d8cf4ad40b3e9b9d2636cd9	EDNA85	1
59a5a7ca5d8cf4ad40b3e9b9d2636cd9	EDNA67	2
33a6ba2d02fe0a018c062db1c8df7f93	EDNA11	5
33a6ba2d02fe0a018c062db1c8df7f93	EDNA31	25
33a6ba2d02fe0a018c062db1c8df7f93	EDNA14	4
33a6ba2d02fe0a018c062db1c8df7f93	EDNA33	5
f0eb6282d037b4a6c25cbd6a782ace37	MB9	6
f0eb6282d037b4a6c25cbd6a782ace37	EDNA31	5
f0eb6282d037b4a6c25cbd6a782ace37	EDNA22	1
f0eb6282d037b4a6c25cbd6a782ace37	EDNA13	7
f0eb6282d037b4a6c25cbd6a782ace37	EDNA34	12
f0eb6282d037b4a6c25cbd6a782ace37	MB1	8
36cbd5f6d9403ceb67987777b5197f55	EDNA13	3
36cbd5f6d9403ceb67987777b5197f55	MB13	3
36cbd5f6d9403ceb67987777b5197f55	EDNA15	1
36cbd5f6d9403ceb67987777b5197f55	MB24	1
36cbd5f6d9403ceb67987777b5197f55	EDNA62	1
36cbd5f6d9403ceb67987777b5197f55	EDNA45	30
6ec64dfac3ffbf50ef8f4108d0271ef6	EDNA31	10
6ec64dfac3ffbf50ef8f4108d0271ef6	EDNA22	3
6ec64dfac3ffbf50ef8f4108d0271ef6	EDNA13	2
6ec64dfac3ffbf50ef8f4108d0271ef6	EDNA23	1
6ec64dfac3ffbf50ef8f4108d0271ef6	EDNA1	1
6ec64dfac3ffbf50ef8f4108d0271ef6	MB1	1
6ec64dfac3ffbf50ef8f4108d0271ef6	MB2	5
6ec64dfac3ffbf50ef8f4108d0271ef6	EDNA91	1
6ec64dfac3ffbf50ef8f4108d0271ef6	EDNA46	8
6ec64dfac3ffbf50ef8f4108d0271ef6	EDNA7	3
6ec64dfac3ffbf50ef8f4108d0271ef6	EDNA8	3
6ec64dfac3ffbf50ef8f4108d0271ef6	EDNA9	1
0637bf72063919a4939fadd752f57c3d	MB9	1
0637bf72063919a4939fadd752f57c3d	EDNA32	4
0637bf72063919a4939fadd752f57c3d	EDNA33	11
0637bf72063919a4939fadd752f57c3d	EDNA25	20
0637bf72063919a4939fadd752f57c3d	EDNA18	1
0637bf72063919a4939fadd752f57c3d	MB4	2
810fc37f4213906464fc6b938d92b70d	MB13	6
810fc37f4213906464fc6b938d92b70d	EDNA33	15
810fc37f4213906464fc6b938d92b70d	EDNA44	4
810fc37f4213906464fc6b938d92b70d	MB4	6
810fc37f4213906464fc6b938d92b70d	MB6	8
ee19620e4f8c1144c1f3ad173f815df5	EDNA70	5
ee19620e4f8c1144c1f3ad173f815df5	EDNA43	20
ee19620e4f8c1144c1f3ad173f815df5	EDNA45	14
d6c6c36709a5abed536a56ea95e883e2	EDNA43	9
d6c6c36709a5abed536a56ea95e883e2	EDNA45	26
d6c6c36709a5abed536a56ea95e883e2	EDNA48	4
32497caf9f3d6d4b39dd2c0638782a3d	EDNA71	1
32497caf9f3d6d4b39dd2c0638782a3d	EDNA67	27
32497caf9f3d6d4b39dd2c0638782a3d	EDNA68	11
1db9ce0f3bb1aa70627bcda87c824fd5	EDNA81	15
1db9ce0f3bb1aa70627bcda87c824fd5	EDNA75	24
e647c2f93a20fdd87eea067c16157dcf	EDNA11	4
e647c2f93a20fdd87eea067c16157dcf	EDNA12	4
e647c2f93a20fdd87eea067c16157dcf	EDNA31	5
e647c2f93a20fdd87eea067c16157dcf	EDNA13	3
e647c2f93a20fdd87eea067c16157dcf	EDNA32	6
e647c2f93a20fdd87eea067c16157dcf	EDNA1	1
e647c2f93a20fdd87eea067c16157dcf	EDNA15	1
e647c2f93a20fdd87eea067c16157dcf	MB2	1
e647c2f93a20fdd87eea067c16157dcf	EDNA18	2
e647c2f93a20fdd87eea067c16157dcf	MB4	1
e647c2f93a20fdd87eea067c16157dcf	MB6	1
e647c2f93a20fdd87eea067c16157dcf	EDNA8	5
e647c2f93a20fdd87eea067c16157dcf	EDNA10	4
87437f05c0911db282844b4b4a715ab8	EDNA12	3
87437f05c0911db282844b4b4a715ab8	EDNA31	23
87437f05c0911db282844b4b4a715ab8	EDNA32	10
87437f05c0911db282844b4b4a715ab8	EDNA10	2
c245dfd24c8e159f6d84601adbed075f	EDNA31	10
c245dfd24c8e159f6d84601adbed075f	EDNA22	7
c245dfd24c8e159f6d84601adbed075f	EDNA32	2
c245dfd24c8e159f6d84601adbed075f	EDNA23	2
c245dfd24c8e159f6d84601adbed075f	EDNA24	7
c245dfd24c8e159f6d84601adbed075f	EDNA1	1
c245dfd24c8e159f6d84601adbed075f	EDNA91	3
c245dfd24c8e159f6d84601adbed075f	EDNA93	5
c245dfd24c8e159f6d84601adbed075f	MB6	1
6938a627b3757e6015c85fd5487c5be3	EDNA22	1
6938a627b3757e6015c85fd5487c5be3	EDNA23	9
6938a627b3757e6015c85fd5487c5be3	EDNA25	1
6938a627b3757e6015c85fd5487c5be3	EDNA26	3
6938a627b3757e6015c85fd5487c5be3	EDNA27	5
6938a627b3757e6015c85fd5487c5be3	EDNA91	1
6938a627b3757e6015c85fd5487c5be3	EDNA92	2
6938a627b3757e6015c85fd5487c5be3	EDNA93	7
6938a627b3757e6015c85fd5487c5be3	EDNA57	1
6938a627b3757e6015c85fd5487c5be3	EDNA48	8
5eb89cbd925f7c7703f3a4c477cb1893	EDNA40	7
5eb89cbd925f7c7703f3a4c477cb1893	EDNA42	3
5eb89cbd925f7c7703f3a4c477cb1893	EDNA52	2
5eb89cbd925f7c7703f3a4c477cb1893	EDNA43	4
5eb89cbd925f7c7703f3a4c477cb1893	EDNA34	2
5eb89cbd925f7c7703f3a4c477cb1893	EDNA35	2
5eb89cbd925f7c7703f3a4c477cb1893	EDNA45	2
5eb89cbd925f7c7703f3a4c477cb1893	EDNA36	6
5eb89cbd925f7c7703f3a4c477cb1893	EDNA27	7
5eb89cbd925f7c7703f3a4c477cb1893	EDNA91	1
5eb89cbd925f7c7703f3a4c477cb1893	EDNA55	1
5eb89cbd925f7c7703f3a4c477cb1893	EDNA59	1
93031c9769667ede148172061c0aa6f7	EDNA79	3
93031c9769667ede148172061c0aa6f7	EDNA42	10
93031c9769667ede148172061c0aa6f7	EDNA80	21
93031c9769667ede148172061c0aa6f7	EDNA75	4
081d7e17db549339259f436663acab0a	EDNA61	2
081d7e17db549339259f436663acab0a	EDNA43	10
081d7e17db549339259f436663acab0a	EDNA53	2
081d7e17db549339259f436663acab0a	EDNA44	5
081d7e17db549339259f436663acab0a	EDNA45	19
599e6907de993ba10fdcdbdd23e60aa1	EDNA45	14
599e6907de993ba10fdcdbdd23e60aa1	EDNA82	8
599e6907de993ba10fdcdbdd23e60aa1	EDNA83	4
599e6907de993ba10fdcdbdd23e60aa1	EDNA84	2
599e6907de993ba10fdcdbdd23e60aa1	EDNA67	10
1ba47ea4b697784270a78fc1fdb212a0	EDNA70	1
1ba47ea4b697784270a78fc1fdb212a0	EDNA71	20
1ba47ea4b697784270a78fc1fdb212a0	MB18	3
1ba47ea4b697784270a78fc1fdb212a0	EDNA67	14
dc4ddcd5459284cc3dc730f4e38ea931	EDNA69	6
dc4ddcd5459284cc3dc730f4e38ea931	EDNA67	4
dc4ddcd5459284cc3dc730f4e38ea931	EDNA68	28
f75f6043a6080c7deb90e85d0ba7cef9	EDNA80	6
f75f6043a6080c7deb90e85d0ba7cef9	EDNA81	15
f75f6043a6080c7deb90e85d0ba7cef9	EDNA83	5
f75f6043a6080c7deb90e85d0ba7cef9	EDNA84	12
f71b3841f2e03509bef99a60f6e26390	EDNA12	3
f71b3841f2e03509bef99a60f6e26390	EDNA22	3
f71b3841f2e03509bef99a60f6e26390	EDNA13	1
f71b3841f2e03509bef99a60f6e26390	EDNA23	1
f71b3841f2e03509bef99a60f6e26390	EDNA14	2
f71b3841f2e03509bef99a60f6e26390	EDNA1	1
f71b3841f2e03509bef99a60f6e26390	EDNA2	11
f71b3841f2e03509bef99a60f6e26390	EDNA25	1
f71b3841f2e03509bef99a60f6e26390	EDNA16	1
f71b3841f2e03509bef99a60f6e26390	MB1	4
f71b3841f2e03509bef99a60f6e26390	EDNA36	2
f71b3841f2e03509bef99a60f6e26390	EDNA27	3
f71b3841f2e03509bef99a60f6e26390	EDNA18	1
f71b3841f2e03509bef99a60f6e26390	EDNA48	1
f71b3841f2e03509bef99a60f6e26390	EDNA8	1
f71b3841f2e03509bef99a60f6e26390	EDNA10	1
f8bdb3fd261b7b52e1abb305fcd42584	EDNA11	1
f8bdb3fd261b7b52e1abb305fcd42584	EDNA12	1
f8bdb3fd261b7b52e1abb305fcd42584	EDNA31	11
f8bdb3fd261b7b52e1abb305fcd42584	EDNA32	1
f8bdb3fd261b7b52e1abb305fcd42584	EDNA33	1
f8bdb3fd261b7b52e1abb305fcd42584	EDNA61	1
f8bdb3fd261b7b52e1abb305fcd42584	EDNA34	1
f8bdb3fd261b7b52e1abb305fcd42584	EDNA62	1
f8bdb3fd261b7b52e1abb305fcd42584	MB2	8
f8bdb3fd261b7b52e1abb305fcd42584	EDNA27	5
f8bdb3fd261b7b52e1abb305fcd42584	EDNA8	6
4e513e8252d40f30b4375c1cb54504bb	EDNA22	5
4e513e8252d40f30b4375c1cb54504bb	EDNA24	2
4e513e8252d40f30b4375c1cb54504bb	EDNA25	4
4e513e8252d40f30b4375c1cb54504bb	EDNA26	3
4e513e8252d40f30b4375c1cb54504bb	EDNA17	4
4e513e8252d40f30b4375c1cb54504bb	EDNA27	6
4e513e8252d40f30b4375c1cb54504bb	EDNA18	4
4e513e8252d40f30b4375c1cb54504bb	EDNA7	4
4e513e8252d40f30b4375c1cb54504bb	EDNA8	5
f52f3cb8cd008ecf837d79ddbae2be54	EDNA52	3
f52f3cb8cd008ecf837d79ddbae2be54	EDNA44	23
f52f3cb8cd008ecf837d79ddbae2be54	EDNA35	3
f52f3cb8cd008ecf837d79ddbae2be54	EDNA63	1
f52f3cb8cd008ecf837d79ddbae2be54	EDNA58	7
88d5353125cb3657e3a8a990a97c0ef0	EDNA79	1
88d5353125cb3657e3a8a990a97c0ef0	MB21	2
88d5353125cb3657e3a8a990a97c0ef0	EDNA40	10
88d5353125cb3657e3a8a990a97c0ef0	EDNA41	3
88d5353125cb3657e3a8a990a97c0ef0	EDNA80	1
88d5353125cb3657e3a8a990a97c0ef0	EDNA81	3
88d5353125cb3657e3a8a990a97c0ef0	EDNA82	2
88d5353125cb3657e3a8a990a97c0ef0	EDNA83	12
88d5353125cb3657e3a8a990a97c0ef0	EDNA85	3
41dab4c6ccfff6126fe03bdfd2fdd095	EDNA44	34
41dab4c6ccfff6126fe03bdfd2fdd095	EDNA48	3
aa80356d7fddd2afdcf339dcdff65a4a	EDNA79	1
aa80356d7fddd2afdcf339dcdff65a4a	EDNA82	4
aa80356d7fddd2afdcf339dcdff65a4a	EDNA83	16
aa80356d7fddd2afdcf339dcdff65a4a	EDNA93	7
aa80356d7fddd2afdcf339dcdff65a4a	EDNA84	3
aa80356d7fddd2afdcf339dcdff65a4a	EDNA94	2
aa80356d7fddd2afdcf339dcdff65a4a	EDNA85	1
aa80356d7fddd2afdcf339dcdff65a4a	EDNA58	1
aa80356d7fddd2afdcf339dcdff65a4a	EDNA86	2
9523401a0982e317ef45f1b0c8b16baa	EDNA11	2
9523401a0982e317ef45f1b0c8b16baa	EDNA13	4
9523401a0982e317ef45f1b0c8b16baa	EDNA14	3
9523401a0982e317ef45f1b0c8b16baa	EDNA16	7
9523401a0982e317ef45f1b0c8b16baa	EDNA3	4
9523401a0982e317ef45f1b0c8b16baa	EDNA17	2
9523401a0982e317ef45f1b0c8b16baa	EDNA18	5
9523401a0982e317ef45f1b0c8b16baa	MB4	4
9523401a0982e317ef45f1b0c8b16baa	EDNA9	3
9523401a0982e317ef45f1b0c8b16baa	EDNA10	2
e5ff3992a24cba9bb41d8da67e42bf72	EDNA11	5
e5ff3992a24cba9bb41d8da67e42bf72	EDNA24	22
e5ff3992a24cba9bb41d8da67e42bf72	EDNA43	4
e5ff3992a24cba9bb41d8da67e42bf72	EDNA2	5
fd41ba9217defa7534b2284d0862886b	EDNA13	3
fd41ba9217defa7534b2284d0862886b	EDNA62	5
fd41ba9217defa7534b2284d0862886b	EDNA45	16
fd41ba9217defa7534b2284d0862886b	MB4	2
fd41ba9217defa7534b2284d0862886b	EDNA95	10
68562070d79c567384d859abcb36a3b9	EDNA13	2
68562070d79c567384d859abcb36a3b9	EDNA25	12
68562070d79c567384d859abcb36a3b9	EDNA83	9
68562070d79c567384d859abcb36a3b9	EDNA94	1
68562070d79c567384d859abcb36a3b9	EDNA86	12
4ca8fc84a96040647d35e7e4536b7193	MB9	1
4ca8fc84a96040647d35e7e4536b7193	EDNA22	3
4ca8fc84a96040647d35e7e4536b7193	EDNA14	2
4ca8fc84a96040647d35e7e4536b7193	EDNA33	5
4ca8fc84a96040647d35e7e4536b7193	EDNA53	1
4ca8fc84a96040647d35e7e4536b7193	EDNA45	22
4ca8fc84a96040647d35e7e4536b7193	EDNA94	2
e365f0d95c023764556f23e01c5aa55f	MB11	4
e365f0d95c023764556f23e01c5aa55f	EDNA31	5
e365f0d95c023764556f23e01c5aa55f	EDNA99	1
e365f0d95c023764556f23e01c5aa55f	EDNA32	4
e365f0d95c023764556f23e01c5aa55f	EDNA15	2
e365f0d95c023764556f23e01c5aa55f	EDNA26	4
e365f0d95c023764556f23e01c5aa55f	EDNA45	16
562d41a8247a00067606e40cad217958	EDNA15	1
562d41a8247a00067606e40cad217958	EDNA70	11
562d41a8247a00067606e40cad217958	EDNA73	16
562d41a8247a00067606e40cad217958	EDNA83	8
323bf1538c7f9854773240be01c4fd0b	EDNA69	9
323bf1538c7f9854773240be01c4fd0b	EDNA34	9
323bf1538c7f9854773240be01c4fd0b	EDNA17	1
323bf1538c7f9854773240be01c4fd0b	EDNA92	5
323bf1538c7f9854773240be01c4fd0b	EDNA67	12
015728964f600680a142183b7d948c79	EDNA96	2
015728964f600680a142183b7d948c79	EDNA33	2
015728964f600680a142183b7d948c79	EDNA27	13
015728964f600680a142183b7d948c79	EDNA74	14
015728964f600680a142183b7d948c79	EDNA93	2
015728964f600680a142183b7d948c79	EDNA75	1
015728964f600680a142183b7d948c79	EDNA94	1
015728964f600680a142183b7d948c79	EDNA95	1
4ba7c99a6025de87501a3ddcbcbc9a4a	MB11	7
4ba7c99a6025de87501a3ddcbcbc9a4a	MB13	7
4ba7c99a6025de87501a3ddcbcbc9a4a	EDNA32	10
4ba7c99a6025de87501a3ddcbcbc9a4a	EDNA43	3
4ba7c99a6025de87501a3ddcbcbc9a4a	EDNA44	8
4ba7c99a6025de87501a3ddcbcbc9a4a	EDNA48	1
a7086c6d7cc78bad3834959fef92c5e1	EDNA42	1
a7086c6d7cc78bad3834959fef92c5e1	EDNA61	1
a7086c6d7cc78bad3834959fef92c5e1	EDNA43	1
a7086c6d7cc78bad3834959fef92c5e1	EDNA44	10
a7086c6d7cc78bad3834959fef92c5e1	EDNA54	1
a7086c6d7cc78bad3834959fef92c5e1	EDNA45	20
a7086c6d7cc78bad3834959fef92c5e1	EDNA46	2
3a41ca8d78faa36d3aabafd9111d97ea	EDNA69	8
3a41ca8d78faa36d3aabafd9111d97ea	MB21	1
3a41ca8d78faa36d3aabafd9111d97ea	EDNA70	12
3a41ca8d78faa36d3aabafd9111d97ea	EDNA71	10
3a41ca8d78faa36d3aabafd9111d97ea	EDNA45	5
7456983b85f5a616a349c132efa25ee8	EDNA14	18
7456983b85f5a616a349c132efa25ee8	MB24	17
beb170419a80e2dc81dea36b360c8096	EDNA61	8
beb170419a80e2dc81dea36b360c8096	EDNA16	1
beb170419a80e2dc81dea36b360c8096	EDNA63	1
beb170419a80e2dc81dea36b360c8096	EDNA92	8
beb170419a80e2dc81dea36b360c8096	EDNA9	17
ec546e3d8b2498a2e23ddaf9414c29aa	EDNA17	2
ec546e3d8b2498a2e23ddaf9414c29aa	EDNA18	3
ec546e3d8b2498a2e23ddaf9414c29aa	EDNA7	14
ec546e3d8b2498a2e23ddaf9414c29aa	EDNA8	5
ec546e3d8b2498a2e23ddaf9414c29aa	EDNA9	11
7fbc7c86f794d30591660dfe1b34c690	MB15	1
7fbc7c86f794d30591660dfe1b34c690	EDNA44	18
7fbc7c86f794d30591660dfe1b34c690	EDNA54	1
7fbc7c86f794d30591660dfe1b34c690	EDNA45	15
2bb3300eeea4a52d3dd5acf4d693d88e	MB12	2
2bb3300eeea4a52d3dd5acf4d693d88e	EDNA44	15
2bb3300eeea4a52d3dd5acf4d693d88e	EDNA45	6
2bb3300eeea4a52d3dd5acf4d693d88e	EDNA47	5
2bb3300eeea4a52d3dd5acf4d693d88e	EDNA48	5
2bb3300eeea4a52d3dd5acf4d693d88e	EDNA59	2
9b11c8e9d122d869872a73049fdc16d9	EDNA69	2
9b11c8e9d122d869872a73049fdc16d9	EDNA71	6
9b11c8e9d122d869872a73049fdc16d9	MB17	7
9b11c8e9d122d869872a73049fdc16d9	EDNA67	8
9b11c8e9d122d869872a73049fdc16d9	EDNA68	12
481b7a599de849264fa10612f6513765	EDNA82	3
481b7a599de849264fa10612f6513765	EDNA92	2
481b7a599de849264fa10612f6513765	EDNA83	17
481b7a599de849264fa10612f6513765	EDNA74	7
481b7a599de849264fa10612f6513765	EDNA68	6
220a5670e1c94a8514e51c9709b509c2	EDNA69	20
220a5670e1c94a8514e51c9709b509c2	MB17	4
220a5670e1c94a8514e51c9709b509c2	MB18	11
e6315b1e03a9d4633f47ea0c607220ee	EDNA98	9
e6315b1e03a9d4633f47ea0c607220ee	EDNA70	26
2652407086608ad406823e1a8d6e0f1a	EDNA73	18
2652407086608ad406823e1a8d6e0f1a	EDNA74	17
75f87bcd6e4bb2dae66fdb18a7845b9b	EDNA22	4
75f87bcd6e4bb2dae66fdb18a7845b9b	MB13	3
75f87bcd6e4bb2dae66fdb18a7845b9b	EDNA32	1
75f87bcd6e4bb2dae66fdb18a7845b9b	EDNA23	2
75f87bcd6e4bb2dae66fdb18a7845b9b	EDNA43	4
75f87bcd6e4bb2dae66fdb18a7845b9b	EDNA16	1
75f87bcd6e4bb2dae66fdb18a7845b9b	EDNA80	1
75f87bcd6e4bb2dae66fdb18a7845b9b	EDNA3	1
75f87bcd6e4bb2dae66fdb18a7845b9b	EDNA45	14
75f87bcd6e4bb2dae66fdb18a7845b9b	EDNA58	3
a38b7873f691c3c00be2fff8bddf50c6	MB11	14
a38b7873f691c3c00be2fff8bddf50c6	EDNA22	17
a38b7873f691c3c00be2fff8bddf50c6	MB2	3
ad1e01ddff9b3aa9117ccd2ad99940af	EDNA97	2
ad1e01ddff9b3aa9117ccd2ad99940af	EDNA99	3
ad1e01ddff9b3aa9117ccd2ad99940af	EDNA2	5
ad1e01ddff9b3aa9117ccd2ad99940af	EDNA63	4
ad1e01ddff9b3aa9117ccd2ad99940af	EDNA45	18
ad1e01ddff9b3aa9117ccd2ad99940af	EDNA47	2
e8b02450f5198b9cf4f19c1923a8dd11	EDNA31	27
e8b02450f5198b9cf4f19c1923a8dd11	EDNA61	7
27253e77b7e28dadbbf2eb77da7db221	EDNA87	3
27253e77b7e28dadbbf2eb77da7db221	EDNA69	2
27253e77b7e28dadbbf2eb77da7db221	EDNA71	2
27253e77b7e28dadbbf2eb77da7db221	EDNA82	2
27253e77b7e28dadbbf2eb77da7db221	EDNA83	12
27253e77b7e28dadbbf2eb77da7db221	EDNA84	9
27253e77b7e28dadbbf2eb77da7db221	EDNA67	1
27253e77b7e28dadbbf2eb77da7db221	EDNA68	3
d4cf67fdae32623758735d2a73067bad	MB19	10
d4cf67fdae32623758735d2a73067bad	EDNA83	19
d4cf67fdae32623758735d2a73067bad	EDNA84	5
375224673367eeda5eb72db43914b3c4	EDNA12	4
375224673367eeda5eb72db43914b3c4	EDNA22	2
375224673367eeda5eb72db43914b3c4	EDNA32	1
375224673367eeda5eb72db43914b3c4	EDNA33	3
375224673367eeda5eb72db43914b3c4	EDNA15	3
375224673367eeda5eb72db43914b3c4	EDNA16	3
375224673367eeda5eb72db43914b3c4	MB2	1
375224673367eeda5eb72db43914b3c4	EDNA18	3
375224673367eeda5eb72db43914b3c4	MB4	4
375224673367eeda5eb72db43914b3c4	EDNA92	3
375224673367eeda5eb72db43914b3c4	EDNA7	1
375224673367eeda5eb72db43914b3c4	MB6	3
375224673367eeda5eb72db43914b3c4	EDNA8	2
3dd88ba6522e23cbd2ebcdac1a219b8e	EDNA12	1
3dd88ba6522e23cbd2ebcdac1a219b8e	EDNA13	1
3dd88ba6522e23cbd2ebcdac1a219b8e	EDNA24	4
3dd88ba6522e23cbd2ebcdac1a219b8e	EDNA15	1
3dd88ba6522e23cbd2ebcdac1a219b8e	EDNA61	1
3dd88ba6522e23cbd2ebcdac1a219b8e	EDNA34	2
3dd88ba6522e23cbd2ebcdac1a219b8e	EDNA16	2
3dd88ba6522e23cbd2ebcdac1a219b8e	EDNA71	1
3dd88ba6522e23cbd2ebcdac1a219b8e	EDNA44	1
3dd88ba6522e23cbd2ebcdac1a219b8e	EDNA17	1
3dd88ba6522e23cbd2ebcdac1a219b8e	EDNA63	1
3dd88ba6522e23cbd2ebcdac1a219b8e	EDNA27	7
3dd88ba6522e23cbd2ebcdac1a219b8e	EDNA18	1
3dd88ba6522e23cbd2ebcdac1a219b8e	EDNA47	7
3dd88ba6522e23cbd2ebcdac1a219b8e	EDNA8	2
9608af3f0d307a7a5bc98d35c5c1ebee	EDNA12	1
9608af3f0d307a7a5bc98d35c5c1ebee	EDNA16	2
9608af3f0d307a7a5bc98d35c5c1ebee	EDNA35	18
9608af3f0d307a7a5bc98d35c5c1ebee	EDNA45	8
9608af3f0d307a7a5bc98d35c5c1ebee	EDNA18	2
9608af3f0d307a7a5bc98d35c5c1ebee	EDNA7	1
9608af3f0d307a7a5bc98d35c5c1ebee	EDNA57	1
b3a30da660dd8316d8e6a411aa9120bc	EDNA22	9
b3a30da660dd8316d8e6a411aa9120bc	EDNA13	1
b3a30da660dd8316d8e6a411aa9120bc	EDNA17	3
b3a30da660dd8316d8e6a411aa9120bc	EDNA36	20
9a1986279796b62b850c2b8b03e8f26a	EDNA22	8
9a1986279796b62b850c2b8b03e8f26a	EDNA32	6
9a1986279796b62b850c2b8b03e8f26a	EDNA24	5
9a1986279796b62b850c2b8b03e8f26a	EDNA1	1
9a1986279796b62b850c2b8b03e8f26a	EDNA25	9
9a1986279796b62b850c2b8b03e8f26a	EDNA18	3
9a1986279796b62b850c2b8b03e8f26a	EDNA92	1
38705a6d45075efac46e44d6e6ef5453	EDNA31	13
38705a6d45075efac46e44d6e6ef5453	MB13	3
38705a6d45075efac46e44d6e6ef5453	EDNA44	9
38705a6d45075efac46e44d6e6ef5453	EDNA45	1
38705a6d45075efac46e44d6e6ef5453	EDNA47	4
38705a6d45075efac46e44d6e6ef5453	EDNA59	3
911804288fc728cd78954a2e47ac5031	EDNA43	13
911804288fc728cd78954a2e47ac5031	EDNA44	15
911804288fc728cd78954a2e47ac5031	EDNA67	4
911804288fc728cd78954a2e47ac5031	EDNA95	1
12943594def0456919ed7e4e70aee352	EDNA96	3
12943594def0456919ed7e4e70aee352	EDNA79	6
12943594def0456919ed7e4e70aee352	EDNA44	1
12943594def0456919ed7e4e70aee352	EDNA45	11
12943594def0456919ed7e4e70aee352	EDNA82	8
12943594def0456919ed7e4e70aee352	EDNA94	4
13c4fab0d5a7a9b6a9536f71b712823c	EDNA79	3
13c4fab0d5a7a9b6a9536f71b712823c	EDNA70	30
b64b2e3ff9d616fc94e2077ad9e90e05	EDNA70	17
b64b2e3ff9d616fc94e2077ad9e90e05	EDNA71	16
97624a05d2b54b51a2038ac118b9d68e	EDNA79	4
97624a05d2b54b51a2038ac118b9d68e	EDNA80	7
97624a05d2b54b51a2038ac118b9d68e	EDNA81	17
97624a05d2b54b51a2038ac118b9d68e	EDNA74	3
97624a05d2b54b51a2038ac118b9d68e	EDNA86	2
ed2045826d2046a3e8806162f7842b6b	EDNA83	5
ed2045826d2046a3e8806162f7842b6b	EDNA84	28
97b4d817c0f051dfcec4f26f5726963a	EDNA11	19
97b4d817c0f051dfcec4f26f5726963a	EDNA18	8
97b4d817c0f051dfcec4f26f5726963a	EDNA9	5
573a48e246697863bae97376c0703ac5	MB9	1
573a48e246697863bae97376c0703ac5	EDNA15	4
573a48e246697863bae97376c0703ac5	EDNA43	22
573a48e246697863bae97376c0703ac5	EDNA62	3
573a48e246697863bae97376c0703ac5	EDNA63	1
573a48e246697863bae97376c0703ac5	MB4	1
78aac7496e8542cdf98a8faec56237c9	MB8	15
78aac7496e8542cdf98a8faec56237c9	MB23	3
78aac7496e8542cdf98a8faec56237c9	EDNA1	11
78aac7496e8542cdf98a8faec56237c9	EDNA27	3
20ed6b3b050a9038faf2319a286eee73	EDNA43	11
20ed6b3b050a9038faf2319a286eee73	EDNA75	21
cbb0085e265fe3b288bdacc5b5e1e321	EDNA69	4
cbb0085e265fe3b288bdacc5b5e1e321	EDNA71	3
cbb0085e265fe3b288bdacc5b5e1e321	EDNA67	7
cbb0085e265fe3b288bdacc5b5e1e321	EDNA68	18
cab30979fd053273b146fd153ea40efe	MB17	26
cab30979fd053273b146fd153ea40efe	EDNA67	6
b3f372b690a09bcf8a623151af709d30	MB8	10
b3f372b690a09bcf8a623151af709d30	MB2	22
5f0048fc7cc154afb180af877b37f78d	EDNA11	11
5f0048fc7cc154afb180af877b37f78d	EDNA12	7
5f0048fc7cc154afb180af877b37f78d	EDNA31	2
5f0048fc7cc154afb180af877b37f78d	EDNA32	2
5f0048fc7cc154afb180af877b37f78d	EDNA14	3
5f0048fc7cc154afb180af877b37f78d	EDNA53	1
5f0048fc7cc154afb180af877b37f78d	EDNA10	5
690f1b56795afad3213edcc9dab17387	EDNA80	6
690f1b56795afad3213edcc9dab17387	EDNA3	10
690f1b56795afad3213edcc9dab17387	EDNA81	12
690f1b56795afad3213edcc9dab17387	EDNA10	3
7ed2339bdf4fb43c91da6d58cfbc28da	MB9	1
7ed2339bdf4fb43c91da6d58cfbc28da	EDNA97	2
7ed2339bdf4fb43c91da6d58cfbc28da	EDNA31	3
7ed2339bdf4fb43c91da6d58cfbc28da	EDNA41	2
7ed2339bdf4fb43c91da6d58cfbc28da	EDNA23	3
7ed2339bdf4fb43c91da6d58cfbc28da	MB14	1
7ed2339bdf4fb43c91da6d58cfbc28da	EDNA33	5
7ed2339bdf4fb43c91da6d58cfbc28da	MB15	2
7ed2339bdf4fb43c91da6d58cfbc28da	EDNA16	1
7ed2339bdf4fb43c91da6d58cfbc28da	MB16	4
7ed2339bdf4fb43c91da6d58cfbc28da	MB3	2
7ed2339bdf4fb43c91da6d58cfbc28da	MB6	3
7ed2339bdf4fb43c91da6d58cfbc28da	EDNA9	1
7ed2339bdf4fb43c91da6d58cfbc28da	EDNA10	1
e4435cd07c3769cb273e09158e987b46	EDNA13	1
e4435cd07c3769cb273e09158e987b46	MB13	1
e4435cd07c3769cb273e09158e987b46	EDNA41	5
e4435cd07c3769cb273e09158e987b46	EDNA52	2
e4435cd07c3769cb273e09158e987b46	EDNA43	3
e4435cd07c3769cb273e09158e987b46	EDNA36	5
e4435cd07c3769cb273e09158e987b46	EDNA46	4
e4435cd07c3769cb273e09158e987b46	EDNA7	2
e4435cd07c3769cb273e09158e987b46	EDNA48	6
e4435cd07c3769cb273e09158e987b46	EDNA58	2
9c3a438d581c2c74c9da458b7ad505e3	EDNA14	2
9c3a438d581c2c74c9da458b7ad505e3	EDNA1	6
9c3a438d581c2c74c9da458b7ad505e3	EDNA15	2
9c3a438d581c2c74c9da458b7ad505e3	EDNA2	11
9c3a438d581c2c74c9da458b7ad505e3	EDNA17	4
9c3a438d581c2c74c9da458b7ad505e3	EDNA9	6
93a4b3170b1d7c41851aa43d3598c492	EDNA24	6
93a4b3170b1d7c41851aa43d3598c492	EDNA27	25
000117e0973fe0a1f6cbcd1d42cb412c	EDNA31	11
000117e0973fe0a1f6cbcd1d42cb412c	EDNA44	17
000117e0973fe0a1f6cbcd1d42cb412c	EDNA56	3
145c76b5f2ba4714616ebf31ad169059	EDNA43	8
145c76b5f2ba4714616ebf31ad169059	EDNA36	23
74c876793cc3316b906986136f8b201f	EDNA87	2
74c876793cc3316b906986136f8b201f	EDNA41	1
74c876793cc3316b906986136f8b201f	EDNA42	3
74c876793cc3316b906986136f8b201f	EDNA53	1
74c876793cc3316b906986136f8b201f	EDNA91	1
74c876793cc3316b906986136f8b201f	EDNA82	3
74c876793cc3316b906986136f8b201f	EDNA74	1
74c876793cc3316b906986136f8b201f	EDNA93	12
74c876793cc3316b906986136f8b201f	EDNA94	5
74c876793cc3316b906986136f8b201f	EDNA67	2
c4c8d5204a75f4183441cb08b7636cd3	EDNA44	15
c4c8d5204a75f4183441cb08b7636cd3	MB19	4
c4c8d5204a75f4183441cb08b7636cd3	EDNA75	12
ba86d32d47f6576a3f0e2c19e4c800a4	EDNA87	1
ba86d32d47f6576a3f0e2c19e4c800a4	EDNA44	7
ba86d32d47f6576a3f0e2c19e4c800a4	EDNA45	22
ba86d32d47f6576a3f0e2c19e4c800a4	EDNA59	1
52f7c77df41782dff02402245b020fb4	EDNA69	6
52f7c77df41782dff02402245b020fb4	EDNA79	4
52f7c77df41782dff02402245b020fb4	EDNA67	21
9cbbe519e935ba6a199f4a13862cc5bd	EDNA69	1
9cbbe519e935ba6a199f4a13862cc5bd	MB22	1
9cbbe519e935ba6a199f4a13862cc5bd	EDNA83	2
9cbbe519e935ba6a199f4a13862cc5bd	EDNA75	24
9cbbe519e935ba6a199f4a13862cc5bd	EDNA85	3
cc46851360fa99102ad24339fa5f43d7	EDNA74	4
cc46851360fa99102ad24339fa5f43d7	EDNA75	27
afe6c5f7d0b64f467b079cbd89971198	EDNA11	2
afe6c5f7d0b64f467b079cbd89971198	EDNA12	2
afe6c5f7d0b64f467b079cbd89971198	EDNA31	5
afe6c5f7d0b64f467b079cbd89971198	EDNA13	4
afe6c5f7d0b64f467b079cbd89971198	EDNA32	3
afe6c5f7d0b64f467b079cbd89971198	EDNA15	1
afe6c5f7d0b64f467b079cbd89971198	EDNA2	10
afe6c5f7d0b64f467b079cbd89971198	EDNA17	2
afe6c5f7d0b64f467b079cbd89971198	EDNA8	1
6ac8d7cdeee278fd2316de4dcf1e8a3f	EDNA97	1
6ac8d7cdeee278fd2316de4dcf1e8a3f	EDNA13	1
6ac8d7cdeee278fd2316de4dcf1e8a3f	EDNA32	1
6ac8d7cdeee278fd2316de4dcf1e8a3f	EDNA14	2
6ac8d7cdeee278fd2316de4dcf1e8a3f	EDNA42	7
6ac8d7cdeee278fd2316de4dcf1e8a3f	EDNA25	1
6ac8d7cdeee278fd2316de4dcf1e8a3f	EDNA27	3
6ac8d7cdeee278fd2316de4dcf1e8a3f	EDNA91	6
6ac8d7cdeee278fd2316de4dcf1e8a3f	EDNA93	7
6ac8d7cdeee278fd2316de4dcf1e8a3f	EDNA8	1
a4fe45d376abd935940507a993f38178	MB11	1
a4fe45d376abd935940507a993f38178	EDNA31	13
a4fe45d376abd935940507a993f38178	MB1	1
a4fe45d376abd935940507a993f38178	EDNA44	1
a4fe45d376abd935940507a993f38178	EDNA26	3
a4fe45d376abd935940507a993f38178	EDNA93	9
a4fe45d376abd935940507a993f38178	EDNA84	1
a4fe45d376abd935940507a993f38178	EDNA95	1
477236f74a31a87df65534fd7e953765	MB13	1
477236f74a31a87df65534fd7e953765	EDNA43	1
477236f74a31a87df65534fd7e953765	EDNA44	14
477236f74a31a87df65534fd7e953765	EDNA45	14
243b8e8ffcbedc04ad58198f2fe354ba	EDNA69	6
243b8e8ffcbedc04ad58198f2fe354ba	EDNA71	3
243b8e8ffcbedc04ad58198f2fe354ba	EDNA45	21
acdf97876375ede8e2b57113c96fa272	EDNA69	9
acdf97876375ede8e2b57113c96fa272	EDNA67	21
407844edadcdefdc83fa8be3c06bc990	EDNA69	8
407844edadcdefdc83fa8be3c06bc990	EDNA74	14
407844edadcdefdc83fa8be3c06bc990	EDNA68	8
d21124ec2e1259bcccde78dacb4ce6e5	EDNA81	3
d21124ec2e1259bcccde78dacb4ce6e5	EDNA82	9
d21124ec2e1259bcccde78dacb4ce6e5	EDNA83	13
d21124ec2e1259bcccde78dacb4ce6e5	EDNA84	5
d34b02060861b43e73f085c33fcc04d3	EDNA31	1
d34b02060861b43e73f085c33fcc04d3	EDNA22	1
d34b02060861b43e73f085c33fcc04d3	EDNA32	2
d34b02060861b43e73f085c33fcc04d3	EDNA16	1
d34b02060861b43e73f085c33fcc04d3	EDNA17	2
d34b02060861b43e73f085c33fcc04d3	MB2	3
d34b02060861b43e73f085c33fcc04d3	EDNA45	7
d34b02060861b43e73f085c33fcc04d3	EDNA18	5
d34b02060861b43e73f085c33fcc04d3	EDNA7	2
d34b02060861b43e73f085c33fcc04d3	EDNA8	2
d34b02060861b43e73f085c33fcc04d3	EDNA9	2
d34b02060861b43e73f085c33fcc04d3	EDNA10	1
47f30d6691e7a83e33f2b9f6314f874f	EDNA11	2
47f30d6691e7a83e33f2b9f6314f874f	EDNA12	3
47f30d6691e7a83e33f2b9f6314f874f	EDNA2	8
47f30d6691e7a83e33f2b9f6314f874f	EDNA3	13
47f30d6691e7a83e33f2b9f6314f874f	EDNA18	2
47f30d6691e7a83e33f2b9f6314f874f	EDNA8	1
9265be6c300a95e00d1a75e82bcf30c4	EDNA1	15
9265be6c300a95e00d1a75e82bcf30c4	MB1	7
9265be6c300a95e00d1a75e82bcf30c4	MB18	7
8de5691ca9a9819f8da541c751436f61	MB8	1
8de5691ca9a9819f8da541c751436f61	EDNA99	7
8de5691ca9a9819f8da541c751436f61	EDNA60	3
8de5691ca9a9819f8da541c751436f61	EDNA1	8
8de5691ca9a9819f8da541c751436f61	EDNA52	4
8de5691ca9a9819f8da541c751436f61	MB1	5
8de5691ca9a9819f8da541c751436f61	EDNA56	1
db5d143ad2c394a873893cb881ace9cd	EDNA97	1
db5d143ad2c394a873893cb881ace9cd	EDNA31	17
db5d143ad2c394a873893cb881ace9cd	EDNA32	10
db5d143ad2c394a873893cb881ace9cd	EDNA8	1
e608b78c1f04a463900e2aaac20c4088	EDNA40	16
e608b78c1f04a463900e2aaac20c4088	EDNA44	6
e608b78c1f04a463900e2aaac20c4088	EDNA54	1
e608b78c1f04a463900e2aaac20c4088	EDNA55	2
e608b78c1f04a463900e2aaac20c4088	EDNA92	3
e608b78c1f04a463900e2aaac20c4088	EDNA56	1
e0c136d5784fab3099607e4c4e1beaeb	EDNA69	3
e0c136d5784fab3099607e4c4e1beaeb	EDNA70	4
e0c136d5784fab3099607e4c4e1beaeb	EDNA73	2
e0c136d5784fab3099607e4c4e1beaeb	EDNA67	20
cc41ec237f7c4197bbe4428b4e6a086e	EDNA69	15
cc41ec237f7c4197bbe4428b4e6a086e	EDNA67	3
cc41ec237f7c4197bbe4428b4e6a086e	EDNA68	11
f85349993d3e06db7bc41d997db9d71d	MB14	3
f85349993d3e06db7bc41d997db9d71d	MB4	6
f85349993d3e06db7bc41d997db9d71d	MB7	20
8451c4435a30130ce043d309ac8f0acb	EDNA40	1
8451c4435a30130ce043d309ac8f0acb	EDNA31	2
8451c4435a30130ce043d309ac8f0acb	EDNA33	2
8451c4435a30130ce043d309ac8f0acb	EDNA15	1
8451c4435a30130ce043d309ac8f0acb	EDNA25	10
8451c4435a30130ce043d309ac8f0acb	EDNA7	2
8451c4435a30130ce043d309ac8f0acb	EDNA48	1
8451c4435a30130ce043d309ac8f0acb	EDNA8	5
8451c4435a30130ce043d309ac8f0acb	EDNA9	4
bca626f544d3943f4631a238dc732a71	MB13	2
bca626f544d3943f4631a238dc732a71	MB24	4
bca626f544d3943f4631a238dc732a71	EDNA43	16
bca626f544d3943f4631a238dc732a71	EDNA25	3
bca626f544d3943f4631a238dc732a71	EDNA55	2
bca626f544d3943f4631a238dc732a71	EDNA93	1
52fea6f4a44d464220a43f9518b62b17	EDNA43	4
52fea6f4a44d464220a43f9518b62b17	EDNA44	6
52fea6f4a44d464220a43f9518b62b17	EDNA45	12
52fea6f4a44d464220a43f9518b62b17	EDNA55	6
0946efe1b6a2439da7f52c74d16ec90c	MB11	8
0946efe1b6a2439da7f52c74d16ec90c	EDNA97	2
0946efe1b6a2439da7f52c74d16ec90c	MB13	1
0946efe1b6a2439da7f52c74d16ec90c	EDNA99	1
0946efe1b6a2439da7f52c74d16ec90c	EDNA52	1
0946efe1b6a2439da7f52c74d16ec90c	EDNA44	2
0946efe1b6a2439da7f52c74d16ec90c	EDNA63	3
0946efe1b6a2439da7f52c74d16ec90c	EDNA45	4
0946efe1b6a2439da7f52c74d16ec90c	MB4	1
0946efe1b6a2439da7f52c74d16ec90c	EDNA92	1
0946efe1b6a2439da7f52c74d16ec90c	EDNA93	2
0946efe1b6a2439da7f52c74d16ec90c	EDNA58	1
0946efe1b6a2439da7f52c74d16ec90c	EDNA59	1
aec521a70a5f47dba07cbfefca759f10	EDNA45	3
aec521a70a5f47dba07cbfefca759f10	EDNA82	18
aec521a70a5f47dba07cbfefca759f10	EDNA83	5
aec521a70a5f47dba07cbfefca759f10	EDNA84	2
2e73952112fc923c32e102a074f2a8a1	EDNA97	1
2e73952112fc923c32e102a074f2a8a1	MB25	15
2e73952112fc923c32e102a074f2a8a1	EDNA48	1
2e73952112fc923c32e102a074f2a8a1	MB6	4
2e73952112fc923c32e102a074f2a8a1	EDNA85	3
2e73952112fc923c32e102a074f2a8a1	MB7	4
95278100c00d8947cb1d1442ef623933	EDNA71	24
95278100c00d8947cb1d1442ef623933	EDNA67	4
2e1250dbdb1a373279b8458d3e88135b	MB11	1
2e1250dbdb1a373279b8458d3e88135b	EDNA3	9
2e1250dbdb1a373279b8458d3e88135b	EDNA8	3
2e1250dbdb1a373279b8458d3e88135b	EDNA9	10
2e1250dbdb1a373279b8458d3e88135b	EDNA10	4
a5d015c8d6c3551f1923f2cc1bde8bd3	EDNA11	4
a5d015c8d6c3551f1923f2cc1bde8bd3	EDNA12	2
a5d015c8d6c3551f1923f2cc1bde8bd3	EDNA31	6
a5d015c8d6c3551f1923f2cc1bde8bd3	EDNA22	1
a5d015c8d6c3551f1923f2cc1bde8bd3	EDNA23	4
a5d015c8d6c3551f1923f2cc1bde8bd3	EDNA33	1
a5d015c8d6c3551f1923f2cc1bde8bd3	EDNA2	1
a5d015c8d6c3551f1923f2cc1bde8bd3	EDNA3	2
a5d015c8d6c3551f1923f2cc1bde8bd3	EDNA26	1
a5d015c8d6c3551f1923f2cc1bde8bd3	EDNA27	4
a5d015c8d6c3551f1923f2cc1bde8bd3	EDNA10	1
1bba0d26dcaefaabbd190620c53af6dd	EDNA11	3
1bba0d26dcaefaabbd190620c53af6dd	EDNA17	4
1bba0d26dcaefaabbd190620c53af6dd	EDNA18	1
1bba0d26dcaefaabbd190620c53af6dd	EDNA75	19
af1952961d3596083af2724d4ea1152d	MB11	4
af1952961d3596083af2724d4ea1152d	EDNA13	1
af1952961d3596083af2724d4ea1152d	EDNA33	2
af1952961d3596083af2724d4ea1152d	EDNA24	1
af1952961d3596083af2724d4ea1152d	EDNA61	1
af1952961d3596083af2724d4ea1152d	EDNA52	1
af1952961d3596083af2724d4ea1152d	EDNA26	1
af1952961d3596083af2724d4ea1152d	EDNA17	2
af1952961d3596083af2724d4ea1152d	MB2	3
af1952961d3596083af2724d4ea1152d	MB4	2
af1952961d3596083af2724d4ea1152d	EDNA48	4
af1952961d3596083af2724d4ea1152d	EDNA9	5
d647f990cd5e791a84c71e7c5c78acb0	EDNA31	2
d647f990cd5e791a84c71e7c5c78acb0	EDNA14	3
d647f990cd5e791a84c71e7c5c78acb0	EDNA16	10
d647f990cd5e791a84c71e7c5c78acb0	EDNA7	2
d647f990cd5e791a84c71e7c5c78acb0	EDNA8	10
a7053cfff04cbe5226a7542d3a3efc74	EDNA15	2
a7053cfff04cbe5226a7542d3a3efc74	EDNA70	20
a7053cfff04cbe5226a7542d3a3efc74	EDNA56	2
a7053cfff04cbe5226a7542d3a3efc74	EDNA94	3
35155bb133eea9179aa2210bfdc4c841	EDNA32	3
35155bb133eea9179aa2210bfdc4c841	EDNA33	3
35155bb133eea9179aa2210bfdc4c841	EDNA2	1
35155bb133eea9179aa2210bfdc4c841	EDNA16	2
35155bb133eea9179aa2210bfdc4c841	EDNA80	15
35155bb133eea9179aa2210bfdc4c841	EDNA9	3
3cbdeddca5451dc797c5f53b1c88baaf	EDNA24	12
3cbdeddca5451dc797c5f53b1c88baaf	EDNA70	14
3cbdeddca5451dc797c5f53b1c88baaf	EDNA16	1
3bf8c1ec017945187a84631dcaebc11c	EDNA32	5
3bf8c1ec017945187a84631dcaebc11c	EDNA43	8
3bf8c1ec017945187a84631dcaebc11c	EDNA44	9
3bf8c1ec017945187a84631dcaebc11c	EDNA39	1
3bf8c1ec017945187a84631dcaebc11c	EDNA94	3
3bf8c1ec017945187a84631dcaebc11c	EDNA58	1
d72fef0474a88b48db9aaea9bbfa7f6e	EDNA40	2
d72fef0474a88b48db9aaea9bbfa7f6e	MB13	3
d72fef0474a88b48db9aaea9bbfa7f6e	EDNA42	22
1c4bca30824d62618990a2b7fbcc0d9b	EDNA43	5
1c4bca30824d62618990a2b7fbcc0d9b	EDNA44	12
1c4bca30824d62618990a2b7fbcc0d9b	EDNA45	10
c62a6c47f2cf3756a4e073d4d9e77299	EDNA70	11
c62a6c47f2cf3756a4e073d4d9e77299	EDNA71	7
c62a6c47f2cf3756a4e073d4d9e77299	EDNA73	1
c62a6c47f2cf3756a4e073d4d9e77299	EDNA67	2
c62a6c47f2cf3756a4e073d4d9e77299	EDNA68	6
dab22c5bea1efc607c403adafd086ce1	EDNA11	9
dab22c5bea1efc607c403adafd086ce1	MB4	7
dab22c5bea1efc607c403adafd086ce1	MB6	10
4d541e71e1f2a4dd423ccbd5abf90c12	EDNA12	7
4d541e71e1f2a4dd423ccbd5abf90c12	MB2	19
f7ff1adcf101eee3330b19929da78191	EDNA13	6
f7ff1adcf101eee3330b19929da78191	EDNA75	20
50db82dc38293d69c8235b1b67a6d42b	EDNA31	2
50db82dc38293d69c8235b1b67a6d42b	EDNA14	7
50db82dc38293d69c8235b1b67a6d42b	EDNA33	17
151e645c4ade16d7a1e20581a764a34e	EDNA97	7
151e645c4ade16d7a1e20581a764a34e	EDNA14	6
151e645c4ade16d7a1e20581a764a34e	EDNA16	3
151e645c4ade16d7a1e20581a764a34e	EDNA44	7
151e645c4ade16d7a1e20581a764a34e	MB4	1
151e645c4ade16d7a1e20581a764a34e	EDNA9	2
3ff98a1dd14d97d24a6b4838f1c4efb8	EDNA96	3
3ff98a1dd14d97d24a6b4838f1c4efb8	EDNA98	3
3ff98a1dd14d97d24a6b4838f1c4efb8	EDNA33	2
3ff98a1dd14d97d24a6b4838f1c4efb8	EDNA15	1
3ff98a1dd14d97d24a6b4838f1c4efb8	EDNA16	1
3ff98a1dd14d97d24a6b4838f1c4efb8	EDNA45	12
3ff98a1dd14d97d24a6b4838f1c4efb8	EDNA55	4
6c50fdede826123ea59a5d9f79c46302	EDNA98	1
6c50fdede826123ea59a5d9f79c46302	EDNA31	7
6c50fdede826123ea59a5d9f79c46302	EDNA1	4
6c50fdede826123ea59a5d9f79c46302	EDNA26	11
6c50fdede826123ea59a5d9f79c46302	EDNA63	3
6769282aab64a80787c04bf3159b0166	MB11	17
6769282aab64a80787c04bf3159b0166	EDNA27	9
8a7e84c300473ce84f98611d6418147a	EDNA31	2
8a7e84c300473ce84f98611d6418147a	EDNA60	1
8a7e84c300473ce84f98611d6418147a	EDNA43	14
8a7e84c300473ce84f98611d6418147a	MB4	2
8a7e84c300473ce84f98611d6418147a	EDNA7	2
8a7e84c300473ce84f98611d6418147a	EDNA8	5
f2c029c068b2f036fcb6bfda3a97e259	MB9	4
f2c029c068b2f036fcb6bfda3a97e259	MB15	6
f2c029c068b2f036fcb6bfda3a97e259	MB1	10
f2c029c068b2f036fcb6bfda3a97e259	EDNA36	6
f419824a3d6829589178e6a1d1702ff4	MB12	21
f419824a3d6829589178e6a1d1702ff4	EDNA41	5
39f056aac7f4a7d1dfb07c46d5f411ff	EDNA42	2
39f056aac7f4a7d1dfb07c46d5f411ff	EDNA82	4
39f056aac7f4a7d1dfb07c46d5f411ff	EDNA83	19
39f056aac7f4a7d1dfb07c46d5f411ff	EDNA94	1
cddb4168dff5074d649302a711215ca2	EDNA79	2
cddb4168dff5074d649302a711215ca2	EDNA44	21
cddb4168dff5074d649302a711215ca2	EDNA45	3
99b01638323c8d10a959414dfb4fbb12	EDNA44	9
99b01638323c8d10a959414dfb4fbb12	EDNA82	17
50231e0249a5469e3d0569ffc3583d34	EDNA81	6
50231e0249a5469e3d0569ffc3583d34	EDNA82	9
50231e0249a5469e3d0569ffc3583d34	EDNA73	1
50231e0249a5469e3d0569ffc3583d34	EDNA83	10
53325a7c59b85adad29a423a34cba6d4	EDNA97	5
53325a7c59b85adad29a423a34cba6d4	EDNA98	2
53325a7c59b85adad29a423a34cba6d4	EDNA99	2
53325a7c59b85adad29a423a34cba6d4	EDNA91	6
53325a7c59b85adad29a423a34cba6d4	EDNA93	3
53325a7c59b85adad29a423a34cba6d4	EDNA94	7
53325a7c59b85adad29a423a34cba6d4	EDNA95	1
3f67ed106d754fb776cc6db8b5f941b0	EDNA11	2
3f67ed106d754fb776cc6db8b5f941b0	EDNA97	4
3f67ed106d754fb776cc6db8b5f941b0	EDNA52	3
3f67ed106d754fb776cc6db8b5f941b0	EDNA35	2
3f67ed106d754fb776cc6db8b5f941b0	EDNA36	14
9ca3c647b046fe3190f6de1e001c155e	EDNA12	4
9ca3c647b046fe3190f6de1e001c155e	EDNA31	6
9ca3c647b046fe3190f6de1e001c155e	EDNA14	2
9ca3c647b046fe3190f6de1e001c155e	EDNA33	8
9ca3c647b046fe3190f6de1e001c155e	EDNA1	5
20b8dc4a02a5d1dd745289750ed39fa6	MB13	1
20b8dc4a02a5d1dd745289750ed39fa6	EDNA14	1
20b8dc4a02a5d1dd745289750ed39fa6	EDNA80	20
20b8dc4a02a5d1dd745289750ed39fa6	MB19	2
20b8dc4a02a5d1dd745289750ed39fa6	EDNA83	1
739907df6d3f7e138bec3b3e848fe3f9	MB11	6
739907df6d3f7e138bec3b3e848fe3f9	EDNA16	19
04cedce3aa1e3962e51e6948ee5f79e1	MB11	1
04cedce3aa1e3962e51e6948ee5f79e1	EDNA40	1
04cedce3aa1e3962e51e6948ee5f79e1	EDNA42	1
04cedce3aa1e3962e51e6948ee5f79e1	EDNA1	1
04cedce3aa1e3962e51e6948ee5f79e1	EDNA26	2
04cedce3aa1e3962e51e6948ee5f79e1	EDNA81	5
04cedce3aa1e3962e51e6948ee5f79e1	EDNA73	4
04cedce3aa1e3962e51e6948ee5f79e1	EDNA67	10
e2b34dd71f6e7ec2683b4e94e88d8b84	EDNA34	10
e2b34dd71f6e7ec2683b4e94e88d8b84	EDNA25	8
e2b34dd71f6e7ec2683b4e94e88d8b84	EDNA44	7
b7fe5133ac334e47d4ec3832539cb5ce	EDNA31	8
b7fe5133ac334e47d4ec3832539cb5ce	EDNA45	17
c1b9a8af78385c094cbcd43e73c93f77	EDNA96	5
c1b9a8af78385c094cbcd43e73c93f77	MB23	5
c1b9a8af78385c094cbcd43e73c93f77	EDNA80	6
c1b9a8af78385c094cbcd43e73c93f77	EDNA45	7
c1b9a8af78385c094cbcd43e73c93f77	EDNA55	1
c1b9a8af78385c094cbcd43e73c93f77	EDNA92	1
b1dfb697cba270ad778df1d20c3b1568	EDNA69	7
b1dfb697cba270ad778df1d20c3b1568	EDNA67	9
b1dfb697cba270ad778df1d20c3b1568	EDNA68	9
cd0b34968c6b06e7263ca6fbb42c725d	EDNA94	5
cd0b34968c6b06e7263ca6fbb42c725d	EDNA68	20
1b7f2a0e9dd680d0bd400dd8eea70d65	EDNA75	12
1b7f2a0e9dd680d0bd400dd8eea70d65	EDNA68	13
845aa858393f9fce777883ca737dfa7e	EDNA69	15
845aa858393f9fce777883ca737dfa7e	EDNA68	10
84302ec5787adc38914301036cf39663	EDNA70	3
84302ec5787adc38914301036cf39663	EDNA82	12
84302ec5787adc38914301036cf39663	EDNA73	1
84302ec5787adc38914301036cf39663	EDNA83	8
84302ec5787adc38914301036cf39663	EDNA84	1
6e07af0d7085f11a456a95c3c7dc4eb2	MB18	18
6e07af0d7085f11a456a95c3c7dc4eb2	EDNA91	7
8915014a5cef7e909f9727cacc7c76d9	MB17	19
8915014a5cef7e909f9727cacc7c76d9	MB18	6
348ff7884b9e819685fc2e47745e80bc	EDNA31	4
348ff7884b9e819685fc2e47745e80bc	EDNA14	1
348ff7884b9e819685fc2e47745e80bc	EDNA1	5
348ff7884b9e819685fc2e47745e80bc	EDNA3	11
348ff7884b9e819685fc2e47745e80bc	EDNA10	3
d69b954ac36554926851ab4db483432c	EDNA11	2
d69b954ac36554926851ab4db483432c	MB2	4
d69b954ac36554926851ab4db483432c	EDNA7	7
d69b954ac36554926851ab4db483432c	EDNA8	5
d69b954ac36554926851ab4db483432c	EDNA9	6
fac5cd008a4ed5f5307dc0c9fba9d092	EDNA41	4
fac5cd008a4ed5f5307dc0c9fba9d092	EDNA32	1
fac5cd008a4ed5f5307dc0c9fba9d092	EDNA33	1
fac5cd008a4ed5f5307dc0c9fba9d092	MB1	1
fac5cd008a4ed5f5307dc0c9fba9d092	EDNA45	15
fac5cd008a4ed5f5307dc0c9fba9d092	EDNA18	2
34908932a4ffb08ad0874be75bc36803	EDNA98	9
34908932a4ffb08ad0874be75bc36803	EDNA22	4
34908932a4ffb08ad0874be75bc36803	EDNA99	11
944826f0072b87f6e4d089dca43a015c	EDNA42	2
944826f0072b87f6e4d089dca43a015c	EDNA62	4
944826f0072b87f6e4d089dca43a015c	EDNA35	1
944826f0072b87f6e4d089dca43a015c	EDNA54	2
944826f0072b87f6e4d089dca43a015c	EDNA36	11
944826f0072b87f6e4d089dca43a015c	EDNA56	2
944826f0072b87f6e4d089dca43a015c	EDNA48	1
944826f0072b87f6e4d089dca43a015c	EDNA95	1
40e6fe3a4a4ef541bad30cfcb1934fd4	EDNA42	7
40e6fe3a4a4ef541bad30cfcb1934fd4	EDNA44	14
40e6fe3a4a4ef541bad30cfcb1934fd4	EDNA45	3
a1de28abbad75287545efd79d036f1b7	EDNA42	3
a1de28abbad75287545efd79d036f1b7	EDNA82	1
a1de28abbad75287545efd79d036f1b7	EDNA84	4
a1de28abbad75287545efd79d036f1b7	EDNA67	8
a1de28abbad75287545efd79d036f1b7	EDNA68	8
e3b9faf2e0fc26fba72afeca5f885a07	EDNA43	3
e3b9faf2e0fc26fba72afeca5f885a07	EDNA53	2
e3b9faf2e0fc26fba72afeca5f885a07	EDNA44	12
e3b9faf2e0fc26fba72afeca5f885a07	EDNA45	6
e3b9faf2e0fc26fba72afeca5f885a07	EDNA55	1
c8adf12fc1b5d85f8eb9f466e356dc33	EDNA97	5
c8adf12fc1b5d85f8eb9f466e356dc33	EDNA79	2
c8adf12fc1b5d85f8eb9f466e356dc33	EDNA80	6
c8adf12fc1b5d85f8eb9f466e356dc33	EDNA45	2
c8adf12fc1b5d85f8eb9f466e356dc33	EDNA92	2
c8adf12fc1b5d85f8eb9f466e356dc33	EDNA83	7
2454ecf40f53dab4e376605e86ada3b8	EDNA83	2
2454ecf40f53dab4e376605e86ada3b8	EDNA67	22
771740491d9c392b386b81ba49b7e28b	EDNA69	7
771740491d9c392b386b81ba49b7e28b	EDNA70	4
771740491d9c392b386b81ba49b7e28b	EDNA67	5
771740491d9c392b386b81ba49b7e28b	EDNA68	8
214f177a55fc78f6ebe680057ef31881	EDNA69	15
214f177a55fc78f6ebe680057ef31881	EDNA67	4
214f177a55fc78f6ebe680057ef31881	EDNA68	5
7f55f31b315f4a38594720e574a068d9	EDNA11	1
7f55f31b315f4a38594720e574a068d9	EDNA31	1
7f55f31b315f4a38594720e574a068d9	EDNA13	3
7f55f31b315f4a38594720e574a068d9	MB2	16
7f55f31b315f4a38594720e574a068d9	EDNA8	2
26e31129d2036db7b7c03fa971ce7287	EDNA97	5
26e31129d2036db7b7c03fa971ce7287	EDNA31	6
26e31129d2036db7b7c03fa971ce7287	EDNA33	10
26e31129d2036db7b7c03fa971ce7287	EDNA18	2
f1277bb7ef9ef8bd972b83689ae237e4	EDNA22	7
f1277bb7ef9ef8bd972b83689ae237e4	EDNA24	16
8d05575249a8bbc23ca9d95a2f90ad77	EDNA43	21
8d05575249a8bbc23ca9d95a2f90ad77	EDNA25	2
5aab6853a9c14195d44b9b8066644d16	EDNA98	3
5aab6853a9c14195d44b9b8066644d16	EDNA31	15
5aab6853a9c14195d44b9b8066644d16	EDNA33	3
5aab6853a9c14195d44b9b8066644d16	EDNA25	2
4bfb8d5b865f36c76935fd5ef8f297aa	MB11	1
4bfb8d5b865f36c76935fd5ef8f297aa	EDNA41	7
4bfb8d5b865f36c76935fd5ef8f297aa	EDNA44	12
4bfb8d5b865f36c76935fd5ef8f297aa	EDNA45	3
3e87dd548183605c15067759257ec9d2	EDNA41	4
3e87dd548183605c15067759257ec9d2	EDNA82	5
3e87dd548183605c15067759257ec9d2	EDNA73	2
3e87dd548183605c15067759257ec9d2	EDNA83	4
3e87dd548183605c15067759257ec9d2	EDNA67	8
46e4e12a1f615f3e04d2d11c9126b520	MB13	4
46e4e12a1f615f3e04d2d11c9126b520	EDNA41	3
46e4e12a1f615f3e04d2d11c9126b520	EDNA44	5
46e4e12a1f615f3e04d2d11c9126b520	EDNA45	11
8697c56c5758d06e7c5455a931410331	EDNA44	5
8697c56c5758d06e7c5455a931410331	EDNA45	16
8697c56c5758d06e7c5455a931410331	EDNA55	2
a374f69e9381faa0d1b7d7fd001c81fb	EDNA45	11
a374f69e9381faa0d1b7d7fd001c81fb	EDNA91	1
a374f69e9381faa0d1b7d7fd001c81fb	EDNA92	2
a374f69e9381faa0d1b7d7fd001c81fb	EDNA47	3
a374f69e9381faa0d1b7d7fd001c81fb	EDNA93	6
4c6be238daf9a8cd28118737efc49386	EDNA91	3
4c6be238daf9a8cd28118737efc49386	EDNA46	7
4c6be238daf9a8cd28118737efc49386	EDNA47	9
4c6be238daf9a8cd28118737efc49386	EDNA48	4
c98543a9ab5b685a53df636bd95ef974	EDNA60	7
c98543a9ab5b685a53df636bd95ef974	EDNA62	1
c98543a9ab5b685a53df636bd95ef974	EDNA56	3
c98543a9ab5b685a53df636bd95ef974	EDNA58	5
c98543a9ab5b685a53df636bd95ef974	EDNA59	7
23cd8fc1e191d7a498f99fbdeb315ffa	MB13	1
23cd8fc1e191d7a498f99fbdeb315ffa	EDNA81	14
23cd8fc1e191d7a498f99fbdeb315ffa	EDNA63	2
23cd8fc1e191d7a498f99fbdeb315ffa	EDNA85	5
23cd8fc1e191d7a498f99fbdeb315ffa	EDNA59	1
649960c6afca3df4e9bbec5a7d3ea955	MB21	1
649960c6afca3df4e9bbec5a7d3ea955	EDNA83	1
649960c6afca3df4e9bbec5a7d3ea955	EDNA84	12
649960c6afca3df4e9bbec5a7d3ea955	EDNA67	9
5f74ad97b86832dd82ff584a56d4850f	EDNA82	4
5f74ad97b86832dd82ff584a56d4850f	EDNA73	5
5f74ad97b86832dd82ff584a56d4850f	EDNA93	4
5f74ad97b86832dd82ff584a56d4850f	EDNA84	1
5f74ad97b86832dd82ff584a56d4850f	EDNA67	9
55e4e10ddbe4f71292fd0eabb4df9d21	EDNA69	6
55e4e10ddbe4f71292fd0eabb4df9d21	EDNA73	8
55e4e10ddbe4f71292fd0eabb4df9d21	EDNA94	2
55e4e10ddbe4f71292fd0eabb4df9d21	EDNA67	4
55e4e10ddbe4f71292fd0eabb4df9d21	EDNA68	3
c65df80d94d077661f38525e76d832e2	EDNA12	5
c65df80d94d077661f38525e76d832e2	EDNA32	12
c65df80d94d077661f38525e76d832e2	EDNA14	4
c65df80d94d077661f38525e76d832e2	EDNA15	1
d92ceb794f37d0bc4d96718a11ca1881	EDNA31	19
d92ceb794f37d0bc4d96718a11ca1881	EDNA15	3
39b2e90feae7c4d3d3d38391d5d1b6e7	EDNA24	9
39b2e90feae7c4d3d3d38391d5d1b6e7	EDNA1	2
39b2e90feae7c4d3d3d38391d5d1b6e7	EDNA15	1
39b2e90feae7c4d3d3d38391d5d1b6e7	EDNA2	1
39b2e90feae7c4d3d3d38391d5d1b6e7	EDNA25	3
39b2e90feae7c4d3d3d38391d5d1b6e7	EDNA35	1
39b2e90feae7c4d3d3d38391d5d1b6e7	EDNA18	2
39b2e90feae7c4d3d3d38391d5d1b6e7	EDNA93	1
39b2e90feae7c4d3d3d38391d5d1b6e7	EDNA8	1
39b2e90feae7c4d3d3d38391d5d1b6e7	EDNA9	1
6d5093bcf9c5903c3d34213058dcfa24	EDNA40	1
6d5093bcf9c5903c3d34213058dcfa24	EDNA31	2
6d5093bcf9c5903c3d34213058dcfa24	EDNA42	2
6d5093bcf9c5903c3d34213058dcfa24	EDNA25	1
6d5093bcf9c5903c3d34213058dcfa24	EDNA26	5
6d5093bcf9c5903c3d34213058dcfa24	EDNA27	2
6d5093bcf9c5903c3d34213058dcfa24	EDNA46	7
6d5093bcf9c5903c3d34213058dcfa24	EDNA7	1
6d5093bcf9c5903c3d34213058dcfa24	EDNA58	1
9bc9e01b81b1777a6c7930761ada5068	EDNA31	7
9bc9e01b81b1777a6c7930761ada5068	EDNA81	14
9bc9e01b81b1777a6c7930761ada5068	EDNA8	1
4a221f7f32a6c77153a67068011a848f	EDNA98	1
4a221f7f32a6c77153a67068011a848f	EDNA40	1
4a221f7f32a6c77153a67068011a848f	EDNA31	1
4a221f7f32a6c77153a67068011a848f	EDNA41	2
4a221f7f32a6c77153a67068011a848f	EDNA42	2
4a221f7f32a6c77153a67068011a848f	EDNA52	1
4a221f7f32a6c77153a67068011a848f	EDNA62	2
4a221f7f32a6c77153a67068011a848f	EDNA44	5
4a221f7f32a6c77153a67068011a848f	EDNA54	3
4a221f7f32a6c77153a67068011a848f	EDNA91	1
4a221f7f32a6c77153a67068011a848f	EDNA94	2
4a221f7f32a6c77153a67068011a848f	EDNA85	1
2cbf2d907fad7e59040479ed5fa2b16e	EDNA35	4
2cbf2d907fad7e59040479ed5fa2b16e	EDNA36	18
bf908b51a2a8531db52c839e3dd8bdb0	EDNA41	5
bf908b51a2a8531db52c839e3dd8bdb0	EDNA82	3
bf908b51a2a8531db52c839e3dd8bdb0	EDNA83	14
b0e17421af825465d104004eaf6b09b0	MB13	1
b0e17421af825465d104004eaf6b09b0	EDNA43	6
b0e17421af825465d104004eaf6b09b0	EDNA44	12
b0e17421af825465d104004eaf6b09b0	EDNA45	3
0740a73bc4425d0ec9c28934dbe60f14	MB13	2
0740a73bc4425d0ec9c28934dbe60f14	EDNA43	3
0740a73bc4425d0ec9c28934dbe60f14	EDNA44	10
0740a73bc4425d0ec9c28934dbe60f14	EDNA45	7
5b1149e753a8930eeada9992455e410d	EDNA98	3
5b1149e753a8930eeada9992455e410d	EDNA67	19
588c8418492ae2722afb42287b1e47a3	EDNA69	7
588c8418492ae2722afb42287b1e47a3	EDNA67	15
448487f6c41fa6631e4b3915d9361eb9	EDNA69	12
448487f6c41fa6631e4b3915d9361eb9	EDNA67	10
fc918daede66b75d76056aa6a5353c01	EDNA69	10
fc918daede66b75d76056aa6a5353c01	EDNA67	8
fc918daede66b75d76056aa6a5353c01	EDNA68	4
3a855523fc11293ec61a75fa1920e3ee	EDNA69	2
3a855523fc11293ec61a75fa1920e3ee	EDNA71	1
3a855523fc11293ec61a75fa1920e3ee	EDNA67	7
3a855523fc11293ec61a75fa1920e3ee	EDNA68	12
c2472c90440cb4e2ee83caf8811f924f	EDNA71	5
c2472c90440cb4e2ee83caf8811f924f	EDNA82	5
c2472c90440cb4e2ee83caf8811f924f	EDNA68	12
1a78bc194a23deed850bbf22598ad0c3	EDNA69	3
1a78bc194a23deed850bbf22598ad0c3	EDNA71	3
1a78bc194a23deed850bbf22598ad0c3	EDNA73	2
1a78bc194a23deed850bbf22598ad0c3	EDNA74	14
dd8a258f3915f58882546cf90e14b0fa	EDNA73	10
dd8a258f3915f58882546cf90e14b0fa	EDNA74	12
6a5116edcde8c800a4220b9be89dfcff	EDNA14	6
6a5116edcde8c800a4220b9be89dfcff	EDNA61	1
6a5116edcde8c800a4220b9be89dfcff	EDNA17	1
6a5116edcde8c800a4220b9be89dfcff	EDNA18	6
6a5116edcde8c800a4220b9be89dfcff	EDNA91	1
6a5116edcde8c800a4220b9be89dfcff	EDNA92	2
6a5116edcde8c800a4220b9be89dfcff	MB6	2
6a5116edcde8c800a4220b9be89dfcff	EDNA10	2
e6f3af1caf11fb2ed476bf4709601905	EDNA12	3
e6f3af1caf11fb2ed476bf4709601905	EDNA14	1
e6f3af1caf11fb2ed476bf4709601905	EDNA60	1
e6f3af1caf11fb2ed476bf4709601905	EDNA33	2
e6f3af1caf11fb2ed476bf4709601905	EDNA44	6
e6f3af1caf11fb2ed476bf4709601905	EDNA55	1
e6f3af1caf11fb2ed476bf4709601905	EDNA9	7
90a207c83dc34d84140bf6cd9ed8fe3f	EDNA31	4
90a207c83dc34d84140bf6cd9ed8fe3f	EDNA13	2
90a207c83dc34d84140bf6cd9ed8fe3f	EDNA15	1
90a207c83dc34d84140bf6cd9ed8fe3f	EDNA61	3
90a207c83dc34d84140bf6cd9ed8fe3f	EDNA3	5
90a207c83dc34d84140bf6cd9ed8fe3f	EDNA18	1
90a207c83dc34d84140bf6cd9ed8fe3f	EDNA8	2
90a207c83dc34d84140bf6cd9ed8fe3f	EDNA58	1
90a207c83dc34d84140bf6cd9ed8fe3f	EDNA9	1
90a207c83dc34d84140bf6cd9ed8fe3f	EDNA59	1
5f126b75c4d3eb8c0a61fe6be19d4a12	EDNA97	2
5f126b75c4d3eb8c0a61fe6be19d4a12	EDNA13	1
5f126b75c4d3eb8c0a61fe6be19d4a12	EDNA32	3
5f126b75c4d3eb8c0a61fe6be19d4a12	EDNA33	1
5f126b75c4d3eb8c0a61fe6be19d4a12	EDNA1	1
5f126b75c4d3eb8c0a61fe6be19d4a12	EDNA15	8
5f126b75c4d3eb8c0a61fe6be19d4a12	EDNA91	3
5f126b75c4d3eb8c0a61fe6be19d4a12	EDNA48	2
9e82e72c99b766a8d52aeefe05510088	EDNA17	16
9e82e72c99b766a8d52aeefe05510088	EDNA18	5
1703f07a05a108f607e0770c7b008459	EDNA32	2
1703f07a05a108f607e0770c7b008459	EDNA61	1
1703f07a05a108f607e0770c7b008459	EDNA17	8
1703f07a05a108f607e0770c7b008459	EDNA18	5
1703f07a05a108f607e0770c7b008459	EDNA57	3
1703f07a05a108f607e0770c7b008459	EDNA58	2
9c2c48717a96b8e3d7e243204fd13ff9	EDNA79	5
9c2c48717a96b8e3d7e243204fd13ff9	EDNA33	4
9c2c48717a96b8e3d7e243204fd13ff9	EDNA1	3
9c2c48717a96b8e3d7e243204fd13ff9	EDNA44	3
9c2c48717a96b8e3d7e243204fd13ff9	EDNA68	6
9b825d0354390f10a9f90001bba5e4e6	EDNA41	14
9b825d0354390f10a9f90001bba5e4e6	EDNA42	1
9b825d0354390f10a9f90001bba5e4e6	EDNA24	6
796e102cb3b7ffe0c71d74b36a945629	EDNA31	7
796e102cb3b7ffe0c71d74b36a945629	EDNA32	4
796e102cb3b7ffe0c71d74b36a945629	EDNA33	4
796e102cb3b7ffe0c71d74b36a945629	EDNA43	1
796e102cb3b7ffe0c71d74b36a945629	MB2	1
796e102cb3b7ffe0c71d74b36a945629	EDNA54	1
796e102cb3b7ffe0c71d74b36a945629	EDNA47	1
796e102cb3b7ffe0c71d74b36a945629	EDNA7	1
796e102cb3b7ffe0c71d74b36a945629	EDNA8	1
bb928f67bfb41870e97c326fcf8634e7	EDNA32	5
bb928f67bfb41870e97c326fcf8634e7	EDNA61	1
bb928f67bfb41870e97c326fcf8634e7	EDNA43	7
bb928f67bfb41870e97c326fcf8634e7	EDNA3	6
bb928f67bfb41870e97c326fcf8634e7	EDNA35	1
bb928f67bfb41870e97c326fcf8634e7	EDNA54	1
6d952dee3cb846cf7f0fe2082b9e51b7	EDNA44	2
6d952dee3cb846cf7f0fe2082b9e51b7	EDNA45	2
6d952dee3cb846cf7f0fe2082b9e51b7	EDNA82	10
6d952dee3cb846cf7f0fe2082b9e51b7	EDNA83	5
6d952dee3cb846cf7f0fe2082b9e51b7	EDNA95	2
a930efa7ca3d637a7274430e65223de4	EDNA69	2
a930efa7ca3d637a7274430e65223de4	EDNA71	16
a930efa7ca3d637a7274430e65223de4	EDNA67	3
0739436bcff79409df359200d79c70e0	EDNA69	13
0739436bcff79409df359200d79c70e0	EDNA68	8
4edc7393b7c11118ffedb8486ae7235c	EDNA81	6
4edc7393b7c11118ffedb8486ae7235c	EDNA93	15
1f5332ec7e64381a88c2b27becf3037c	EDNA82	3
1f5332ec7e64381a88c2b27becf3037c	EDNA83	9
1f5332ec7e64381a88c2b27becf3037c	EDNA84	9
408cc3cb350d041c7dd40140098ac839	EDNA31	2
408cc3cb350d041c7dd40140098ac839	EDNA13	1
408cc3cb350d041c7dd40140098ac839	EDNA33	3
408cc3cb350d041c7dd40140098ac839	EDNA15	2
408cc3cb350d041c7dd40140098ac839	MB2	3
408cc3cb350d041c7dd40140098ac839	EDNA8	2
408cc3cb350d041c7dd40140098ac839	EDNA9	7
330ebce1385daf80ccf806ebbeaf77c9	EDNA32	7
330ebce1385daf80ccf806ebbeaf77c9	EDNA14	2
330ebce1385daf80ccf806ebbeaf77c9	EDNA61	1
330ebce1385daf80ccf806ebbeaf77c9	EDNA17	3
330ebce1385daf80ccf806ebbeaf77c9	MB6	3
330ebce1385daf80ccf806ebbeaf77c9	EDNA8	4
a19e0b99e5cf3ea59fbf92106979983e	EDNA62	1
a19e0b99e5cf3ea59fbf92106979983e	EDNA45	2
a19e0b99e5cf3ea59fbf92106979983e	EDNA27	1
a19e0b99e5cf3ea59fbf92106979983e	EDNA18	5
a19e0b99e5cf3ea59fbf92106979983e	EDNA55	2
a19e0b99e5cf3ea59fbf92106979983e	EDNA85	3
a19e0b99e5cf3ea59fbf92106979983e	EDNA95	6
81945a94ed802e00e5ff3fec63c4b5fe	EDNA1	1
81945a94ed802e00e5ff3fec63c4b5fe	EDNA35	6
81945a94ed802e00e5ff3fec63c4b5fe	EDNA73	10
81945a94ed802e00e5ff3fec63c4b5fe	EDNA93	1
81945a94ed802e00e5ff3fec63c4b5fe	MB6	1
81945a94ed802e00e5ff3fec63c4b5fe	EDNA86	1
3df5d01c01d998d39c696b4b8dc06188	EDNA27	18
3df5d01c01d998d39c696b4b8dc06188	EDNA9	2
c790d394a4bdd5744a156f5fa0a371e5	EDNA42	2
c790d394a4bdd5744a156f5fa0a371e5	EDNA34	5
c790d394a4bdd5744a156f5fa0a371e5	EDNA35	4
c790d394a4bdd5744a156f5fa0a371e5	EDNA27	3
c790d394a4bdd5744a156f5fa0a371e5	EDNA55	3
c790d394a4bdd5744a156f5fa0a371e5	EDNA47	3
32ae1a9458a706be194a3f88d1689bbb	MB13	1
32ae1a9458a706be194a3f88d1689bbb	EDNA43	4
32ae1a9458a706be194a3f88d1689bbb	EDNA34	4
32ae1a9458a706be194a3f88d1689bbb	EDNA45	1
32ae1a9458a706be194a3f88d1689bbb	EDNA48	5
32ae1a9458a706be194a3f88d1689bbb	EDNA85	5
f401c7340e1da59c8bca7fc59dc39eee	EDNA41	1
f401c7340e1da59c8bca7fc59dc39eee	EDNA42	5
f401c7340e1da59c8bca7fc59dc39eee	EDNA44	7
f401c7340e1da59c8bca7fc59dc39eee	EDNA45	7
79e3c6d314083559c6ff8dfd2bd24e99	EDNA42	7
79e3c6d314083559c6ff8dfd2bd24e99	EDNA43	10
79e3c6d314083559c6ff8dfd2bd24e99	EDNA45	3
1f10a0c6821c67d1b8e77bf71a34a610	EDNA43	14
1f10a0c6821c67d1b8e77bf71a34a610	EDNA46	6
63ab5418bd2cf92911b562323a031a33	EDNA44	17
63ab5418bd2cf92911b562323a031a33	EDNA81	3
47e3ede93814300e7c42d66507400f4a	EDNA44	14
47e3ede93814300e7c42d66507400f4a	EDNA45	6
c8af82e03b5a7615ce100a7304ea1cbc	EDNA73	18
c8af82e03b5a7615ce100a7304ea1cbc	EDNA92	2
84a67c2a789a59e6b8ed72de56b545aa	EDNA79	10
84a67c2a789a59e6b8ed72de56b545aa	MB13	10
2f317b588330b79d895c0559dd42ead3	EDNA79	4
2f317b588330b79d895c0559dd42ead3	EDNA80	13
2f317b588330b79d895c0559dd42ead3	EDNA81	3
e1e3485c0a1a70e7bb523b18c8fc5d82	EDNA91	5
e1e3485c0a1a70e7bb523b18c8fc5d82	EDNA85	15
575d6e1fe175a2cde7b95a49d85f0223	EDNA96	3
575d6e1fe175a2cde7b95a49d85f0223	EDNA87	1
575d6e1fe175a2cde7b95a49d85f0223	EDNA97	6
575d6e1fe175a2cde7b95a49d85f0223	EDNA98	5
575d6e1fe175a2cde7b95a49d85f0223	EDNA91	3
575d6e1fe175a2cde7b95a49d85f0223	EDNA95	2
1a1afbb32368bfcca01fed0cd98aa1f4	EDNA98	8
1a1afbb32368bfcca01fed0cd98aa1f4	MB6	4
1a1afbb32368bfcca01fed0cd98aa1f4	EDNA8	8
2477c165a1ae5d6c4df3dd426dbbec9e	EDNA13	4
2477c165a1ae5d6c4df3dd426dbbec9e	EDNA18	8
2477c165a1ae5d6c4df3dd426dbbec9e	EDNA58	7
b46137aa883f283ec980216529405dcb	EDNA15	1
b46137aa883f283ec980216529405dcb	EDNA26	1
b46137aa883f283ec980216529405dcb	EDNA54	2
b46137aa883f283ec980216529405dcb	EDNA73	4
b46137aa883f283ec980216529405dcb	EDNA74	4
b46137aa883f283ec980216529405dcb	EDNA56	2
b46137aa883f283ec980216529405dcb	EDNA58	5
0a379e3b82f14d8c1a4c1f15c148fa7c	EDNA96	1
0a379e3b82f14d8c1a4c1f15c148fa7c	EDNA31	1
0a379e3b82f14d8c1a4c1f15c148fa7c	EDNA99	5
0a379e3b82f14d8c1a4c1f15c148fa7c	EDNA1	1
0a379e3b82f14d8c1a4c1f15c148fa7c	EDNA34	1
0a379e3b82f14d8c1a4c1f15c148fa7c	EDNA2	1
0a379e3b82f14d8c1a4c1f15c148fa7c	EDNA35	1
0a379e3b82f14d8c1a4c1f15c148fa7c	EDNA36	4
0a379e3b82f14d8c1a4c1f15c148fa7c	EDNA56	1
0a379e3b82f14d8c1a4c1f15c148fa7c	EDNA94	3
fc0ff4f8b71738350f351a9db3e9e5d5	EDNA61	1
fc0ff4f8b71738350f351a9db3e9e5d5	EDNA25	1
fc0ff4f8b71738350f351a9db3e9e5d5	EDNA71	13
fc0ff4f8b71738350f351a9db3e9e5d5	EDNA45	1
fc0ff4f8b71738350f351a9db3e9e5d5	EDNA27	3
da4be3b0e5ce96718cc77a50cafc6663	EDNA34	15
da4be3b0e5ce96718cc77a50cafc6663	EDNA45	4
71d186f1876c2d26e4b9b6faa1f044a8	EDNA44	4
71d186f1876c2d26e4b9b6faa1f044a8	EDNA35	2
71d186f1876c2d26e4b9b6faa1f044a8	EDNA81	11
71d186f1876c2d26e4b9b6faa1f044a8	EDNA86	2
7eb64d2bed57197ded0dd4c41bd0c7b9	EDNA40	2
7eb64d2bed57197ded0dd4c41bd0c7b9	EDNA41	6
7eb64d2bed57197ded0dd4c41bd0c7b9	EDNA42	5
7eb64d2bed57197ded0dd4c41bd0c7b9	EDNA61	1
7eb64d2bed57197ded0dd4c41bd0c7b9	EDNA63	1
7eb64d2bed57197ded0dd4c41bd0c7b9	EDNA57	4
475d846b5984940f578d920e4bcfd47a	EDNA42	4
475d846b5984940f578d920e4bcfd47a	EDNA52	3
475d846b5984940f578d920e4bcfd47a	EDNA54	1
475d846b5984940f578d920e4bcfd47a	EDNA73	1
475d846b5984940f578d920e4bcfd47a	EDNA92	1
475d846b5984940f578d920e4bcfd47a	EDNA68	9
9faa7e153598c19e024f44cc768b3c4c	MB13	4
9faa7e153598c19e024f44cc768b3c4c	EDNA43	11
9faa7e153598c19e024f44cc768b3c4c	EDNA45	4
06d7898844fbb179335a5953e888b819	MB21	3
06d7898844fbb179335a5953e888b819	EDNA58	16
9008253b930b3575c26df4a1e36a9ce9	EDNA61	14
9008253b930b3575c26df4a1e36a9ce9	EDNA59	5
44ac3e5d7a47bc6960d352f12074ce56	MB11	12
44ac3e5d7a47bc6960d352f12074ce56	EDNA60	7
ff80cb581efb35122e497dda16520fc0	EDNA70	3
ff80cb581efb35122e497dda16520fc0	EDNA67	11
ff80cb581efb35122e497dda16520fc0	EDNA68	5
1474b7f8b1eaddd07482398d7af203c8	EDNA79	4
1474b7f8b1eaddd07482398d7af203c8	EDNA70	14
1474b7f8b1eaddd07482398d7af203c8	MB18	1
d8f551c6772ec4b7b04fac8e9d888b3e	EDNA71	12
d8f551c6772ec4b7b04fac8e9d888b3e	EDNA74	7
4f6f4dc8b3bcda6f2bfdae219a6d497f	EDNA13	8
4f6f4dc8b3bcda6f2bfdae219a6d497f	MB2	5
4f6f4dc8b3bcda6f2bfdae219a6d497f	EDNA8	2
4f6f4dc8b3bcda6f2bfdae219a6d497f	EDNA10	3
eec936ed4b160a141c1543a3a6b05c05	EDNA11	4
eec936ed4b160a141c1543a3a6b05c05	EDNA33	3
eec936ed4b160a141c1543a3a6b05c05	EDNA15	1
eec936ed4b160a141c1543a3a6b05c05	EDNA16	2
eec936ed4b160a141c1543a3a6b05c05	EDNA17	5
eec936ed4b160a141c1543a3a6b05c05	EDNA10	3
15a82057a3fb0ffcb46bfd648917569e	EDNA12	13
15a82057a3fb0ffcb46bfd648917569e	EDNA31	2
15a82057a3fb0ffcb46bfd648917569e	EDNA2	1
15a82057a3fb0ffcb46bfd648917569e	EDNA17	2
8017e9716baf62bbc97d7745682a503a	EDNA13	9
8017e9716baf62bbc97d7745682a503a	EDNA80	9
94421fb000bcb3f383e97c6c278851d9	EDNA31	9
94421fb000bcb3f383e97c6c278851d9	EDNA32	8
94421fb000bcb3f383e97c6c278851d9	EDNA15	1
6222e1b62a8ccb5cd2fb9910d6daa0f6	EDNA24	6
6222e1b62a8ccb5cd2fb9910d6daa0f6	EDNA16	1
6222e1b62a8ccb5cd2fb9910d6daa0f6	EDNA35	6
6222e1b62a8ccb5cd2fb9910d6daa0f6	EDNA27	5
fe9f7aa55478837f5cbae68237575da0	EDNA24	2
fe9f7aa55478837f5cbae68237575da0	EDNA25	3
fe9f7aa55478837f5cbae68237575da0	EDNA35	1
fe9f7aa55478837f5cbae68237575da0	EDNA17	8
fe9f7aa55478837f5cbae68237575da0	EDNA18	4
bc71867717c785dd98d7855a22604f7e	EDNA22	2
bc71867717c785dd98d7855a22604f7e	EDNA67	16
dfd622c60c6f07ae140141e96529aae4	EDNA32	3
dfd622c60c6f07ae140141e96529aae4	EDNA23	15
057e94a72551def5ebbce8c15d4c454c	EDNA24	3
057e94a72551def5ebbce8c15d4c454c	EDNA8	15
9db03c7448d92fb2af8a8dec49f65f34	EDNA43	8
9db03c7448d92fb2af8a8dec49f65f34	MB25	3
9db03c7448d92fb2af8a8dec49f65f34	EDNA45	5
9db03c7448d92fb2af8a8dec49f65f34	EDNA59	2
817d8dac2ad874c6ccba84c5e681c511	EDNA79	10
817d8dac2ad874c6ccba84c5e681c511	EDNA43	2
817d8dac2ad874c6ccba84c5e681c511	EDNA44	2
817d8dac2ad874c6ccba84c5e681c511	EDNA45	2
817d8dac2ad874c6ccba84c5e681c511	EDNA85	2
6aec830109d8639be1a848630e51b8e9	EDNA87	3
6aec830109d8639be1a848630e51b8e9	EDNA55	1
6aec830109d8639be1a848630e51b8e9	EDNA92	8
6aec830109d8639be1a848630e51b8e9	EDNA56	1
6aec830109d8639be1a848630e51b8e9	EDNA48	5
cf10d546777b636b73002739736670b2	EDNA79	3
cf10d546777b636b73002739736670b2	EDNA83	12
cf10d546777b636b73002739736670b2	EDNA93	1
cf10d546777b636b73002739736670b2	EDNA86	2
b85338ad45f42ebaa8abba706c2fba2e	EDNA7	3
b85338ad45f42ebaa8abba706c2fba2e	EDNA58	6
b85338ad45f42ebaa8abba706c2fba2e	EDNA9	1
b85338ad45f42ebaa8abba706c2fba2e	EDNA10	7
02b385ed95dca2c1067e846b937f282d	EDNA31	3
02b385ed95dca2c1067e846b937f282d	EDNA22	6
02b385ed95dca2c1067e846b937f282d	EDNA44	3
02b385ed95dca2c1067e846b937f282d	EDNA3	1
02b385ed95dca2c1067e846b937f282d	EDNA45	2
02b385ed95dca2c1067e846b937f282d	EDNA8	1
02b385ed95dca2c1067e846b937f282d	EDNA10	1
b80085d38b8ee3a981a7fdf7183d4130	EDNA12	13
b80085d38b8ee3a981a7fdf7183d4130	EDNA18	4
0afba728782fca772db5ea010b1c2c9c	EDNA14	8
0afba728782fca772db5ea010b1c2c9c	EDNA33	6
0afba728782fca772db5ea010b1c2c9c	EDNA15	3
60eb78dc031c8c19538fbaed98ecc7b7	EDNA31	9
60eb78dc031c8c19538fbaed98ecc7b7	EDNA2	5
60eb78dc031c8c19538fbaed98ecc7b7	EDNA75	2
60eb78dc031c8c19538fbaed98ecc7b7	EDNA68	1
8c49e8a2e708cafae4efe4ff3da2ff8e	MB13	2
8c49e8a2e708cafae4efe4ff3da2ff8e	EDNA42	6
8c49e8a2e708cafae4efe4ff3da2ff8e	EDNA81	4
8c49e8a2e708cafae4efe4ff3da2ff8e	EDNA45	5
86c8daea66bb5b37152bfaff953e259b	EDNA44	8
86c8daea66bb5b37152bfaff953e259b	EDNA83	4
86c8daea66bb5b37152bfaff953e259b	EDNA75	5
9e94d8831f5c413802c1d806032e22d2	MB13	10
9e94d8831f5c413802c1d806032e22d2	EDNA56	7
8a4298ba62c84d370c08777d2c13a8d3	EDNA69	2
8a4298ba62c84d370c08777d2c13a8d3	EDNA67	15
0d37ca330d86bd0200565891eb111bc9	EDNA73	3
0d37ca330d86bd0200565891eb111bc9	EDNA74	9
0d37ca330d86bd0200565891eb111bc9	EDNA75	5
a02d1850f4a3cf47a50c2ec73bea03a5	EDNA73	2
a02d1850f4a3cf47a50c2ec73bea03a5	MB19	2
a02d1850f4a3cf47a50c2ec73bea03a5	EDNA75	13
94dd9be327fc63282f3646534f166565	EDNA81	12
94dd9be327fc63282f3646534f166565	EDNA82	5
6724186629a67001c59e98ec2b6a843c	EDNA12	3
6724186629a67001c59e98ec2b6a843c	EDNA31	6
6724186629a67001c59e98ec2b6a843c	EDNA15	2
6724186629a67001c59e98ec2b6a843c	MB2	3
6724186629a67001c59e98ec2b6a843c	EDNA8	2
e94e1e64d1117b187e43c40e30058b68	EDNA13	2
e94e1e64d1117b187e43c40e30058b68	EDNA16	12
e94e1e64d1117b187e43c40e30058b68	MB4	2
2e915282dc738cca20083ee9d1106ac3	EDNA41	10
2e915282dc738cca20083ee9d1106ac3	EDNA52	3
2e915282dc738cca20083ee9d1106ac3	EDNA17	3
796ff6fd48a120b4786070531778f047	MB11	5
796ff6fd48a120b4786070531778f047	EDNA1	11
5d9b42c9c400cbf4a8d3dd763b12164d	EDNA23	6
5d9b42c9c400cbf4a8d3dd763b12164d	EDNA43	1
5d9b42c9c400cbf4a8d3dd763b12164d	EDNA45	9
3493616fa9e11c7aac5922741bfa45e9	EDNA24	6
3493616fa9e11c7aac5922741bfa45e9	EDNA25	8
3493616fa9e11c7aac5922741bfa45e9	EDNA91	1
3493616fa9e11c7aac5922741bfa45e9	MB4	1
325e38d406e11f2afd76ce4e43448c70	EDNA33	7
325e38d406e11f2afd76ce4e43448c70	EDNA24	5
325e38d406e11f2afd76ce4e43448c70	EDNA53	4
09c444e6bde4a0105803d4e847b7316b	EDNA96	5
09c444e6bde4a0105803d4e847b7316b	EDNA25	11
253b27db5f0e1bb89414008f273be86f	EDNA41	4
253b27db5f0e1bb89414008f273be86f	EDNA71	2
253b27db5f0e1bb89414008f273be86f	EDNA67	9
253b27db5f0e1bb89414008f273be86f	EDNA68	1
b815b3428132e1d01dde02d47cfd2926	EDNA43	3
b815b3428132e1d01dde02d47cfd2926	EDNA44	2
b815b3428132e1d01dde02d47cfd2926	EDNA45	8
b815b3428132e1d01dde02d47cfd2926	EDNA47	3
ea2b85f7b8d901cfbbb4304913b35547	EDNA43	2
ea2b85f7b8d901cfbbb4304913b35547	EDNA44	7
ea2b85f7b8d901cfbbb4304913b35547	EDNA45	7
e88c5d3c6e6f5c7ed2b303644a9308e1	EDNA44	14
e88c5d3c6e6f5c7ed2b303644a9308e1	EDNA45	2
62b71f0c7de2ec27148aac9a81277651	MB13	5
62b71f0c7de2ec27148aac9a81277651	EDNA44	11
9de976da83e4c6f449f459020f4884c5	MB13	3
9de976da83e4c6f449f459020f4884c5	EDNA80	1
9de976da83e4c6f449f459020f4884c5	EDNA44	3
9de976da83e4c6f449f459020f4884c5	EDNA46	9
e92b766248367c2595ca2e8496f87214	EDNA69	12
e92b766248367c2595ca2e8496f87214	EDNA45	4
338ca80653d4406cdebc157ae03720d0	EDNA69	3
338ca80653d4406cdebc157ae03720d0	EDNA70	1
338ca80653d4406cdebc157ae03720d0	EDNA71	4
338ca80653d4406cdebc157ae03720d0	EDNA67	5
338ca80653d4406cdebc157ae03720d0	EDNA68	3
2b871b9540e80d13f2a32fcc73745a9b	EDNA69	8
2b871b9540e80d13f2a32fcc73745a9b	MB17	4
2b871b9540e80d13f2a32fcc73745a9b	EDNA67	4
707087eb88ffaeb32b3aa31b225d2326	EDNA69	3
707087eb88ffaeb32b3aa31b225d2326	EDNA68	13
1e3e050d6705897df7deea10cc219d87	EDNA81	8
1e3e050d6705897df7deea10cc219d87	EDNA82	5
1e3e050d6705897df7deea10cc219d87	EDNA83	1
1e3e050d6705897df7deea10cc219d87	EDNA84	1
1e3e050d6705897df7deea10cc219d87	EDNA85	1
bc0d912b88595ef3659807dbf18f3584	MB18	13
bc0d912b88595ef3659807dbf18f3584	EDNA92	3
144de3d9b6a8eb9ab982337f22f04ead	MB11	3
144de3d9b6a8eb9ab982337f22f04ead	MB13	2
144de3d9b6a8eb9ab982337f22f04ead	MB2	3
144de3d9b6a8eb9ab982337f22f04ead	EDNA7	2
144de3d9b6a8eb9ab982337f22f04ead	EDNA9	2
144de3d9b6a8eb9ab982337f22f04ead	EDNA10	3
14edb7b00e3f050582bc8f5f352c0c6a	EDNA45	12
14edb7b00e3f050582bc8f5f352c0c6a	EDNA18	3
fb32c734ce75b857555cab7c64026ac2	EDNA96	3
fb32c734ce75b857555cab7c64026ac2	EDNA22	2
fb32c734ce75b857555cab7c64026ac2	EDNA24	2
fb32c734ce75b857555cab7c64026ac2	EDNA92	2
fb32c734ce75b857555cab7c64026ac2	EDNA47	1
fb32c734ce75b857555cab7c64026ac2	EDNA9	3
fb32c734ce75b857555cab7c64026ac2	EDNA95	2
67fffe2f30103e673fba3e65046b1380	EDNA23	2
67fffe2f30103e673fba3e65046b1380	EDNA73	13
8a9ac955ff81fffd58c3774bf33f0383	MB11	2
8a9ac955ff81fffd58c3774bf33f0383	EDNA24	1
8a9ac955ff81fffd58c3774bf33f0383	EDNA43	1
8a9ac955ff81fffd58c3774bf33f0383	EDNA34	1
8a9ac955ff81fffd58c3774bf33f0383	EDNA44	3
8a9ac955ff81fffd58c3774bf33f0383	EDNA45	7
1932f185bc248e878b8cb94300b4e6bc	EDNA2	3
1932f185bc248e878b8cb94300b4e6bc	MB1	8
1932f185bc248e878b8cb94300b4e6bc	EDNA3	1
1932f185bc248e878b8cb94300b4e6bc	EDNA48	3
b3f4191d7758e98c1f0634a56290d712	EDNA40	10
b3f4191d7758e98c1f0634a56290d712	EDNA61	2
b3f4191d7758e98c1f0634a56290d712	EDNA92	1
b3f4191d7758e98c1f0634a56290d712	EDNA58	2
6109303cae05db727c93ddda7a37e39d	EDNA43	3
6109303cae05db727c93ddda7a37e39d	EDNA44	9
6109303cae05db727c93ddda7a37e39d	EDNA45	3
8e0c4ea26ac95dfc71c1c3e537d2bb6f	EDNA44	6
8e0c4ea26ac95dfc71c1c3e537d2bb6f	EDNA45	9
9cae614c54c6a75d8eb733fac3a0d65c	EDNA60	2
9cae614c54c6a75d8eb733fac3a0d65c	EDNA61	4
9cae614c54c6a75d8eb733fac3a0d65c	EDNA45	9
3791dce48a292881e7636b074c76ca99	EDNA45	3
3791dce48a292881e7636b074c76ca99	EDNA94	12
9c90b7a38170b1519fb5945850aa603c	EDNA52	1
9c90b7a38170b1519fb5945850aa603c	EDNA53	7
9c90b7a38170b1519fb5945850aa603c	EDNA54	4
9c90b7a38170b1519fb5945850aa603c	EDNA56	3
c2a00342f8be63b3ea89e67f21055cc8	EDNA69	6
c2a00342f8be63b3ea89e67f21055cc8	EDNA70	6
c2a00342f8be63b3ea89e67f21055cc8	EDNA74	2
c2a00342f8be63b3ea89e67f21055cc8	EDNA75	1
eed80533a543d90c84666a2d484df85e	EDNA79	3
eed80533a543d90c84666a2d484df85e	EDNA73	11
eed80533a543d90c84666a2d484df85e	EDNA8	1
40a76df69c09f657759b8e4023e6d8d9	EDNA73	8
40a76df69c09f657759b8e4023e6d8d9	EDNA83	5
40a76df69c09f657759b8e4023e6d8d9	EDNA84	2
e6e9724cac2430eda270f6a174b3dc0a	EDNA79	3
e6e9724cac2430eda270f6a174b3dc0a	EDNA82	5
e6e9724cac2430eda270f6a174b3dc0a	EDNA85	3
e6e9724cac2430eda270f6a174b3dc0a	EDNA86	4
9d6a1b57c52a480ada61dac75b485ebf	EDNA81	8
9d6a1b57c52a480ada61dac75b485ebf	EDNA82	1
9d6a1b57c52a480ada61dac75b485ebf	EDNA84	4
9d6a1b57c52a480ada61dac75b485ebf	EDNA85	2
3e130293801ba5540bc83d96257fba03	EDNA82	10
3e130293801ba5540bc83d96257fba03	EDNA83	2
3e130293801ba5540bc83d96257fba03	EDNA84	3
4e07eb6f59d73bf56012585616030353	EDNA98	8
4e07eb6f59d73bf56012585616030353	EDNA99	7
d1d2a4d18852f39d6c979ef25cd4311c	EDNA12	3
d1d2a4d18852f39d6c979ef25cd4311c	EDNA14	1
d1d2a4d18852f39d6c979ef25cd4311c	EDNA16	2
d1d2a4d18852f39d6c979ef25cd4311c	EDNA17	3
d1d2a4d18852f39d6c979ef25cd4311c	EDNA18	2
d1d2a4d18852f39d6c979ef25cd4311c	EDNA9	2
d1d2a4d18852f39d6c979ef25cd4311c	EDNA10	1
2282ad9272b2aad542eb9a9c1c708706	EDNA31	1
2282ad9272b2aad542eb9a9c1c708706	EDNA32	1
2282ad9272b2aad542eb9a9c1c708706	EDNA43	2
2282ad9272b2aad542eb9a9c1c708706	EDNA81	7
2282ad9272b2aad542eb9a9c1c708706	EDNA86	2
2282ad9272b2aad542eb9a9c1c708706	EDNA10	1
cf8954a172de1ee1f37228039f04a1c7	EDNA11	1
cf8954a172de1ee1f37228039f04a1c7	EDNA98	2
cf8954a172de1ee1f37228039f04a1c7	EDNA43	2
cf8954a172de1ee1f37228039f04a1c7	MB1	1
cf8954a172de1ee1f37228039f04a1c7	EDNA27	4
cf8954a172de1ee1f37228039f04a1c7	MB4	1
cf8954a172de1ee1f37228039f04a1c7	EDNA7	3
3d94b44876a217f383c03b3186d65add	EDNA11	1
3d94b44876a217f383c03b3186d65add	EDNA1	6
3d94b44876a217f383c03b3186d65add	EDNA2	1
3d94b44876a217f383c03b3186d65add	EDNA25	4
3d94b44876a217f383c03b3186d65add	EDNA16	1
3d94b44876a217f383c03b3186d65add	EDNA3	1
5b2b8a2c72505b6bd0b9798277cd3ecf	EDNA12	1
5b2b8a2c72505b6bd0b9798277cd3ecf	EDNA31	3
5b2b8a2c72505b6bd0b9798277cd3ecf	EDNA33	1
5b2b8a2c72505b6bd0b9798277cd3ecf	EDNA1	2
5b2b8a2c72505b6bd0b9798277cd3ecf	EDNA15	1
5b2b8a2c72505b6bd0b9798277cd3ecf	EDNA3	4
5b2b8a2c72505b6bd0b9798277cd3ecf	EDNA18	2
45ce20b137b7c53bc0d0c468b8774839	MB11	7
45ce20b137b7c53bc0d0c468b8774839	EDNA13	3
45ce20b137b7c53bc0d0c468b8774839	EDNA61	1
45ce20b137b7c53bc0d0c468b8774839	EDNA34	2
45ce20b137b7c53bc0d0c468b8774839	EDNA16	1
7c909a27a32ca0a4c7f2ae6967878898	EDNA40	1
7c909a27a32ca0a4c7f2ae6967878898	EDNA45	1
7c909a27a32ca0a4c7f2ae6967878898	EDNA18	9
7c909a27a32ca0a4c7f2ae6967878898	EDNA46	3
0f713c3c84d52807512d5a562de3e039	MB2	3
0f713c3c84d52807512d5a562de3e039	EDNA18	2
0f713c3c84d52807512d5a562de3e039	EDNA9	9
81d503c0fe9acc90d63f9053cd9eb7ac	EDNA40	9
81d503c0fe9acc90d63f9053cd9eb7ac	EDNA24	1
81d503c0fe9acc90d63f9053cd9eb7ac	EDNA1	2
81d503c0fe9acc90d63f9053cd9eb7ac	EDNA27	2
81464d51c27f62d6476220774c15d655	EDNA22	1
81464d51c27f62d6476220774c15d655	MB13	3
81464d51c27f62d6476220774c15d655	EDNA43	10
f66f58d0eb6adbc5fcaff82214febae8	EDNA23	1
f66f58d0eb6adbc5fcaff82214febae8	EDNA24	2
f66f58d0eb6adbc5fcaff82214febae8	EDNA43	3
f66f58d0eb6adbc5fcaff82214febae8	EDNA27	3
f66f58d0eb6adbc5fcaff82214febae8	EDNA47	5
2c6de3b26948ceb65a2743fbed95bf5c	EDNA24	2
2c6de3b26948ceb65a2743fbed95bf5c	EDNA43	6
2c6de3b26948ceb65a2743fbed95bf5c	EDNA44	2
2c6de3b26948ceb65a2743fbed95bf5c	EDNA91	4
4d0ede069f30fbfd2c4c8c03ad6e8fb6	MB20	2
4d0ede069f30fbfd2c4c8c03ad6e8fb6	EDNA3	4
4d0ede069f30fbfd2c4c8c03ad6e8fb6	MB2	6
4d0ede069f30fbfd2c4c8c03ad6e8fb6	EDNA27	2
191eef3a4e4eda738affbc97d16ca7ac	EDNA32	1
191eef3a4e4eda738affbc97d16ca7ac	EDNA42	8
191eef3a4e4eda738affbc97d16ca7ac	EDNA45	3
191eef3a4e4eda738affbc97d16ca7ac	EDNA36	2
6d1b9811f29c2b68b99fff3e048b4c7f	EDNA33	5
6d1b9811f29c2b68b99fff3e048b4c7f	EDNA70	1
6d1b9811f29c2b68b99fff3e048b4c7f	EDNA65	8
15126f8824cc92fd5c990c633892087a	MB11	1
15126f8824cc92fd5c990c633892087a	EDNA45	9
15126f8824cc92fd5c990c633892087a	MB4	4
aeb331efeeff8b5f85038ef0b9a21d6f	EDNA69	5
aeb331efeeff8b5f85038ef0b9a21d6f	EDNA67	9
fa54ed61e585c060b88fad70c07328c7	EDNA70	6
fa54ed61e585c060b88fad70c07328c7	EDNA82	4
fa54ed61e585c060b88fad70c07328c7	EDNA84	4
aa82cfd6a75756a9097f9961d94551b0	EDNA82	10
aa82cfd6a75756a9097f9961d94551b0	EDNA83	2
aa82cfd6a75756a9097f9961d94551b0	EDNA84	2
3b4769e23f9ca05ea162a73e30610d58	EDNA91	7
3b4769e23f9ca05ea162a73e30610d58	MB6	7
deeace1c31b57cb3f3efbb27a788ad56	EDNA11	3
deeace1c31b57cb3f3efbb27a788ad56	EDNA12	7
deeace1c31b57cb3f3efbb27a788ad56	EDNA14	3
90432aadd2a34122096296fe03055eee	EDNA11	1
90432aadd2a34122096296fe03055eee	MB13	1
90432aadd2a34122096296fe03055eee	EDNA42	1
90432aadd2a34122096296fe03055eee	MB15	2
90432aadd2a34122096296fe03055eee	EDNA18	7
90432aadd2a34122096296fe03055eee	EDNA7	1
8b5edc027b62dd2e8fa169f6fef3d35a	EDNA11	1
8b5edc027b62dd2e8fa169f6fef3d35a	EDNA13	1
8b5edc027b62dd2e8fa169f6fef3d35a	EDNA3	8
8b5edc027b62dd2e8fa169f6fef3d35a	EDNA8	1
8b5edc027b62dd2e8fa169f6fef3d35a	EDNA9	2
71343988e73a55ffb3b7eec969299ebd	EDNA12	4
71343988e73a55ffb3b7eec969299ebd	EDNA22	6
71343988e73a55ffb3b7eec969299ebd	EDNA54	3
573794354a57c6741e75c98db022bde2	EDNA13	3
573794354a57c6741e75c98db022bde2	EDNA42	2
573794354a57c6741e75c98db022bde2	EDNA1	4
573794354a57c6741e75c98db022bde2	EDNA2	2
573794354a57c6741e75c98db022bde2	EDNA63	2
447281e835b4c559359a6e792bdb8d37	EDNA22	2
447281e835b4c559359a6e792bdb8d37	EDNA24	2
447281e835b4c559359a6e792bdb8d37	EDNA2	2
447281e835b4c559359a6e792bdb8d37	MB2	2
447281e835b4c559359a6e792bdb8d37	EDNA63	1
447281e835b4c559359a6e792bdb8d37	MB6	1
447281e835b4c559359a6e792bdb8d37	EDNA8	3
6c62d2bb003c2f5b65cb25372c969a2d	EDNA33	2
6c62d2bb003c2f5b65cb25372c969a2d	EDNA24	5
6c62d2bb003c2f5b65cb25372c969a2d	EDNA46	6
35937dcbabd00e238081a332fdda1539	EDNA33	2
35937dcbabd00e238081a332fdda1539	EDNA2	3
35937dcbabd00e238081a332fdda1539	EDNA25	2
35937dcbabd00e238081a332fdda1539	EDNA63	1
35937dcbabd00e238081a332fdda1539	EDNA95	5
6b9d52578c93ac0057fa8f6ee3963c73	EDNA33	4
6b9d52578c93ac0057fa8f6ee3963c73	EDNA36	9
a1ce8d5b87d8bea0f9ba61ff2a9b759f	EDNA43	1
a1ce8d5b87d8bea0f9ba61ff2a9b759f	EDNA44	3
a1ce8d5b87d8bea0f9ba61ff2a9b759f	EDNA45	2
a1ce8d5b87d8bea0f9ba61ff2a9b759f	EDNA86	7
1279b40a57cbfe2e50b2355923a3b8f9	MB13	2
1279b40a57cbfe2e50b2355923a3b8f9	EDNA44	11
663ef5c903b1fdbeaac80df9946f8e2c	EDNA70	2
663ef5c903b1fdbeaac80df9946f8e2c	EDNA71	4
663ef5c903b1fdbeaac80df9946f8e2c	EDNA67	2
663ef5c903b1fdbeaac80df9946f8e2c	EDNA68	5
4b5e3f1b1f8a108ed09532de25c1cbd4	EDNA69	7
4b5e3f1b1f8a108ed09532de25c1cbd4	EDNA73	6
aa6cc6d54974d9002e9b828e0db4983e	EDNA96	2
aa6cc6d54974d9002e9b828e0db4983e	EDNA69	3
aa6cc6d54974d9002e9b828e0db4983e	EDNA74	8
b2d3a912331005d1fde52d2b1d1f0a78	EDNA82	6
b2d3a912331005d1fde52d2b1d1f0a78	MB19	1
b2d3a912331005d1fde52d2b1d1f0a78	EDNA74	2
b2d3a912331005d1fde52d2b1d1f0a78	EDNA84	4
237b95db16eb4e07b576ef6ba21e2b22	EDNA79	2
237b95db16eb4e07b576ef6ba21e2b22	EDNA80	5
237b95db16eb4e07b576ef6ba21e2b22	MB19	3
237b95db16eb4e07b576ef6ba21e2b22	EDNA83	2
237b95db16eb4e07b576ef6ba21e2b22	EDNA75	1
57be1edab9840324252a526a0704ab01	EDNA81	8
57be1edab9840324252a526a0704ab01	MB4	3
57be1edab9840324252a526a0704ab01	EDNA94	2
91159760883a8a6041eeb35ffa34749c	EDNA82	5
91159760883a8a6041eeb35ffa34749c	EDNA92	1
91159760883a8a6041eeb35ffa34749c	EDNA83	3
91159760883a8a6041eeb35ffa34749c	EDNA84	4
5fb6070c738b3d05aa52663959ac9e05	EDNA11	5
5fb6070c738b3d05aa52663959ac9e05	EDNA13	3
5fb6070c738b3d05aa52663959ac9e05	EDNA2	4
4288032ab14b132acaf5f237104f4077	EDNA11	4
4288032ab14b132acaf5f237104f4077	EDNA97	4
4288032ab14b132acaf5f237104f4077	EDNA34	4
e9a12dc446ad5141de829449c456ae31	EDNA13	5
e9a12dc446ad5141de829449c456ae31	EDNA24	7
18978e37a3604cd68d5ec92bb65c1b4a	MB8	1
18978e37a3604cd68d5ec92bb65c1b4a	EDNA14	3
18978e37a3604cd68d5ec92bb65c1b4a	EDNA2	1
18978e37a3604cd68d5ec92bb65c1b4a	EDNA7	7
a768d840eed48793f3b5e6ff69e499d8	EDNA1	5
a768d840eed48793f3b5e6ff69e499d8	EDNA15	2
a768d840eed48793f3b5e6ff69e499d8	EDNA3	5
ab6a745f8654341217db099c36bdfee5	EDNA31	7
ab6a745f8654341217db099c36bdfee5	EDNA22	2
ab6a745f8654341217db099c36bdfee5	MB6	3
0a183a83648523ff47bebd4c90132e1d	EDNA79	4
0a183a83648523ff47bebd4c90132e1d	EDNA62	1
0a183a83648523ff47bebd4c90132e1d	EDNA27	7
622340e41ce29e2229dc0c9a1c5f77c6	EDNA33	9
622340e41ce29e2229dc0c9a1c5f77c6	EDNA43	3
8cfa86bb3f925c7dd9941a049a96e02a	EDNA96	1
8cfa86bb3f925c7dd9941a049a96e02a	EDNA40	3
8cfa86bb3f925c7dd9941a049a96e02a	MB13	3
8cfa86bb3f925c7dd9941a049a96e02a	EDNA43	3
8cfa86bb3f925c7dd9941a049a96e02a	EDNA75	2
8ffbaf356b6e37c952138a9757ee1273	EDNA44	10
8ffbaf356b6e37c952138a9757ee1273	EDNA45	2
39915da7545768b90681971f03ed2203	MB13	7
39915da7545768b90681971f03ed2203	EDNA55	5
ebed8afdfa36cf8981cf13529bdc7868	EDNA69	5
ebed8afdfa36cf8981cf13529bdc7868	EDNA71	7
76979fd8552b5606758fdc4fa0689ef3	EDNA7	5
76979fd8552b5606758fdc4fa0689ef3	EDNA8	7
3053ee5b0e42145d3481b52e63dbd06e	EDNA81	9
3053ee5b0e42145d3481b52e63dbd06e	EDNA85	3
eac7af70db4ef6570a6e2e4c5e063a94	EDNA94	7
eac7af70db4ef6570a6e2e4c5e063a94	EDNA95	5
8bcf5ea4ff661200b1743ef21d25d719	EDNA93	3
8bcf5ea4ff661200b1743ef21d25d719	EDNA10	8
aad2602e6f39ea7e5d76b4ec346d17a7	EDNA14	3
aad2602e6f39ea7e5d76b4ec346d17a7	EDNA24	2
aad2602e6f39ea7e5d76b4ec346d17a7	EDNA15	2
aad2602e6f39ea7e5d76b4ec346d17a7	EDNA80	1
aad2602e6f39ea7e5d76b4ec346d17a7	EDNA81	2
aad2602e6f39ea7e5d76b4ec346d17a7	EDNA86	1
01d889845c3751fcac060b860f0a3ea6	EDNA31	2
01d889845c3751fcac060b860f0a3ea6	EDNA25	1
01d889845c3751fcac060b860f0a3ea6	EDNA16	4
01d889845c3751fcac060b860f0a3ea6	EDNA17	2
01d889845c3751fcac060b860f0a3ea6	EDNA18	2
fb98cc3fa971a02b4113b734b76b13aa	EDNA3	6
fb98cc3fa971a02b4113b734b76b13aa	EDNA17	3
fb98cc3fa971a02b4113b734b76b13aa	EDNA18	2
21e486e5b0390082e16f41592cd6db47	EDNA62	3
21e486e5b0390082e16f41592cd6db47	EDNA17	3
21e486e5b0390082e16f41592cd6db47	EDNA63	5
60bb34a6bfc35b5cf324464a87cb0bf7	EDNA1	2
60bb34a6bfc35b5cf324464a87cb0bf7	EDNA54	1
60bb34a6bfc35b5cf324464a87cb0bf7	EDNA7	5
60bb34a6bfc35b5cf324464a87cb0bf7	EDNA9	3
189acd6593f62f6b0558885314654d7c	EDNA22	7
189acd6593f62f6b0558885314654d7c	EDNA48	4
c1f7020ba9b5b4ff0b9cb5cdf64c3909	EDNA22	1
c1f7020ba9b5b4ff0b9cb5cdf64c3909	EDNA42	4
c1f7020ba9b5b4ff0b9cb5cdf64c3909	EDNA34	4
c1f7020ba9b5b4ff0b9cb5cdf64c3909	EDNA95	2
12b1ac39ab7bf1c0b8a53484db288084	EDNA23	2
12b1ac39ab7bf1c0b8a53484db288084	EDNA25	2
12b1ac39ab7bf1c0b8a53484db288084	EDNA27	2
12b1ac39ab7bf1c0b8a53484db288084	EDNA92	2
12b1ac39ab7bf1c0b8a53484db288084	EDNA95	3
37cb6ec6556daa854838b0bd1b7e3a62	EDNA24	2
37cb6ec6556daa854838b0bd1b7e3a62	EDNA62	1
37cb6ec6556daa854838b0bd1b7e3a62	EDNA45	4
37cb6ec6556daa854838b0bd1b7e3a62	EDNA56	3
37cb6ec6556daa854838b0bd1b7e3a62	EDNA58	1
085eaaa24fd696ab88bed0cfa8ad5893	EDNA2	6
085eaaa24fd696ab88bed0cfa8ad5893	MB1	5
fe6595fe0dad0bdd46f4019c30468503	EDNA41	3
fe6595fe0dad0bdd46f4019c30468503	EDNA84	8
896ff0c197bcc4efc7262c65eb8a4f7e	MB13	1
896ff0c197bcc4efc7262c65eb8a4f7e	EDNA44	5
896ff0c197bcc4efc7262c65eb8a4f7e	EDNA45	5
aeb80ef13bfd59f3715089c509c5cc15	MB13	4
aeb80ef13bfd59f3715089c509c5cc15	EDNA45	7
4c0154fbe56504a6a801a6ea62520c67	EDNA45	4
4c0154fbe56504a6a801a6ea62520c67	EDNA57	1
4c0154fbe56504a6a801a6ea62520c67	EDNA9	5
4c0154fbe56504a6a801a6ea62520c67	EDNA59	1
42aab41a64f1667488aaaf9b2161a697	EDNA54	2
42aab41a64f1667488aaaf9b2161a697	EDNA73	7
42aab41a64f1667488aaaf9b2161a697	EDNA75	2
71f2333b1f18544d711a8963ab2c38eb	EDNA74	4
71f2333b1f18544d711a8963ab2c38eb	EDNA75	3
71f2333b1f18544d711a8963ab2c38eb	EDNA85	2
71f2333b1f18544d711a8963ab2c38eb	EDNA68	2
874493066be11a1f4978695cff5371d2	EDNA71	3
874493066be11a1f4978695cff5371d2	EDNA82	3
874493066be11a1f4978695cff5371d2	EDNA74	3
874493066be11a1f4978695cff5371d2	EDNA75	2
59792e146378620aece696a5f9b7992e	EDNA80	2
59792e146378620aece696a5f9b7992e	EDNA81	3
59792e146378620aece696a5f9b7992e	EDNA74	5
59792e146378620aece696a5f9b7992e	EDNA93	1
ff5cba1f7d01ac6a162c92ffd0a9c7c1	EDNA31	5
ff5cba1f7d01ac6a162c92ffd0a9c7c1	EDNA10	5
a18c8dc6888ba5c50d1b2792b0a37a35	EDNA15	3
a18c8dc6888ba5c50d1b2792b0a37a35	EDNA18	7
3ed7bc59b25e03c942e23f0598f6b1c2	EDNA96	1
3ed7bc59b25e03c942e23f0598f6b1c2	EDNA32	5
3ed7bc59b25e03c942e23f0598f6b1c2	EDNA15	3
3ed7bc59b25e03c942e23f0598f6b1c2	MB6	1
98badbfbab4695e9795b3a9e2da3d5e8	EDNA97	3
98badbfbab4695e9795b3a9e2da3d5e8	EDNA60	4
98badbfbab4695e9795b3a9e2da3d5e8	EDNA16	2
98badbfbab4695e9795b3a9e2da3d5e8	EDNA55	1
7a8766670e9714d583bfa6eecca6e53c	MB11	1
7a8766670e9714d583bfa6eecca6e53c	EDNA31	2
7a8766670e9714d583bfa6eecca6e53c	EDNA43	3
7a8766670e9714d583bfa6eecca6e53c	EDNA16	1
7a8766670e9714d583bfa6eecca6e53c	EDNA54	1
7a8766670e9714d583bfa6eecca6e53c	EDNA27	2
5204b2c36a5db7633734cb8637fd1e78	EDNA33	2
5204b2c36a5db7633734cb8637fd1e78	EDNA17	1
5204b2c36a5db7633734cb8637fd1e78	EDNA18	3
5204b2c36a5db7633734cb8637fd1e78	EDNA7	4
b4fccd1323c0f34959b1b765272b9310	EDNA31	5
b4fccd1323c0f34959b1b765272b9310	EDNA32	3
b4fccd1323c0f34959b1b765272b9310	EDNA33	2
178498da6e20725a5df35a7cd2276201	EDNA33	4
178498da6e20725a5df35a7cd2276201	EDNA70	3
178498da6e20725a5df35a7cd2276201	EDNA85	3
1b432fd0d09bfbc49c4f66ecc3602e80	MB11	3
1b432fd0d09bfbc49c4f66ecc3602e80	EDNA35	4
1b432fd0d09bfbc49c4f66ecc3602e80	MB2	1
1b432fd0d09bfbc49c4f66ecc3602e80	EDNA9	2
b7190ea962c47b4feb6ac0a500423bdd	EDNA41	4
b7190ea962c47b4feb6ac0a500423bdd	EDNA70	2
b7190ea962c47b4feb6ac0a500423bdd	EDNA46	2
b7190ea962c47b4feb6ac0a500423bdd	EDNA95	2
0e7cca80d9715a3c317242710b7f56fb	EDNA43	7
0e7cca80d9715a3c317242710b7f56fb	EDNA91	3
f47f394166b6224e35b04ca73ac42206	EDNA43	5
f47f394166b6224e35b04ca73ac42206	EDNA54	3
f47f394166b6224e35b04ca73ac42206	EDNA58	2
77d301b0bea493d25e89960e536fe2cf	EDNA43	2
77d301b0bea493d25e89960e536fe2cf	EDNA45	3
77d301b0bea493d25e89960e536fe2cf	EDNA46	5
7ddc1104d66161ed1249d2b0912dcb43	EDNA63	2
7ddc1104d66161ed1249d2b0912dcb43	EDNA45	4
7ddc1104d66161ed1249d2b0912dcb43	EDNA94	4
22695c18621ba6bf2d7a0b6cd007ee89	EDNA45	3
22695c18621ba6bf2d7a0b6cd007ee89	EDNA46	7
f16af4603c04b422a80207b321215aa2	EDNA54	1
f16af4603c04b422a80207b321215aa2	EDNA73	7
f16af4603c04b422a80207b321215aa2	EDNA48	2
9caf915f73b0f92fe43f799bd08edd89	MB13	2
9caf915f73b0f92fe43f799bd08edd89	EDNA60	3
9caf915f73b0f92fe43f799bd08edd89	EDNA52	2
9caf915f73b0f92fe43f799bd08edd89	EDNA58	3
dbeb519d2e1c47ed664f0a13f3b30c2d	EDNA54	6
dbeb519d2e1c47ed664f0a13f3b30c2d	MB18	4
44815570646574e4dbc67455faf28fc9	EDNA87	3
44815570646574e4dbc67455faf28fc9	EDNA80	2
44815570646574e4dbc67455faf28fc9	EDNA84	3
44815570646574e4dbc67455faf28fc9	EDNA57	2
1fba7dcfe1649f0524229ab93cbbb100	EDNA69	4
1fba7dcfe1649f0524229ab93cbbb100	EDNA67	5
1fba7dcfe1649f0524229ab93cbbb100	EDNA68	1
de6efd5d5f9a0d768d5fdcb2564baafd	EDNA69	4
de6efd5d5f9a0d768d5fdcb2564baafd	EDNA68	6
aa85f3ffb31b5cfea7b1b44109d4bad0	EDNA69	7
aa85f3ffb31b5cfea7b1b44109d4bad0	EDNA68	3
68e6aea727ad0d3fa453ff418e0aba18	EDNA69	4
68e6aea727ad0d3fa453ff418e0aba18	EDNA75	6
dd1a7d0612fac9f6c746807c1093e33c	EDNA70	2
dd1a7d0612fac9f6c746807c1093e33c	EDNA71	8
62fef89225a60fa853cffb898be4feeb	EDNA96	1
62fef89225a60fa853cffb898be4feeb	EDNA97	1
62fef89225a60fa853cffb898be4feeb	EDNA73	3
62fef89225a60fa853cffb898be4feeb	EDNA74	2
62fef89225a60fa853cffb898be4feeb	EDNA85	3
cd0e4c5d3e176c39f99e74aa2c7a2ec9	EDNA92	4
cd0e4c5d3e176c39f99e74aa2c7a2ec9	EDNA93	5
cd0e4c5d3e176c39f99e74aa2c7a2ec9	EDNA86	1
a454fcb1f36421c7034a165a86f7d4b0	EDNA91	6
a454fcb1f36421c7034a165a86f7d4b0	EDNA93	4
99f8c9d0989e87e58411323cb3d60a2a	EDNA61	3
99f8c9d0989e87e58411323cb3d60a2a	EDNA43	2
99f8c9d0989e87e58411323cb3d60a2a	EDNA93	2
99f8c9d0989e87e58411323cb3d60a2a	EDNA10	2
d4fb4eec58f4176cac436509ee5c658b	EDNA11	1
d4fb4eec58f4176cac436509ee5c658b	EDNA33	1
d4fb4eec58f4176cac436509ee5c658b	EDNA17	2
d4fb4eec58f4176cac436509ee5c658b	EDNA18	3
d4fb4eec58f4176cac436509ee5c658b	EDNA7	2
bf835a23e2e566ee216d2bdb4c81c037	EDNA40	2
bf835a23e2e566ee216d2bdb4c81c037	EDNA31	1
bf835a23e2e566ee216d2bdb4c81c037	EDNA22	1
bf835a23e2e566ee216d2bdb4c81c037	EDNA16	2
bf835a23e2e566ee216d2bdb4c81c037	EDNA62	2
bf835a23e2e566ee216d2bdb4c81c037	EDNA73	1
05a106674590d98a0387d30212b97071	EDNA1	6
05a106674590d98a0387d30212b97071	EDNA18	1
05a106674590d98a0387d30212b97071	EDNA91	2
ff3543dd76f6989d1a3139a49815df5c	EDNA22	2
ff3543dd76f6989d1a3139a49815df5c	EDNA24	1
ff3543dd76f6989d1a3139a49815df5c	EDNA25	6
6ffe2571fea80733b8ceb3ff0d4e88b8	EDNA97	4
6ffe2571fea80733b8ceb3ff0d4e88b8	EDNA24	2
6ffe2571fea80733b8ceb3ff0d4e88b8	MB4	3
ab5fa2c7697d01c4c79fda3610078836	EDNA53	1
ab5fa2c7697d01c4c79fda3610078836	EDNA26	4
ab5fa2c7697d01c4c79fda3610078836	EDNA95	4
c8b03438e81a7c67d8f2b0cc1c7fe5ef	EDNA43	5
c8b03438e81a7c67d8f2b0cc1c7fe5ef	EDNA44	3
c8b03438e81a7c67d8f2b0cc1c7fe5ef	EDNA45	1
c3e69ff5a43047e032ea1503ed732f9f	EDNA43	5
c3e69ff5a43047e032ea1503ed732f9f	EDNA81	3
c3e69ff5a43047e032ea1503ed732f9f	EDNA56	1
2cfccd6becd0b8b11ef27904ab4d2082	EDNA44	3
2cfccd6becd0b8b11ef27904ab4d2082	EDNA8	6
0d758727a9aa7cb3d289c36f175b8624	EDNA63	2
0d758727a9aa7cb3d289c36f175b8624	EDNA48	7
e25a6612495bfed7e0f4d1a5f7777ade	MB13	3
e25a6612495bfed7e0f4d1a5f7777ade	EDNA61	1
e25a6612495bfed7e0f4d1a5f7777ade	EDNA57	2
e25a6612495bfed7e0f4d1a5f7777ade	EDNA48	3
7fe12d8c47bb9ce22fa3e032afa630fb	EDNA69	1
7fe12d8c47bb9ce22fa3e032afa630fb	EDNA67	3
7fe12d8c47bb9ce22fa3e032afa630fb	EDNA68	5
fe177c289a0097c5b53a15f51c352296	EDNA67	2
fe177c289a0097c5b53a15f51c352296	EDNA68	7
f5a1d96ad5f10784701910e32088a51d	EDNA80	3
f5a1d96ad5f10784701910e32088a51d	EDNA83	2
f5a1d96ad5f10784701910e32088a51d	EDNA84	4
34124c9eb36eae3df2fd70745697e5d3	EDNA11	2
34124c9eb36eae3df2fd70745697e5d3	EDNA75	5
34124c9eb36eae3df2fd70745697e5d3	EDNA59	1
dcb02ae26d94cfa76cf002525411f63c	EDNA13	5
dcb02ae26d94cfa76cf002525411f63c	EDNA84	3
b5281d6c9f03059b79c575af099ff011	EDNA16	2
b5281d6c9f03059b79c575af099ff011	EDNA3	6
1cc4778b03fc7fc2c55c56cae4ae7294	EDNA87	1
1cc4778b03fc7fc2c55c56cae4ae7294	EDNA17	3
1cc4778b03fc7fc2c55c56cae4ae7294	EDNA8	4
9a4e92a40cc61108af351cea815ecd2b	EDNA41	4
9a4e92a40cc61108af351cea815ecd2b	EDNA18	4
805c732b39213275ce18eb830074ece4	EDNA44	4
805c732b39213275ce18eb830074ece4	EDNA18	4
4d92b40e298cf2b6f5af6f4ba4ca27e9	EDNA18	2
4d92b40e298cf2b6f5af6f4ba4ca27e9	EDNA46	3
4d92b40e298cf2b6f5af6f4ba4ca27e9	EDNA47	2
4d92b40e298cf2b6f5af6f4ba4ca27e9	MB6	1
5ad6629268d9e5e00a07d508ae7aa3aa	EDNA24	1
5ad6629268d9e5e00a07d508ae7aa3aa	EDNA25	5
5ad6629268d9e5e00a07d508ae7aa3aa	EDNA26	2
cac9ba198b3479fc8b38630af5f03d2a	EDNA35	6
cac9ba198b3479fc8b38630af5f03d2a	EDNA9	2
e49462883ce2bb9f5848e8c49c075478	EDNA40	1
e49462883ce2bb9f5848e8c49c075478	EDNA42	5
e49462883ce2bb9f5848e8c49c075478	EDNA46	2
27971d5381059cb2a07b4ab751e22705	EDNA41	2
27971d5381059cb2a07b4ab751e22705	EDNA81	6
e89f37e9df2b39e3b59b1ffaa146585f	MB13	3
e89f37e9df2b39e3b59b1ffaa146585f	EDNA45	2
e89f37e9df2b39e3b59b1ffaa146585f	EDNA84	3
97ee59f0933d56b9539b876bff06ee52	EDNA98	4
97ee59f0933d56b9539b876bff06ee52	EDNA99	2
97ee59f0933d56b9539b876bff06ee52	EDNA60	2
b70adce85ae6e88867302dca58700ab0	EDNA99	2
b70adce85ae6e88867302dca58700ab0	EDNA63	2
b70adce85ae6e88867302dca58700ab0	EDNA83	2
b70adce85ae6e88867302dca58700ab0	EDNA7	2
72edafd1bc7dee17221f1794aa3cd415	EDNA69	3
72edafd1bc7dee17221f1794aa3cd415	EDNA68	5
16473df98672027692a7098712c73606	EDNA83	6
16473df98672027692a7098712c73606	EDNA84	2
e5340f9f165186036c7121e1aca4d61b	EDNA91	2
e5340f9f165186036c7121e1aca4d61b	EDNA93	3
e5340f9f165186036c7121e1aca4d61b	EDNA85	3
e123e71719e70cd4a6460692dc3fe17c	EDNA12	3
e123e71719e70cd4a6460692dc3fe17c	EDNA14	4
7b63b84e8fe8fcd73cc6a265b9633ab9	EDNA14	2
7b63b84e8fe8fcd73cc6a265b9633ab9	EDNA24	1
7b63b84e8fe8fcd73cc6a265b9633ab9	EDNA45	4
e41381f0fc4b6a31dc158bc0c782f994	EDNA16	2
e41381f0fc4b6a31dc158bc0c782f994	EDNA3	2
e41381f0fc4b6a31dc158bc0c782f994	EDNA18	3
cc437a8c4867f952da4beb3a5031e56f	EDNA99	2
cc437a8c4867f952da4beb3a5031e56f	EDNA24	5
51a5034f99bfbc91eddbca48ccc1310c	EDNA43	2
51a5034f99bfbc91eddbca48ccc1310c	EDNA25	3
51a5034f99bfbc91eddbca48ccc1310c	EDNA44	1
51a5034f99bfbc91eddbca48ccc1310c	EDNA45	1
e63946e21c5369d0c97d1e599ab96bac	EDNA26	2
e63946e21c5369d0c97d1e599ab96bac	MB2	1
e63946e21c5369d0c97d1e599ab96bac	EDNA7	2
e63946e21c5369d0c97d1e599ab96bac	EDNA9	2
e70437762ed28180907d58b8c0db8899	EDNA33	3
e70437762ed28180907d58b8c0db8899	EDNA9	4
0a644609614c3c7b85b0208cdc7ca920	EDNA42	4
0a644609614c3c7b85b0208cdc7ca920	EDNA44	3
feebd4037e962bd0ffdf40ce41280ffe	EDNA43	3
feebd4037e962bd0ffdf40ce41280ffe	EDNA45	4
c6789b27addb3b546b08c678122adecf	EDNA87	2
c6789b27addb3b546b08c678122adecf	EDNA44	3
c6789b27addb3b546b08c678122adecf	EDNA55	2
4e9bd064286f13fa067b1caae8e8cfdd	EDNA80	4
4e9bd064286f13fa067b1caae8e8cfdd	EDNA44	2
4e9bd064286f13fa067b1caae8e8cfdd	EDNA82	1
03f49b2afd79c9f5cf51c9ba00735358	EDNA61	4
03f49b2afd79c9f5cf51c9ba00735358	EDNA94	3
33e1d47dad6a37af4cea0f02ce79740d	MB21	1
33e1d47dad6a37af4cea0f02ce79740d	EDNA83	3
33e1d47dad6a37af4cea0f02ce79740d	EDNA84	2
33e1d47dad6a37af4cea0f02ce79740d	EDNA67	1
39d074dd767643236e9266befd83d6af	EDNA79	3
39d074dd767643236e9266befd83d6af	EDNA83	3
39d074dd767643236e9266befd83d6af	EDNA93	1
fc86a9facca18e70a276408e53df7de8	EDNA81	3
fc86a9facca18e70a276408e53df7de8	EDNA92	4
3dd2ebb5fb7b2fd6c1420f2a6e258093	MB2	3
3dd2ebb5fb7b2fd6c1420f2a6e258093	MB6	1
3dd2ebb5fb7b2fd6c1420f2a6e258093	EDNA10	2
e0b7669ae13204d118a67cf9c35e3396	EDNA11	3
e0b7669ae13204d118a67cf9c35e3396	EDNA16	3
6b0f2b023ea04c75302bc14d84bd7a09	EDNA12	3
6b0f2b023ea04c75302bc14d84bd7a09	EDNA32	1
6b0f2b023ea04c75302bc14d84bd7a09	MB6	2
e7dd402e16c7370380074755623cac2f	EDNA31	4
e7dd402e16c7370380074755623cac2f	EDNA14	2
3adbc42595fe6fe5c9be4b8e188126bb	EDNA24	3
3adbc42595fe6fe5c9be4b8e188126bb	EDNA8	3
2e119b45661c0921bcfb765ae63eb53b	EDNA24	1
2e119b45661c0921bcfb765ae63eb53b	EDNA3	2
2e119b45661c0921bcfb765ae63eb53b	EDNA95	3
ec52f931fe7f0f178793573cbe9082d0	MB9	2
ec52f931fe7f0f178793573cbe9082d0	EDNA31	4
9125a20d63e6ac46ce0b274b2286ffc9	EDNA31	2
9125a20d63e6ac46ce0b274b2286ffc9	EDNA44	3
9125a20d63e6ac46ce0b274b2286ffc9	EDNA7	1
e9142a204d4e91a74869772a15cade6d	EDNA3	3
e9142a204d4e91a74869772a15cade6d	EDNA63	3
7684ec76298fbae53cc54da480bee23f	EDNA69	3
7684ec76298fbae53cc54da480bee23f	EDNA68	3
27107149295e129fdb53b9efd010fa97	EDNA69	2
27107149295e129fdb53b9efd010fa97	EDNA75	4
c18b7c9aafe794ca8d401e346919e0d3	EDNA70	2
c18b7c9aafe794ca8d401e346919e0d3	EDNA80	3
c18b7c9aafe794ca8d401e346919e0d3	EDNA75	1
e97c1451918eb39ec9fe2d282ef7378f	EDNA97	3
e97c1451918eb39ec9fe2d282ef7378f	EDNA99	3
ca4db261495d8f7c6194743a1be7226f	EDNA15	2
ca4db261495d8f7c6194743a1be7226f	EDNA16	2
ca4db261495d8f7c6194743a1be7226f	EDNA18	1
217a9ef338ffea0507b0ab7d5c177e26	EDNA2	2
217a9ef338ffea0507b0ab7d5c177e26	EDNA16	3
0e68db2a33d61d06fccf73720e782233	EDNA61	1
0e68db2a33d61d06fccf73720e782233	EDNA35	2
0e68db2a33d61d06fccf73720e782233	EDNA45	2
df73daa98d189ec6df915928b5d7c1c9	EDNA43	2
df73daa98d189ec6df915928b5d7c1c9	EDNA45	3
fcbbb325414a37de1e2a99a275c7161a	EDNA69	2
fcbbb325414a37de1e2a99a275c7161a	EDNA68	3
f6acfd1d8bda3f19c66eec08ce2440b7	EDNA69	1
f6acfd1d8bda3f19c66eec08ce2440b7	EDNA71	2
f6acfd1d8bda3f19c66eec08ce2440b7	EDNA75	2
f0afc97d6095e242a765b5c2161a8146	EDNA98	2
f0afc97d6095e242a765b5c2161a8146	EDNA93	3
ac03c9430289811c8e0596318dc01474	MB25	2
ac03c9430289811c8e0596318dc01474	MB2	3
052332f0170fd833a8d2dcea8b15330c	MB9	2
052332f0170fd833a8d2dcea8b15330c	EDNA62	2
c0f88cc7346326dcd28a84cf121dcb88	EDNA97	2
c0f88cc7346326dcd28a84cf121dcb88	MB2	2
